url,gameName,sport,gameType,playable,complete,dataDriven,dailyOrEvergreen,mobileTested,saveTested,majorBugs,deadButtons,missingFunctionality,placeholderContent,duplicateContent,dataProblems,consoleErrors,policyConcerns,indexabilityConcerns
"https://douknowball.com/audit-missing-page-847","404: Shot went wide","","site/reference/utility","Not applicable to utility/reference/redirect route","Page functionality not fully established","not classified","not established","320x844 live initial render; completion not established","Not applicable unless page offers account/session state; authenticated behavior untested","[{""id"":""QA847-04"",""severity"":""P2"",""title"":""Skip link has no destination"",""evidence"":""shared.json""}]","[]","[]","[]","[]","[]","[""404 Error: User attempted to access non-existent route: /audit-missing-page-847""]","[]","[""Excluded/utility route; Google indexing unverified""]"
"https://douknowball.com/","DoUKnowBall","","site/reference/utility","Not applicable to utility/reference/redirect route","Page functionality not fully established","not classified","not established","320x844 live initial render; completion not established","Not applicable unless page offers account/session state; authenticated behavior untested","[{""id"":""QA847-05"",""severity"":""P2"",""title"":""Account dialog loses opener focus"",""evidence"":""shared.json""},{""id"":""QA847-06"",""severity"":""P2"",""title"":""Signup copy contradicts guest scoring"",""evidence"":""shared.json""}]","[]","[]","[]","[]","[]","[""Failed to load resource: net::ERR_FAILED""]","[]","[""No technical blocker found in measured raw/mounted metadata; actual Google indexing unverified""]"
"https://douknowball.com/about","About DoUKnowBall","","site/reference/utility","Not applicable to utility/reference/redirect route","Page functionality not fully established","not classified","not established","320x844 live initial render; completion not established","Not applicable unless page offers account/session state; authenticated behavior untested","[]","[]","[]","[]","[]","[]","[]","[]","[""No technical blocker found in measured raw/mounted metadata; actual Google indexing unverified""]"
"https://douknowball.com/accessibility","Accessibility","","site/reference/utility","Not applicable to utility/reference/redirect route","Page functionality not fully established","not classified","not established","320x844 live initial render; completion not established","Not applicable unless page offers account/session state; authenticated behavior untested","[{""id"":""QA847-13"",""severity"":""P2"",""title"":""Untimed-play statement omits solo timed mode"",""evidence"":""accessibility-time-claim.json""}]","[]","[]","[]","[]","[]","[]","[]","[""No technical blocker found in measured raw/mounted metadata; actual Google indexing unverified""]"
"https://douknowball.com/admin/login","","","site/reference/utility","Not applicable to utility/reference/redirect route","Page functionality not fully established","not classified","not established","not tested","Not applicable unless page offers account/session state; authenticated behavior untested","[]","[]","[]","[]","[]","[]","[]","[]","[]"
"https://douknowball.com/admin/reports","","","site/reference/utility","Not applicable to utility/reference/redirect route","Page functionality not fully established","not classified","not established","not tested","Not applicable unless page offers account/session state; authenticated behavior untested","[]","[]","[]","[]","[]","[]","[]","[]","[]"
"https://douknowball.com/afl-higher-lower","AFL Higher or Lower","Aussie Rules","trivia comparison","live ten-round Daily completed","normal loop verified; corrupt-save recovery defect open","stored sports statistics, factual accuracy audited separately","Daily plus Unlimited/Hard verified","320px live native ten-round Daily, corrupt restore, refresh and mode interactions","immediate mid/final reveal refresh; mode preservation; malformed save and deletion recovery","[{""id"":""QA847-02"",""severity"":""P2"",""title"":""Stale Daily tab overwrites progress"",""evidence"":""daily-save.json""},{""id"":""QA847-03"",""severity"":""P2"",""title"":""Malformed Daily guess log crashes the game"",""evidence"":""hl-family.json""}]","[]","[]","[]","[]","[]","[]","[""No policy verdict from initial render; product/data issues and filled-ad checks require review""]","[""No technical blocker found in measured raw/mounted metadata; actual Google indexing unverified""]"
"https://douknowball.com/alphabet-sprint","Alphabet Sprint","Soccer","puzzle/trivia/arcade","not tested","not established","not classified","not established","320x844 live initial render; completion not established","not tested","[]","[]","[]","[]","[]","[]","[]","[""No policy verdict from initial render; product/data issues and filled-ad checks require review""]","[""No technical blocker found in measured raw/mounted metadata; actual Google indexing unverified""]"
"https://douknowball.com/aussie-rules-manager","Aussie Rules Manager","Aussie Rules","sports simulation","not tested","not established","not classified","not established","320x844 live initial render; completion not established","not tested","[]","[]","[]","[]","[]","[]","[]","[""No policy verdict from initial render; product/data issues and filled-ad checks require review""]","[""No technical blocker found in measured raw/mounted metadata; actual Google indexing unverified""]"
"https://douknowball.com/ball-iq","Ball Knowledge IQ","World & Olympic Games","puzzle/trivia/arcade","not tested","not established","not classified","daily offered per registry","320x844 live initial render; completion not established","not tested","[{""id"":""QA847-04"",""severity"":""P2"",""title"":""Skip link has no destination"",""evidence"":""shared.json""}]","[]","[]","[]","[]","[]","[]","[""No policy verdict from initial render; product/data issues and filled-ad checks require review""]","[""No technical blocker found in measured raw/mounted metadata; actual Google indexing unverified""]"
"https://douknowball.com/baseball","⚾ MLB Baseball Games","","site/reference/utility","Not applicable to utility/reference/redirect route","Page functionality not fully established","not classified","not established","320x844 live initial render; completion not established","Not applicable unless page offers account/session state; authenticated behavior untested","[]","[]","[]","[]","[]","[]","[]","[]","[""No technical blocker found in measured raw/mounted metadata; actual Google indexing unverified""]"
"https://douknowball.com/baseball-career","MLB Career Path","Baseball","career-history player guessing","not tested","not established","not classified","daily offered per registry","320x844 live initial render; completion not established","not tested","[]","[]","[]","[]","[]","[]","[]","[""No policy verdict from initial render; product/data issues and filled-ad checks require review""]","[""No technical blocker found in measured raw/mounted metadata; actual Google indexing unverified""]"
"https://douknowball.com/baseball-connections","MLB Connections","Baseball","puzzle/trivia/arcade","not tested","not established","not classified","daily offered per registry","320x844 live initial render; completion not established","not tested","[]","[]","[]","[]","[]","[]","[]","[""No policy verdict from initial render; product/data issues and filled-ad checks require review""]","[""No technical blocker found in measured raw/mounted metadata; actual Google indexing unverified""]"
"https://douknowball.com/budget-builder","$1B Budget Builder","Soccer","puzzle/trivia/arcade","not tested","not established","not classified","not established","320x844 live initial render; completion not established","not tested","[{""id"":""QA847-04"",""severity"":""P2"",""title"":""Skip link has no destination"",""evidence"":""shared.json""}]","[]","[]","[]","[]","[]","[]","[""No policy verdict from initial render; product/data issues and filled-ad checks require review""]","[""No technical blocker found in measured raw/mounted metadata; actual Google indexing unverified""]"
"https://douknowball.com/build-your-xi","Build Your XI","Soccer","puzzle/trivia/arcade","not tested","not established","not classified","not established","320x844 live initial render; completion not established","not tested","[]","[]","[]","[]","[]","[]","[]","[""No policy verdict from initial render; product/data issues and filled-ad checks require review""]","[""No technical blocker found in measured raw/mounted metadata; actual Google indexing unverified""]"
"https://douknowball.com/buzzer-beater","Buzzer Beater","Pro Basketball","puzzle/trivia/arcade","not tested","not established","not classified","daily offered per registry","320x844 live initial render; completion not established","not tested","[{""id"":""QA847-04"",""severity"":""P2"",""title"":""Skip link has no destination"",""evidence"":""shared.json""}]","[]","[]","[]","[]","[]","[]","[""No policy verdict from initial render; product/data issues and filled-ad checks require review""]","[""No technical blocker found in measured raw/mounted metadata; actual Google indexing unverified""]"
"https://douknowball.com/career","Career Quiz","Soccer","career-history player guessing","not tested","not established","not classified","not established","320x844 live initial render; completion not established","not tested","[]","[]","[]","[]","[]","[]","[]","[""No policy verdict from initial render; product/data issues and filled-ad checks require review""]","[""No technical blocker found in measured raw/mounted metadata; actual Google indexing unverified""]"
"https://douknowball.com/career-ladder","Career Ladder","Soccer","career-history player guessing","not tested","not established","not classified","not established","320x844 live initial render; completion not established","not tested","[]","[]","[]","[]","[]","[]","[]","[""No policy verdict from initial render; product/data issues and filled-ad checks require review""]","[""No technical blocker found in measured raw/mounted metadata; actual Google indexing unverified""]"
"https://douknowball.com/cbb-dynasty","CBB Dynasty","College Sports","sports simulation","not tested","not established","not classified","not established","320x844 live initial render; completion not established","not tested","[]","[]","[]","[]","[]","[]","[]","[""No policy verdict from initial render; product/data issues and filled-ad checks require review""]","[""No technical blocker found in measured raw/mounted metadata; actual Google indexing unverified""]"
"https://douknowball.com/cbb-grid","College Basketball Grid","College Sports","puzzle/trivia/arcade","not tested","not established","not classified","daily offered per registry","320x844 live initial render; completion not established","not tested","[]","[]","[]","[]","[]","[]","[]","[""No policy verdict from initial render; product/data issues and filled-ad checks require review""]","[""No technical blocker found in measured raw/mounted metadata; actual Google indexing unverified""]"
"https://douknowball.com/cbb-grid/archive","COLLEGE BASKETBALL GRID ANSWERS: PAST DAILY BOARDS","","site/reference/utility","Not applicable to utility/reference/redirect route","Page functionality not fully established","not classified","not established","320x844 live initial render; completion not established","Not applicable unless page offers account/session state; authenticated behavior untested","[]","[]","[]","[]","[]","[]","[]","[]","[""No technical blocker found in measured raw/mounted metadata; actual Google indexing unverified""]"
"https://douknowball.com/cfb-dynasty","CFB Dynasty","College Sports","sports simulation","not tested","not established","not classified","not established","320x844 live initial render; completion not established","not tested","[]","[]","[]","[]","[]","[]","[]","[""No policy verdict from initial render; product/data issues and filled-ad checks require review""]","[""No technical blocker found in measured raw/mounted metadata; actual Google indexing unverified""]"
"https://douknowball.com/cfb-higher-lower","CFB Higher or Lower","College Sports","trivia comparison","live ten-round Daily completed","normal loop verified; corrupt-save recovery defect open","stored sports statistics, factual accuracy audited separately","Daily plus Unlimited/Hard verified","320px live native ten-round Daily, corrupt restore, refresh and mode interactions","immediate mid/final reveal refresh; mode preservation; malformed save and deletion recovery","[{""id"":""QA847-03"",""severity"":""P2"",""title"":""Malformed Daily guess log crashes the game"",""evidence"":""hl-family.json""}]","[]","[]","[]","[]","[{""id"":""DQ04"",""priority"":""P2"",""classification"":""source disagreement, not automatic correction"",""dataset"":""src/data/cfbHLPlayers.ts:41 and public.cfb_qb_stats"",""boundary"":""Visible numeric discrepancy. No existing pair ordering inversion demonstrated."",""evidence"":""data.json""},{""id"":""DQ05"",""priority"":""P2"",""classification"":""documented provenance gaps, not newly proven false numbers"",""dataset"":""Soccer and CFB Higher or Lower plus five NFL categories"",""boundary"":""Soccer club appearances/goals are explicitly unverified and caps coverage is partial. All65CFB file rows now match a current database record by name, years and yardage, but that is the same publisher and not independent verification. The legacy32-of65comment is stale. The existing HL facts fence covers the NFL60TD-scored pool, not the other160category entries."",""evidence"":""data.json""}]","[]","[""No policy verdict from initial render; product/data issues and filled-ad checks require review""]","[""No technical blocker found in measured raw/mounted metadata; actual Google indexing unverified""]"
"https://douknowball.com/champ-or-not","Champ or Not","World & Olympic Games","puzzle/trivia/arcade","not tested","not established","not classified","daily offered per registry","320x844 live initial render; completion not established","not tested","[]","[]","[]","[]","[]","[]","[]","[""No policy verdict from initial render; product/data issues and filled-ad checks require review""]","[""No technical blocker found in measured raw/mounted metadata; actual Google indexing unverified""]"
"https://douknowball.com/champions-league-format-history","Champions League format history","","site/reference/utility","Not applicable to utility/reference/redirect route","Page functionality not fully established","not classified","not established","320x844 live initial render; completion not established","Not applicable unless page offers account/session state; authenticated behavior untested","[]","[]","[]","[]","[]","[]","[]","[]","[""No technical blocker found in measured raw/mounted metadata; actual Google indexing unverified""]"
"https://douknowball.com/club-manager","Club Manager","Soccer","sports simulation","Native Brentford season1, league38fixtures, season review and season2 hub; calendar fast-forward for most fixtures","One season and two separate transfers played; all systems and second full season not established","Real team/player seed data where implemented; ratings, future results, salaries and generated people are simulation","Evergreen local simulation","390px native contract/calendar/transfer flow","Settled season2 Resume byte-held; invalid JSON/null/empty object return to picker; earlier serialization differences unresolved","[]","[]","[]","[]","[]","[]","[]","[""No policy verdict from initial render; product/data issues and filled-ad checks require review""]","[""No technical blocker found in measured raw/mounted metadata; actual Google indexing unverified""]"
"https://douknowball.com/clue-auction","Clue Auction","Soccer","puzzle/trivia/arcade","not tested","not established","not classified","not established","320x844 live initial render; completion not established","not tested","[]","[]","[]","[]","[]","[]","[]","[""No policy verdict from initial render; product/data issues and filled-ad checks require review""]","[""No technical blocker found in measured raw/mounted metadata; actual Google indexing unverified""]"
"https://douknowball.com/college","🎓 College Football and Basketball Games","","site/reference/utility","Not applicable to utility/reference/redirect route","Page functionality not fully established","not classified","not established","320x844 live initial render; completion not established","Not applicable unless page offers account/session state; authenticated behavior untested","[]","[]","[]","[]","[]","[]","[]","[]","[""No technical blocker found in measured raw/mounted metadata; actual Google indexing unverified""]"
"https://douknowball.com/college-grid","College Grid","College Sports","puzzle/trivia/arcade","not tested","not established","not classified","daily offered per registry","320x844 live initial render; completion not established","not tested","[]","[]","[]","[]","[]","[]","[]","[""No policy verdict from initial render; product/data issues and filled-ad checks require review""]","[""No technical blocker found in measured raw/mounted metadata; actual Google indexing unverified""]"
"https://douknowball.com/connections","Soccer Connections","Soccer","puzzle/trivia/arcade","not tested","not established","not classified","not established","320x844 live initial render; completion not established","not tested","[]","[]","[]","[]","[]","[]","[]","[""No policy verdict from initial render; product/data issues and filled-ad checks require review""]","[""No technical blocker found in measured raw/mounted metadata; actual Google indexing unverified""]"
"https://douknowball.com/conquest","NFL Conquest","Pro Football","puzzle/trivia/arcade","not tested","not established","not classified","daily offered per registry","320x844 live initial render; completion not established","not tested","[]","[]","[]","[]","[]","[]","[]","[""No policy verdict from initial render; product/data issues and filled-ad checks require review""]","[""No technical blocker found in measured raw/mounted metadata; actual Google indexing unverified""]"
"https://douknowball.com/conquest-mlb","MLB Conquest","Baseball","puzzle/trivia/arcade","not tested","not established","not classified","daily offered per registry","320x844 live initial render; completion not established","not tested","[]","[]","[]","[]","[]","[]","[]","[""No policy verdict from initial render; product/data issues and filled-ad checks require review""]","[""No technical blocker found in measured raw/mounted metadata; actual Google indexing unverified""]"
"https://douknowball.com/conquest-nba","NBA Conquest","Pro Basketball","puzzle/trivia/arcade","not tested","not established","not classified","daily offered per registry","320x844 live initial render; completion not established","not tested","[]","[]","[]","[]","[]","[]","[]","[""No policy verdict from initial render; product/data issues and filled-ad checks require review""]","[""No technical blocker found in measured raw/mounted metadata; actual Google indexing unverified""]"
"https://douknowball.com/conquest-nhl","NHL Conquest","Hockey","puzzle/trivia/arcade","not tested","not established","not classified","daily offered per registry","320x844 live initial render; completion not established","not tested","[]","[]","[]","[]","[]","[]","[]","[""No policy verdict from initial render; product/data issues and filled-ad checks require review""]","[""No technical blocker found in measured raw/mounted metadata; actual Google indexing unverified""]"
"https://douknowball.com/contact","Contact","","site/reference/utility","Not applicable to utility/reference/redirect route","Page functionality not fully established","not classified","not established","320x844 live initial render; completion not established","Not applicable unless page offers account/session state; authenticated behavior untested","[]","[]","[]","[]","[]","[]","[]","[]","[""No technical blocker found in measured raw/mounted metadata; actual Google indexing unverified""]"
"https://douknowball.com/contract-chaos","Contract Chaos","Soccer","puzzle/trivia/arcade","not tested","not established","not classified","daily offered per registry","320x844 live initial render; completion not established","not tested","[]","[]","[]","[]","[]","[]","[]","[""No policy verdict from initial render; product/data issues and filled-ad checks require review""]","[""No technical blocker found in measured raw/mounted metadata; actual Google indexing unverified""]"
"https://douknowball.com/dart-draft","Dart Draft","Soccer","puzzle/trivia/arcade","not tested","not established","not classified","not established","320x844 live initial render; completion not established","not tested","[]","[]","[]","[]","[]","[]","[]","[""No policy verdict from initial render; product/data issues and filled-ad checks require review""]","[""No technical blocker found in measured raw/mounted metadata; actual Google indexing unverified""]"
"https://douknowball.com/deadline-day","Deadline Day","Soccer","puzzle/trivia/arcade","not tested","not established","not classified","daily offered per registry","320x844 live initial render; completion not established","not tested","[]","[]","[]","[]","[]","[]","[]","[""No policy verdict from initial render; product/data issues and filled-ad checks require review""]","[""No technical blocker found in measured raw/mounted metadata; actual Google indexing unverified""]"
"https://douknowball.com/deal-or-no-deal","","","site/reference/utility","Not applicable to utility/reference/redirect route","Page functionality not fully established","not classified","not established","not tested","Not applicable unless page offers account/session state; authenticated behavior untested","[]","[]","[]","[]","[]","[]","[]","[]","[]"
"https://douknowball.com/emoji-guess","Emoji Guess","World & Olympic Games","puzzle/trivia/arcade","not tested","not established","not classified","daily offered per registry","320x844 live initial render; completion not established","not tested","[{""id"":""QA847-04"",""severity"":""P2"",""title"":""Skip link has no destination"",""evidence"":""shared.json""}]","[]","[]","[]","[]","[]","[]","[""No policy verdict from initial render; product/data issues and filled-ad checks require review""]","[""No technical blocker found in measured raw/mounted metadata; actual Google indexing unverified""]"
"https://douknowball.com/f1-constructor","Guess The Constructor","Formula 1","puzzle/trivia/arcade","not tested","not established","not classified","daily offered per registry","320x844 live initial render; completion not established","not tested","[{""id"":""QA847-04"",""severity"":""P2"",""title"":""Skip link has no destination"",""evidence"":""shared.json""}]","[]","[]","[]","[]","[]","[]","[""No policy verdict from initial render; product/data issues and filled-ad checks require review""]","[""No technical blocker found in measured raw/mounted metadata; actual Google indexing unverified""]"
"https://douknowball.com/f1-driver","Guess The F1 Driver","Formula 1","puzzle/trivia/arcade","not tested","not established","not classified","daily offered per registry","320x844 live initial render; completion not established","not tested","[{""id"":""QA847-04"",""severity"":""P2"",""title"":""Skip link has no destination"",""evidence"":""shared.json""}]","[]","[]","[]","[]","[]","[]","[""No policy verdict from initial render; product/data issues and filled-ad checks require review""]","[""No technical blocker found in measured raw/mounted metadata; actual Google indexing unverified""]"
"https://douknowball.com/f1-higher-lower","F1 Higher or Lower","Formula 1","trivia comparison","live ten-round Daily completed","normal loop verified; corrupt-save recovery defect open","stored sports statistics, factual accuracy audited separately","Daily plus Unlimited/Hard verified","320px live native ten-round Daily, corrupt restore, refresh and mode interactions","immediate mid/final reveal refresh; mode preservation; malformed save and deletion recovery","[{""id"":""QA847-03"",""severity"":""P2"",""title"":""Malformed Daily guess log crashes the game"",""evidence"":""hl-family.json""}]","[]","[]","[]","[]","[{""id"":""DQ07"",""priority"":""P3"",""classification"":""incomplete displayed career metadata, list completeness is unspecified"",""dataset"":""hockeyHLPlayers.teams and f1HLDrivers.constructors"",""boundary"":""Bare card team lists omit confirmed career teams. Neither field explicitly says the list is complete, so this is a metadata clarification finding, not a proven wrong performance total. Renault/Alpine naming needs a declared lineage convention."",""evidence"":""data.json""}]","[]","[""No policy verdict from initial render; product/data issues and filled-ad checks require review""]","[""No technical blocker found in measured raw/mounted metadata; actual Google indexing unverified""]"
"https://douknowball.com/face-off","Face Off","World & Olympic Games","puzzle/trivia/arcade","not tested","not established","not classified","daily offered per registry","320x844 live initial render; completion not established","not tested","[]","[]","[]","[]","[]","[{""id"":""DQ05"",""priority"":""P2"",""classification"":""documented provenance gaps, not newly proven false numbers"",""dataset"":""Soccer and CFB Higher or Lower plus five NFL categories"",""boundary"":""Three soccer categories consume the same numbers."",""evidence"":""data.json""}]","[]","[""No policy verdict from initial render; product/data issues and filled-ad checks require review""]","[""No technical blocker found in measured raw/mounted metadata; actual Google indexing unverified""]"
"https://douknowball.com/fantasy-draft","Fantasy Draft","Soccer","puzzle/trivia/arcade","not tested","not established","not classified","not established","320x844 live initial render; completion not established","not tested","[]","[]","[]","[]","[]","[]","[""Failed to load resource: net::ERR_FAILED""]","[""No policy verdict from initial render; product/data issues and filled-ad checks require review""]","[""No technical blocker found in measured raw/mounted metadata; actual Google indexing unverified""]"
"https://douknowball.com/fight-career","Fight Career","Combat Sports","sports simulation","not tested","not established","not classified","not established","320x844 live initial render; completion not established","not tested","[]","[]","[]","[]","[]","[]","[]","[""No policy verdict from initial render; product/data issues and filled-ad checks require review""]","[""No technical blocker found in measured raw/mounted metadata; actual Google indexing unverified""]"
"https://douknowball.com/fight-gym","Fight Gym","Combat Sports","sports simulation","not tested","not established","not classified","not established","320x844 live initial render; completion not established","not tested","[]","[]","[]","[]","[]","[]","[]","[""No policy verdict from initial render; product/data issues and filled-ad checks require review""]","[""No technical blocker found in measured raw/mounted metadata; actual Google indexing unverified""]"
"https://douknowball.com/fight-promoter","Fight Promoter","Combat Sports","sports simulation","not tested","not established","not classified","not established","320x844 live initial render; completion not established","not tested","[]","[]","[]","[]","[]","[]","[]","[""No policy verdict from initial render; product/data issues and filled-ad checks require review""]","[""No technical blocker found in measured raw/mounted metadata; actual Google indexing unverified""]"
"https://douknowball.com/football-connect-4","Soccer Connect 4","Soccer","puzzle/trivia/arcade","not tested","not established","not classified","not established","320x844 live initial render; completion not established","not tested","[]","[]","[]","[]","[]","[]","[]","[""No policy verdict from initial render; product/data issues and filled-ad checks require review""]","[""No technical blocker found in measured raw/mounted metadata; actual Google indexing unverified""]"
"https://douknowball.com/football-draft","","","site/reference/utility","Not applicable to utility/reference/redirect route","Page functionality not fully established","not classified","not established","not tested","Not applicable unless page offers account/session state; authenticated behavior untested","[]","[]","[]","[]","[]","[]","[]","[]","[]"
"https://douknowball.com/football-grid","NFL Grid","Pro Football","puzzle/trivia/arcade","not tested","not established","not classified","daily offered per registry","320x844 live initial render; completion not established","not tested","[]","[]","[]","[]","[]","[]","[]","[""No policy verdict from initial render; product/data issues and filled-ad checks require review""]","[""No technical blocker found in measured raw/mounted metadata; actual Google indexing unverified""]"
"https://douknowball.com/football-timeline","","","site/reference/utility","Not applicable to utility/reference/redirect route","Page functionality not fully established","not classified","not established","not tested","Not applicable unless page offers account/session state; authenticated behavior untested","[]","[]","[]","[]","[]","[]","[]","[]","[]"
"https://douknowball.com/footle","Footle","Soccer","puzzle/trivia/arcade","Daily and Unlimited eight distinct valid guesses to losses;17 native valid selections across modes and desktop give-up/restart","Losing/restart/persistence flows played; result-currency and initial help-focus defects open; winning path not tested","Stored soccer market/career facts; actual valuations not externally reverified","Daily and Unlimited played","390px native Daily/Unlimited; desktop help/input/give-up flow","Daily two-guess and completed-state reload/return held; Unlimited reset preserves Daily; Unlimited persistence not promised","[{""id"":""QA847-07"",""severity"":""P3"",""title"":""Help traps keyboard away from visible cookie choices"",""evidence"":""shared.json""},{""id"":""QA847-12"",""severity"":""P2"",""title"":""Result relabels stored USD values as EUR"",""evidence"":""footle-audit.json""}]","[]","[]","[]","[]","[]","[]","[""No policy verdict from initial render; product/data issues and filled-ad checks require review""]","[""No technical blocker found in measured raw/mounted metadata; actual Google indexing unverified""]"
"https://douknowball.com/free-kick","Free Kick","Soccer","puzzle/trivia/arcade","not tested","not established","not classified","daily offered per registry","320x844 live initial render; completion not established","not tested","[{""id"":""QA847-04"",""severity"":""P2"",""title"":""Skip link has no destination"",""evidence"":""shared.json""}]","[]","[]","[]","[]","[]","[]","[""No policy verdict from initial render; product/data issues and filled-ad checks require review""]","[""No technical blocker found in measured raw/mounted metadata; actual Google indexing unverified""]"
"https://douknowball.com/front-office","NFL Front Office","Pro Football","sports simulation","Two native17-week seasons, playoffs, six total draft picks and2027 hub","Normal season loop played; structured-save recovery defect open; all systems not established","Real team/player seed data where implemented; ratings, future results, salaries and generated people are simulation","Evergreen local simulation","320px native flow and1440px reduced-motion flow","Initial/recap/2027 reloads, held/double actions and deliberate structured corruption","[{""id"":""QA847-11"",""severity"":""P2"",""title"":""Malformed nested saves repeat crash recovery"",""evidence"":""current-live-save-replay.json""}]","[]","[]","[]","[]","[]","[]","[""No policy verdict from initial render; product/data issues and filled-ad checks require review""]","[""No technical blocker found in measured raw/mounted metadata; actual Google indexing unverified""]"
"https://douknowball.com/gauntlet-draft","Gauntlet Draft: Soccer","Soccer","puzzle/trivia/arcade","not tested","not established","not classified","daily offered per registry","320x844 live initial render; completion not established","not tested","[]","[]","[]","[]","[]","[]","[]","[""No policy verdict from initial render; product/data issues and filled-ad checks require review""]","[""No technical blocker found in measured raw/mounted metadata; actual Google indexing unverified""]"
"https://douknowball.com/golf-higher-lower","Golf Higher or Lower","Golf","trivia comparison","live ten-round Daily completed","normal loop verified; corrupt-save recovery defect open","stored sports statistics, factual accuracy audited separately","Daily plus Unlimited/Hard verified","320px live native ten-round Daily, corrupt restore, refresh and mode interactions","immediate mid/final reveal refresh; mode preservation; malformed save and deletion recovery","[{""id"":""QA847-03"",""severity"":""P2"",""title"":""Malformed Daily guess log crashes the game"",""evidence"":""hl-family.json""}]","[]","[]","[]","[]","[]","[]","[""No policy verdict from initial render; product/data issues and filled-ad checks require review""]","[""No technical blocker found in measured raw/mounted metadata; actual Google indexing unverified""]"
"https://douknowball.com/grade-transfer","","","site/reference/utility","Not applicable to utility/reference/redirect route","Page functionality not fully established","not classified","not established","not tested","Not applicable unless page offers account/session state; authenticated behavior untested","[]","[]","[]","[]","[]","[]","[]","[]","[]"
"https://douknowball.com/guess-cbb-team","Guess The CBB Program","College Sports","puzzle/trivia/arcade","not tested","not established","not classified","daily offered per registry","320x844 live initial render; completion not established","not tested","[{""id"":""QA847-04"",""severity"":""P2"",""title"":""Skip link has no destination"",""evidence"":""shared.json""}]","[]","[]","[]","[]","[]","[]","[""No policy verdict from initial render; product/data issues and filled-ad checks require review""]","[""No technical blocker found in measured raw/mounted metadata; actual Google indexing unverified""]"
"https://douknowball.com/guess-nascar-driver","Guess The Driver","NASCAR","puzzle/trivia/arcade","not tested","not established","not classified","daily offered per registry","320x844 live initial render; completion not established","not tested","[{""id"":""QA847-04"",""severity"":""P2"",""title"":""Skip link has no destination"",""evidence"":""shared.json""}]","[]","[]","[]","[]","[]","[]","[""No policy verdict from initial render; product/data issues and filled-ad checks require review""]","[""No technical blocker found in measured raw/mounted metadata; actual Google indexing unverified""]"
"https://douknowball.com/guess-nfl-team","","","site/reference/utility","Not applicable to utility/reference/redirect route","Page functionality not fully established","not classified","not established","not tested","Not applicable unless page offers account/session state; authenticated behavior untested","[]","[]","[]","[]","[]","[]","[]","[]","[]"
"https://douknowball.com/guess-soccer-club","","","site/reference/utility","Not applicable to utility/reference/redirect route","Page functionality not fully established","not classified","not established","not tested","Not applicable unless page offers account/session state; authenticated behavior untested","[]","[]","[]","[]","[]","[]","[]","[]","[]"
"https://douknowball.com/guess-tennis-player","Guess The Player","Tennis","puzzle/trivia/arcade","not tested","not established","not classified","daily offered per registry","320x844 live initial render; completion not established","not tested","[{""id"":""QA847-04"",""severity"":""P2"",""title"":""Skip link has no destination"",""evidence"":""shared.json""}]","[]","[]","[]","[]","[]","[]","[""No policy verdict from initial render; product/data issues and filled-ad checks require review""]","[""No technical blocker found in measured raw/mounted metadata; actual Google indexing unverified""]"
"https://douknowball.com/guess-the-college","Guess The College","College Sports","puzzle/trivia/arcade","not tested","not established","not classified","daily offered per registry","320x844 live initial render; completion not established","not tested","[]","[]","[]","[]","[]","[]","[]","[""No policy verdict from initial render; product/data issues and filled-ad checks require review""]","[""No technical blocker found in measured raw/mounted metadata; actual Google indexing unverified""]"
"https://douknowball.com/guess-the-golfer","Guess The Golfer","Golf","puzzle/trivia/arcade","not tested","not established","not classified","daily offered per registry","320x844 live initial render; completion not established","not tested","[]","[]","[]","[]","[]","[]","[]","[""No policy verdict from initial render; product/data issues and filled-ad checks require review""]","[""No technical blocker found in measured raw/mounted metadata; actual Google indexing unverified""]"
"https://douknowball.com/guess-the-nation","Guess The Nation","World & Olympic Games","puzzle/trivia/arcade","not tested","not established","not classified","daily offered per registry","320x844 live initial render; completion not established","not tested","[{""id"":""QA847-04"",""severity"":""P2"",""title"":""Skip link has no destination"",""evidence"":""shared.json""}]","[]","[]","[]","[]","[]","[]","[""No policy verdict from initial render; product/data issues and filled-ad checks require review""]","[""No technical blocker found in measured raw/mounted metadata; actual Google indexing unverified""]"
"https://douknowball.com/guess-the-year","Guess The Year","World & Olympic Games","puzzle/trivia/arcade","not tested","not established","not classified","daily offered per registry","320x844 live initial render; completion not established","not tested","[]","[]","[]","[]","[]","[]","[]","[""No policy verdict from initial render; product/data issues and filled-ad checks require review""]","[""No technical blocker found in measured raw/mounted metadata; actual Google indexing unverified""]"
"https://douknowball.com/guess-transfer-value","","","site/reference/utility","Not applicable to utility/reference/redirect route","Page functionality not fully established","not classified","not established","not tested","Not applicable unless page offers account/session state; authenticated behavior untested","[]","[]","[]","[]","[]","[]","[]","[]","[]"
"https://douknowball.com/hall-of-champions","Hall of Champions","World & Olympic Games","puzzle/trivia/arcade","not tested","not established","not classified","not established","320x844 live initial render; completion not established","not tested","[]","[]","[]","[]","[]","[]","[]","[""No policy verdict from initial render; product/data issues and filled-ad checks require review""]","[""No technical blocker found in measured raw/mounted metadata; actual Google indexing unverified""]"
"https://douknowball.com/higher-lower","Soccer Higher or Lower","Soccer","trivia comparison streak","live answer, give-up and restart tested","restart defect open","stored sports statistics, factual accuracy audited separately","evergreen streak","320px and1280px live native answer, give-up and restart; four delayed-callback cases","session restart tested; persistence not promised","[{""id"":""QA847-01"",""severity"":""P1"",""title"":""Abandoned answer changes a fresh game"",""evidence"":""soccer-timer.json""}]","[]","[]","[]","[]","[{""id"":""DQ05"",""priority"":""P2"",""classification"":""documented provenance gaps, not newly proven false numbers"",""dataset"":""Soccer and CFB Higher or Lower plus five NFL categories"",""boundary"":""Soccer club appearances/goals are explicitly unverified and caps coverage is partial. All65CFB file rows now match a current database record by name, years and yardage, but that is the same publisher and not independent verification. The legacy32-of65comment is stale. The existing HL facts fence covers the NFL60TD-scored pool, not the other160category entries."",""evidence"":""data.json""}]","[]","[""No policy verdict from initial render; product/data issues and filled-ad checks require review""]","[""No technical blocker found in measured raw/mounted metadata; actual Google indexing unverified""]"
"https://douknowball.com/higher-lower-transfers","","","site/reference/utility","Not applicable to utility/reference/redirect route","Page functionality not fully established","not classified","not established","not tested","Not applicable unless page offers account/session state; authenticated behavior untested","[]","[]","[]","[]","[]","[]","[]","[]","[]"
"https://douknowball.com/hockey","🏒 NHL Hockey Games","","site/reference/utility","Not applicable to utility/reference/redirect route","Page functionality not fully established","not classified","not established","320x844 live initial render; completion not established","Not applicable unless page offers account/session state; authenticated behavior untested","[]","[]","[]","[]","[]","[]","[]","[]","[""No technical blocker found in measured raw/mounted metadata; actual Google indexing unverified""]"
"https://douknowball.com/hockey-career","NHL Career Path","Hockey","career-history player guessing","not tested","not established","not classified","daily offered per registry","320x844 live initial render; completion not established","not tested","[]","[]","[]","[]","[]","[]","[]","[""No policy verdict from initial render; product/data issues and filled-ad checks require review""]","[""No technical blocker found in measured raw/mounted metadata; actual Google indexing unverified""]"
"https://douknowball.com/hockey-grid","NHL Franchise Grid","Hockey","puzzle/trivia/arcade","not tested","not established","not classified","daily offered per registry","320x844 live initial render; completion not established","not tested","[]","[]","[]","[]","[]","[{""id"":""DQ01"",""priority"":""P1"",""classification"":""confirmed systemic structural corruption plus two-source factual sample"",""dataset"":""public.nhl_player_stats"",""boundary"":""Full index accepts numeric fields without arithmetic validation. These low-total examples do not meet its 500 points / 300 goals / 1000 GP achievement thresholds, so no changed verdict demonstrated."",""evidence"":""data.json""}]","[]","[""No policy verdict from initial render; product/data issues and filled-ad checks require review""]","[""No technical blocker found in measured raw/mounted metadata; actual Google indexing unverified""]"
"https://douknowball.com/hockey-grid/archive","NHL GRID ANSWERS: PAST DAILY BOARDS","","site/reference/utility","Not applicable to utility/reference/redirect route","Page functionality not fully established","not classified","not established","320x844 live initial render; completion not established","Not applicable unless page offers account/session state; authenticated behavior untested","[]","[]","[]","[]","[]","[]","[]","[]","[""No technical blocker found in measured raw/mounted metadata; actual Google indexing unverified""]"
"https://douknowball.com/hockey-higher-lower","NHL Higher or Lower","Hockey","trivia comparison","live ten-round Daily completed","normal loop verified; corrupt-save recovery defect open","stored sports statistics, factual accuracy audited separately","Daily plus Unlimited/Hard verified","320px live native ten-round Daily, corrupt restore, refresh and mode interactions","immediate mid/final reveal refresh; mode preservation; malformed save and deletion recovery","[{""id"":""QA847-03"",""severity"":""P2"",""title"":""Malformed Daily guess log crashes the game"",""evidence"":""hl-family.json""}]","[]","[]","[]","[]","[{""id"":""DQ03"",""priority"":""P2"",""classification"":""confirmed wrong visible numeric value, already marked unverified"",""dataset"":""src/data/hockeyHLPlayers.ts:32"",""boundary"":""NHL career goalie summary and an independent season-total table agree on27, all assists. The game displays46 and uses it in comparisons. Existing unverified labeling is honest but does not make the numeric value accurate."",""evidence"":""data.json""},{""id"":""DQ03"",""priority"":""P2"",""classification"":""confirmed wrong visible numeric value, already marked unverified"",""dataset"":""src/data/hockeyHLPlayers.ts:32"",""boundary"":""All45 players can be paired. No comparison outcome inversion from46to27 exists in this current pool: other goalie18 and all skaters above400."",""evidence"":""data.json""},{""id"":""DQ07"",""priority"":""P3"",""classification"":""incomplete displayed career metadata, list completeness is unspecified"",""dataset"":""hockeyHLPlayers.teams and f1HLDrivers.constructors"",""boundary"":""Bare card team lists omit confirmed career teams. Neither field explicitly says the list is complete, so this is a metadata clarification finding, not a proven wrong performance total. Renault/Alpine naming needs a declared lineage convention."",""evidence"":""data.json""}]","[]","[""No policy verdict from initial render; product/data issues and filled-ad checks require review""]","[""No technical blocker found in measured raw/mounted metadata; actual Google indexing unverified""]"
"https://douknowball.com/hof-or-bust","Hall of Fame or Bust?","World & Olympic Games","puzzle/trivia/arcade","not tested","not established","not classified","daily offered per registry","320x844 live initial render; completion not established","not tested","[]","[]","[]","[]","[]","[]","[]","[""No policy verdict from initial render; product/data issues and filled-ad checks require review""]","[""No technical blocker found in measured raw/mounted metadata; actual Google indexing unverified""]"
"https://douknowball.com/idle-arena","Idle Arena","World & Olympic Games","puzzle/trivia/arcade","not tested","not established","not classified","not established","320x844 live initial render; completion not established","not tested","[]","[]","[]","[]","[]","[]","[]","[""No policy verdict from initial render; product/data issues and filled-ad checks require review""]","[""No technical blocker found in measured raw/mounted metadata; actual Google indexing unverified""]"
"https://douknowball.com/jeopardy","","","site/reference/utility","Not applicable to utility/reference/redirect route","Page functionality not fully established","not classified","not established","not tested","Not applicable unless page offers account/session state; authenticated behavior untested","[]","[]","[]","[]","[]","[]","[]","[]","[]"
"https://douknowball.com/leaderboard","World Leaderboard","","site/reference/utility","Not applicable to utility/reference/redirect route","Page functionality not fully established","not classified","not established","320x844 live initial render; completion not established","Not applicable unless page offers account/session state; authenticated behavior untested","[]","[]","[]","[]","[]","[]","[]","[]","[""No technical blocker found in measured raw/mounted metadata; actual Google indexing unverified""]"
"https://douknowball.com/list-quiz","Name Them All","World & Olympic Games","puzzle/trivia/arcade","not tested","not established","not classified","not established","320x844 live initial render; completion not established","not tested","[]","[]","[]","[]","[]","[]","[]","[""No policy verdict from initial render; product/data issues and filled-ad checks require review""]","[""No technical blocker found in measured raw/mounted metadata; actual Google indexing unverified""]"
"https://douknowball.com/manager-hot-seat","Manager Hot Seat","Soccer","sports simulation","not tested","not established","not classified","daily offered per registry","320x844 live initial render; completion not established","not tested","[]","[]","[]","[]","[]","[]","[]","[""No policy verdict from initial render; product/data issues and filled-ad checks require review""]","[""No technical blocker found in measured raw/mounted metadata; actual Google indexing unverified""]"
"https://douknowball.com/minefield","Minefield","World & Olympic Games","puzzle/trivia/arcade","not tested","not established","not classified","daily offered per registry","320x844 live initial render; completion not established","not tested","[]","[]","[]","[]","[]","[]","[]","[""No policy verdict from initial render; product/data issues and filled-ad checks require review""]","[""No technical blocker found in measured raw/mounted metadata; actual Google indexing unverified""]"
"https://douknowball.com/missing-eleven","Missing Eleven","Pro Football","puzzle/trivia/arcade","not tested","not established","not classified","daily offered per registry","320x844 live initial render; completion not established","not tested","[]","[]","[]","[]","[]","[]","[]","[""No policy verdict from initial render; product/data issues and filled-ad checks require review""]","[""No technical blocker found in measured raw/mounted metadata; actual Google indexing unverified""]"
"https://douknowball.com/missing-five","Missing Five","Pro Basketball","puzzle/trivia/arcade","not tested","not established","not classified","daily offered per registry","320x844 live initial render; completion not established","not tested","[]","[]","[]","[]","[]","[]","[]","[""No policy verdict from initial render; product/data issues and filled-ad checks require review""]","[""No technical blocker found in measured raw/mounted metadata; actual Google indexing unverified""]"
"https://douknowball.com/missing-nine","Missing Nine","Baseball","puzzle/trivia/arcade","not tested","not established","not classified","daily offered per registry","320x844 live initial render; completion not established","not tested","[]","[]","[]","[]","[]","[]","[]","[""No policy verdict from initial render; product/data issues and filled-ad checks require review""]","[""No technical blocker found in measured raw/mounted metadata; actual Google indexing unverified""]"
"https://douknowball.com/missing-xi","Missing XI","Soccer","puzzle/trivia/arcade","not tested","not established","not classified","daily offered per registry","320x844 live initial render; completion not established","not tested","[]","[]","[]","[]","[]","[]","[]","[""No policy verdict from initial render; product/data issues and filled-ad checks require review""]","[""No technical blocker found in measured raw/mounted metadata; actual Google indexing unverified""]"
"https://douknowball.com/mlb-connect-4","MLB Connect 4","Baseball","puzzle/trivia/arcade","not tested","not established","not classified","not established","320x844 live initial render; completion not established","not tested","[]","[]","[]","[]","[]","[]","[]","[""No policy verdict from initial render; product/data issues and filled-ad checks require review""]","[""No technical blocker found in measured raw/mounted metadata; actual Google indexing unverified""]"
"https://douknowball.com/mlb-front-office","MLB Front Office","Baseball","sports simulation","Native27-round regular season, playoffs, two draft picks and2027 hub","Normal season loop played; fair-schedule defect open; all transaction branches not established","Real team/player seed data where implemented; ratings, future results, salaries and generated people are simulation","Evergreen local simulation","Live native narrow interaction; initial320px render","Refresh byte-held after signing, over-budget refusal, invalid JSON and native restart","[{""id"":""QA847-09"",""severity"":""P1"",""title"":""Unequal game counts with raw-win standings"",""evidence"":""simulation.json""}]","[]","[]","[]","[]","[]","[]","[""No policy verdict from initial render; product/data issues and filled-ad checks require review""]","[""No technical blocker found in measured raw/mounted metadata; actual Google indexing unverified""]"
"https://douknowball.com/mlb-gauntlet-draft","Gauntlet Draft: MLB","Baseball","puzzle/trivia/arcade","not tested","not established","not classified","daily offered per registry","320x844 live initial render; completion not established","not tested","[]","[]","[]","[]","[]","[]","[]","[""No policy verdict from initial render; product/data issues and filled-ad checks require review""]","[""No technical blocker found in measured raw/mounted metadata; actual Google indexing unverified""]"
"https://douknowball.com/mlb-grid","MLB Franchise Grid","Baseball","puzzle/trivia/arcade","not tested","not established","not classified","daily offered per registry","320x844 live initial render; completion not established","not tested","[]","[]","[]","[]","[]","[]","[]","[""No policy verdict from initial render; product/data issues and filled-ad checks require review""]","[""No technical blocker found in measured raw/mounted metadata; actual Google indexing unverified""]"
"https://douknowball.com/mlb-grid/archive","MLB GRID ANSWERS: PAST DAILY BOARDS","","site/reference/utility","Not applicable to utility/reference/redirect route","Page functionality not fully established","not classified","not established","320x844 live initial render; completion not established","Not applicable unless page offers account/session state; authenticated behavior untested","[]","[]","[]","[]","[]","[]","[]","[]","[""No technical blocker found in measured raw/mounted metadata; actual Google indexing unverified""]"
"https://douknowball.com/mlb-higher-lower","MLB Higher or Lower","Baseball","trivia comparison","live ten-round Daily completed","normal loop verified; corrupt-save recovery defect open","stored sports statistics, factual accuracy audited separately","Daily plus Unlimited/Hard verified","320px live native ten-round Daily, corrupt restore, refresh and mode interactions","immediate mid/final reveal refresh; mode preservation; malformed save and deletion recovery","[{""id"":""QA847-03"",""severity"":""P2"",""title"":""Malformed Daily guess log crashes the game"",""evidence"":""hl-family.json""}]","[]","[]","[]","[]","[{""id"":""DQ02"",""priority"":""P1"",""classification"":""confirmed systemic structural corruption plus two-source factual sample"",""dataset"":""public.mlb_batting_stats"",""boundary"":""Baked55-player record compares selected career HR values, not a runtime read of all2,000 rows. None of these161 exact names intersects that pool."",""evidence"":""data.json""}]","[]","[""No policy verdict from initial render; product/data issues and filled-ad checks require review""]","[""No technical blocker found in measured raw/mounted metadata; actual Google indexing unverified""]"
"https://douknowball.com/mlb-my-career","MLB My Career","Baseball","player career and life simulation","Six native seasons (2026,2027,2028,2029,2030,2031) and six offseason decisions, manual retirement and restart","Six-season default-position path verified; natural retirement and all optional systems not established","Generated player, ratings, contracts, events and future results are simulation; real team labels","Evergreen local simulation","390x844 native flow; initial320px render","Second-season and retired refresh/Resume byte-held; New Career clears save; held Enter adds one season","[]","[]","[]","[]","[]","[]","[]","[""No policy verdict from initial render; product/data issues and filled-ad checks require review""]","[""No technical blocker found in measured raw/mounted metadata; actual Google indexing unverified""]"
"https://douknowball.com/mlb-postseason-format-history","MLB postseason format history","","site/reference/utility","Not applicable to utility/reference/redirect route","Page functionality not fully established","not classified","not established","320x844 live initial render; completion not established","Not applicable unless page offers account/session state; authenticated behavior untested","[]","[]","[]","[]","[]","[]","[]","[]","[""No technical blocker found in measured raw/mounted metadata; actual Google indexing unverified""]"
"https://douknowball.com/mystery-box","Mystery Box","World & Olympic Games","puzzle/trivia/arcade","not tested","not established","not classified","daily offered per registry","320x844 live initial render; completion not established","not tested","[{""id"":""QA847-04"",""severity"":""P2"",""title"":""Skip link has no destination"",""evidence"":""shared.json""}]","[]","[]","[]","[]","[]","[]","[""No policy verdict from initial render; product/data issues and filled-ad checks require review""]","[""No technical blocker found in measured raw/mounted metadata; actual Google indexing unverified""]"
"https://douknowball.com/nascar-chain","NASCAR Chain","NASCAR","puzzle/trivia/arcade","not tested","not established","not classified","not established","320x844 live initial render; completion not established","not tested","[{""id"":""QA847-04"",""severity"":""P2"",""title"":""Skip link has no destination"",""evidence"":""shared.json""}]","[]","[]","[]","[]","[]","[]","[""No policy verdict from initial render; product/data issues and filled-ad checks require review""]","[""No technical blocker found in measured raw/mounted metadata; actual Google indexing unverified""]"
"https://douknowball.com/nba-career","NBA Career Path","Pro Basketball","career-history player guessing","not tested","not established","not classified","daily offered per registry","320x844 live initial render; completion not established","not tested","[]","[]","[]","[]","[]","[]","[]","[""No policy verdict from initial render; product/data issues and filled-ad checks require review""]","[""No technical blocker found in measured raw/mounted metadata; actual Google indexing unverified""]"
"https://douknowball.com/nba-chain","NBA Chain","Pro Basketball","puzzle/trivia/arcade","not tested","not established","not classified","not established","320x844 live initial render; completion not established","not tested","[]","[]","[]","[]","[]","[]","[]","[""No policy verdict from initial render; product/data issues and filled-ad checks require review""]","[""No technical blocker found in measured raw/mounted metadata; actual Google indexing unverified""]"
"https://douknowball.com/nba-connect-4","NBA Connect 4","Pro Basketball","puzzle/trivia/arcade","not tested","not established","not classified","not established","320x844 live initial render; completion not established","not tested","[]","[]","[]","[]","[]","[]","[]","[""No policy verdict from initial render; product/data issues and filled-ad checks require review""]","[""No technical blocker found in measured raw/mounted metadata; actual Google indexing unverified""]"
"https://douknowball.com/nba-connections","NBA Connections","Pro Basketball","puzzle/trivia/arcade","not tested","not established","not classified","daily offered per registry","320x844 live initial render; completion not established","not tested","[]","[]","[]","[]","[]","[]","[]","[""No policy verdict from initial render; product/data issues and filled-ad checks require review""]","[""No technical blocker found in measured raw/mounted metadata; actual Google indexing unverified""]"
"https://douknowball.com/nba-front-office","NBA Front Office","Pro Basketball","sports simulation","Two native20-round regular seasons and postseason recaps, one live and one clean local","Normal season loop played; trade-depth and fair-schedule defects open","Real team/player seed data where implemented; ratings, future results, salaries and generated people are simulation","Evergreen local simulation","Live narrow native interaction and clean replay; initial320px render","Midseason refresh, unknown-team save fallback and confirmed franchise restart; two native live draft picks into2027","[{""id"":""QA847-08"",""severity"":""P1"",""title"":""Trade controls omit eligible roster depth"",""evidence"":""simulation.json""},{""id"":""QA847-09"",""severity"":""P1"",""title"":""Unequal game counts with raw-win standings"",""evidence"":""simulation.json""}]","[]","[]","[]","[]","[]","[]","[""No policy verdict from initial render; product/data issues and filled-ad checks require review""]","[""No technical blocker found in measured raw/mounted metadata; actual Google indexing unverified""]"
"https://douknowball.com/nba-gauntlet-draft","Gauntlet Draft: NBA","Pro Basketball","puzzle/trivia/arcade","not tested","not established","not classified","daily offered per registry","320x844 live initial render; completion not established","not tested","[]","[]","[]","[]","[]","[]","[]","[""No policy verdict from initial render; product/data issues and filled-ad checks require review""]","[""No technical blocker found in measured raw/mounted metadata; actual Google indexing unverified""]"
"https://douknowball.com/nba-grid","NBA Franchise Grid","Pro Basketball","puzzle/trivia/arcade","not tested","not established","not classified","daily offered per registry","320x844 live initial render; completion not established","not tested","[]","[]","[]","[]","[]","[]","[]","[""No policy verdict from initial render; product/data issues and filled-ad checks require review""]","[""No technical blocker found in measured raw/mounted metadata; actual Google indexing unverified""]"
"https://douknowball.com/nba-grid/archive","NBA GRID ANSWERS: PAST DAILY BOARDS","","site/reference/utility","Not applicable to utility/reference/redirect route","Page functionality not fully established","not classified","not established","320x844 live initial render; completion not established","Not applicable unless page offers account/session state; authenticated behavior untested","[]","[]","[]","[]","[]","[]","[]","[]","[""No technical blocker found in measured raw/mounted metadata; actual Google indexing unverified""]"
"https://douknowball.com/nba-higher-lower","NBA Higher or Lower","Pro Basketball","trivia comparison","live ten-round Daily completed","normal loop verified; corrupt-save recovery defect open","stored sports statistics, factual accuracy audited separately","Daily plus Unlimited/Hard verified","320px live native ten-round Daily, corrupt restore, refresh and mode interactions","immediate mid/final reveal refresh; mode preservation; malformed save and deletion recovery","[{""id"":""QA847-03"",""severity"":""P2"",""title"":""Malformed Daily guess log crashes the game"",""evidence"":""hl-family.json""}]","[]","[]","[]","[]","[]","[]","[""No policy verdict from initial render; product/data issues and filled-ad checks require review""]","[""No technical blocker found in measured raw/mounted metadata; actual Google indexing unverified""]"
"https://douknowball.com/nba-my-career","NBA My Career","Pro Basketball","player career and life simulation","Six native seasons (2026,2027,2028,2029,2030,2031) and six offseason decisions, manual retirement and restart","Six-season default-position path verified; natural retirement and all optional systems not established","Generated player, ratings, contracts, events and future results are simulation; real team labels","Evergreen local simulation","390x844 native flow; initial320px render","Second-season and retired refresh/Resume byte-held; New Career clears save; held Enter adds one season","[]","[]","[]","[]","[]","[]","[]","[""No policy verdict from initial render; product/data issues and filled-ad checks require review""]","[""No technical blocker found in measured raw/mounted metadata; actual Google indexing unverified""]"
"https://douknowball.com/nba-playoff-format-history","NBA playoff format history","","site/reference/utility","Not applicable to utility/reference/redirect route","Page functionality not fully established","not classified","not established","320x844 live initial render; completion not established","Not applicable unless page offers account/session state; authenticated behavior untested","[]","[]","[]","[]","[]","[]","[]","[]","[""No technical blocker found in measured raw/mounted metadata; actual Google indexing unverified""]"
"https://douknowball.com/nba-starting-5","NBA Starting 5","Pro Basketball","puzzle/trivia/arcade","not tested","not established","not classified","not established","320x844 live initial render; completion not established","not tested","[]","[]","[]","[]","[]","[]","[]","[""No policy verdict from initial render; product/data issues and filled-ad checks require review""]","[""No technical blocker found in measured raw/mounted metadata; actual Google indexing unverified""]"
"https://douknowball.com/nba-stat-line","NBA Stat Line","Pro Basketball","puzzle/trivia/arcade","not tested","not established","not classified","daily offered per registry","320x844 live initial render; completion not established","not tested","[]","[]","[]","[]","[]","[]","[]","[""No policy verdict from initial render; product/data issues and filled-ad checks require review""]","[""No technical blocker found in measured raw/mounted metadata; actual Google indexing unverified""]"
"https://douknowball.com/nfl-career","NFL Career Path","Pro Football","career-history player guessing","not tested","not established","not classified","daily offered per registry","320x844 live initial render; completion not established","not tested","[]","[]","[]","[]","[]","[]","[]","[""No policy verdict from initial render; product/data issues and filled-ad checks require review""]","[""No technical blocker found in measured raw/mounted metadata; actual Google indexing unverified""]"
"https://douknowball.com/nfl-connect-4","NFL Connect 4","Pro Football","puzzle/trivia/arcade","not tested","not established","not classified","not established","320x844 live initial render; completion not established","not tested","[]","[]","[]","[]","[]","[]","[]","[""No policy verdict from initial render; product/data issues and filled-ad checks require review""]","[""No technical blocker found in measured raw/mounted metadata; actual Google indexing unverified""]"
"https://douknowball.com/nfl-connections","NFL Connections","Pro Football","puzzle/trivia/arcade","not tested","not established","not classified","daily offered per registry","320x844 live initial render; completion not established","not tested","[]","[]","[]","[]","[]","[]","[]","[""No policy verdict from initial render; product/data issues and filled-ad checks require review""]","[""No technical blocker found in measured raw/mounted metadata; actual Google indexing unverified""]"
"https://douknowball.com/nfl-gauntlet-draft","Gauntlet Draft: NFL","Pro Football","puzzle/trivia/arcade","not tested","not established","not classified","daily offered per registry","320x844 live initial render; completion not established","not tested","[]","[]","[]","[]","[]","[]","[]","[""No policy verdict from initial render; product/data issues and filled-ad checks require review""]","[""No technical blocker found in measured raw/mounted metadata; actual Google indexing unverified""]"
"https://douknowball.com/nfl-higher-lower","NFL Higher or Lower","Pro Football","trivia comparison","live ten-round Daily completed","normal loop verified; corrupt-save recovery defect open","stored sports statistics, factual accuracy audited separately","Daily plus Unlimited/Hard verified","320px live native ten-round Daily, corrupt restore, refresh and mode interactions","immediate mid/final reveal refresh; mode preservation; malformed save and deletion recovery","[{""id"":""QA847-03"",""severity"":""P2"",""title"":""Malformed Daily guess log crashes the game"",""evidence"":""hl-family.json""}]","[]","[]","[]","[]","[{""id"":""DQ05"",""priority"":""P2"",""classification"":""documented provenance gaps, not newly proven false numbers"",""dataset"":""Soccer and CFB Higher or Lower plus five NFL categories"",""boundary"":""Soccer club appearances/goals are explicitly unverified and caps coverage is partial. All65CFB file rows now match a current database record by name, years and yardage, but that is the same publisher and not independent verification. The legacy32-of65comment is stale. The existing HL facts fence covers the NFL60TD-scored pool, not the other160category entries."",""evidence"":""data.json""}]","[]","[""No policy verdict from initial render; product/data issues and filled-ad checks require review""]","[""No technical blocker found in measured raw/mounted metadata; actual Google indexing unverified""]"
"https://douknowball.com/nfl-my-career","NFL My Career","Pro Football","player career and life simulation","Six native seasons (2026,2027,2028,2029,2030,2031) and six offseason decisions, manual retirement and restart","Six-season default-position path verified; natural retirement and all optional systems not established","Generated player, ratings, contracts, events and future results are simulation; real team labels","Evergreen local simulation","390x844 native flow; initial320px render","Second-season and retired refresh/Resume byte-held; New Career clears save; held Enter adds one season","[]","[]","[]","[]","[]","[]","[]","[""No policy verdict from initial render; product/data issues and filled-ad checks require review""]","[""No technical blocker found in measured raw/mounted metadata; actual Google indexing unverified""]"
"https://douknowball.com/nfl-playoff-format-history","NFL playoff format history","","site/reference/utility","Not applicable to utility/reference/redirect route","Page functionality not fully established","not classified","not established","320x844 live initial render; completion not established","Not applicable unless page offers account/session state; authenticated behavior untested","[]","[]","[]","[]","[]","[]","[]","[]","[""No technical blocker found in measured raw/mounted metadata; actual Google indexing unverified""]"
"https://douknowball.com/nhl-connect-4","NHL Connect 4","Hockey","puzzle/trivia/arcade","not tested","not established","not classified","not established","320x844 live initial render; completion not established","not tested","[]","[]","[]","[]","[]","[{""id"":""DQ01"",""priority"":""P1"",""classification"":""confirmed systemic structural corruption plus two-source factual sample"",""dataset"":""public.nhl_player_stats"",""boundary"":""Autocomplete comes from stats; deployed-source validator consults teams. Corrupt numeric/date fields do not directly decide franchise confirmation."",""evidence"":""data.json""}]","[]","[""No policy verdict from initial render; product/data issues and filled-ad checks require review""]","[""No technical blocker found in measured raw/mounted metadata; actual Google indexing unverified""]"
"https://douknowball.com/nhl-connections","NHL Connections","Hockey","puzzle/trivia/arcade","not tested","not established","not classified","daily offered per registry","320x844 live initial render; completion not established","not tested","[]","[]","[]","[]","[]","[]","[]","[""No policy verdict from initial render; product/data issues and filled-ad checks require review""]","[""No technical blocker found in measured raw/mounted metadata; actual Google indexing unverified""]"
"https://douknowball.com/nhl-front-office","NHL Front Office","Hockey","sports simulation","Two native20-round seasons, playoffs, four total draft picks and2027 hub","Normal season loop played; trade-depth and structured-save recovery defects open","Real team/player seed data where implemented; ratings, future results, salaries and generated people are simulation","Evergreen local simulation","320px native flow and1440px reduced-motion flow","Initial/recap/2027 reloads, held/double actions and deliberate structured corruption","[{""id"":""QA847-08"",""severity"":""P1"",""title"":""Trade controls omit eligible roster depth"",""evidence"":""simulation.json""},{""id"":""QA847-11"",""severity"":""P2"",""title"":""Malformed nested saves repeat crash recovery"",""evidence"":""current-live-save-replay.json""}]","[]","[]","[]","[]","[]","[]","[""No policy verdict from initial render; product/data issues and filled-ad checks require review""]","[""No technical blocker found in measured raw/mounted metadata; actual Google indexing unverified""]"
"https://douknowball.com/nhl-gauntlet-draft","Gauntlet Draft: NHL","Hockey","puzzle/trivia/arcade","not tested","not established","not classified","daily offered per registry","320x844 live initial render; completion not established","not tested","[]","[]","[]","[]","[]","[]","[]","[""No policy verdict from initial render; product/data issues and filled-ad checks require review""]","[""No technical blocker found in measured raw/mounted metadata; actual Google indexing unverified""]"
"https://douknowball.com/nhl-my-career","NHL My Career","Hockey","player career and life simulation","Six native seasons (2026,2027,2028,2029,2030,2031) and six offseason decisions, manual retirement and restart","Six-season default-position path verified; natural retirement and all optional systems not established","Generated player, ratings, contracts, events and future results are simulation; real team labels","Evergreen local simulation","390x844 native flow; initial320px render","Second-season and retired refresh/Resume byte-held; New Career clears save; held Enter adds one season","[]","[]","[]","[]","[]","[]","[]","[""No policy verdict from initial render; product/data issues and filled-ad checks require review""]","[""No technical blocker found in measured raw/mounted metadata; actual Google indexing unverified""]"
"https://douknowball.com/nhl-playoff-format-history","NHL playoff format history","","site/reference/utility","Not applicable to utility/reference/redirect route","Page functionality not fully established","not classified","not established","320x844 live initial render; completion not established","Not applicable unless page offers account/session state; authenticated behavior untested","[]","[]","[]","[]","[]","[]","[]","[]","[""No technical blocker found in measured raw/mounted metadata; actual Google indexing unverified""]"
"https://douknowball.com/olympics","The Medal Games","World & Olympic Games","puzzle/trivia/arcade","not tested","not established","not classified","daily offered per registry","320x844 live initial render; completion not established","not tested","[]","[]","[]","[]","[]","[]","[]","[""No policy verdict from initial render; product/data issues and filled-ad checks require review""]","[""No technical blocker found in measured raw/mounted metadata; actual Google indexing unverified""]"
"https://douknowball.com/overrated-underrated","","","site/reference/utility","Not applicable to utility/reference/redirect route","Page functionality not fully established","not classified","not established","not tested","Not applicable unless page offers account/session state; authenticated behavior untested","[]","[]","[]","[]","[]","[]","[]","[]","[]"
"https://douknowball.com/pack-battle","","","site/reference/utility","Not applicable to utility/reference/redirect route","Page functionality not fully established","not classified","not established","not tested","Not applicable unless page offers account/session state; authenticated behavior untested","[]","[]","[]","[]","[]","[]","[]","[]","[]"
"https://douknowball.com/perfect-lineup","","","site/reference/utility","Not applicable to utility/reference/redirect route","Page functionality not fully established","not classified","not established","not tested","Not applicable unless page offers account/session state; authenticated behavior untested","[]","[]","[]","[]","[]","[]","[]","[]","[]"
"https://douknowball.com/perfect-lineup-f1","Perfect Lineup: F1","Formula 1","puzzle/trivia/arcade","not tested","not established","not classified","daily offered per registry","320x844 live initial render; completion not established","not tested","[]","[]","[]","[]","[]","[]","[]","[""No policy verdict from initial render; product/data issues and filled-ad checks require review""]","[""No technical blocker found in measured raw/mounted metadata; actual Google indexing unverified""]"
"https://douknowball.com/perfect-lineup-nba","Perfect Lineup: NBA","Pro Basketball","puzzle/trivia/arcade","not tested","not established","not classified","daily offered per registry","320x844 live initial render; completion not established","not tested","[]","[]","[]","[]","[]","[]","[]","[""No policy verdict from initial render; product/data issues and filled-ad checks require review""]","[""No technical blocker found in measured raw/mounted metadata; actual Google indexing unverified""]"
"https://douknowball.com/perfect-lineup-nhl","Perfect Lineup: NHL","Hockey","puzzle/trivia/arcade","not tested","not established","not classified","daily offered per registry","320x844 live initial render; completion not established","not tested","[]","[]","[]","[]","[]","[]","[]","[""No policy verdict from initial render; product/data issues and filled-ad checks require review""]","[""No technical blocker found in measured raw/mounted metadata; actual Google indexing unverified""]"
"https://douknowball.com/perfect-season-mlb","162-0 MLB Perfect Season","Baseball","sports simulation","not tested","not established","not classified","not established","320x844 live initial render; completion not established","not tested","[]","[]","[]","[]","[]","[]","[]","[""No policy verdict from initial render; product/data issues and filled-ad checks require review""]","[""No technical blocker found in measured raw/mounted metadata; actual Google indexing unverified""]"
"https://douknowball.com/perfect-season-nba","82-0 NBA Perfect Season","Pro Basketball","sports simulation","not tested","not established","not classified","not established","320x844 live initial render; completion not established","not tested","[]","[]","[]","[]","[]","[]","[]","[""No policy verdict from initial render; product/data issues and filled-ad checks require review""]","[""No technical blocker found in measured raw/mounted metadata; actual Google indexing unverified""]"
"https://douknowball.com/perfect-season-nfl","17-0 NFL Perfect Season","Pro Football","sports simulation","not tested","not established","not classified","not established","320x844 live initial render; completion not established","not tested","[]","[]","[]","[]","[]","[]","[]","[""No policy verdict from initial render; product/data issues and filled-ad checks require review""]","[""No technical blocker found in measured raw/mounted metadata; actual Google indexing unverified""]"
"https://douknowball.com/perfect-season-nhl","82-0 NHL Perfect Season","Hockey","sports simulation","not tested","not established","not classified","not established","320x844 live initial render; completion not established","not tested","[]","[]","[]","[]","[]","[{""id"":""DQ01"",""priority"":""P1"",""classification"":""confirmed systemic structural corruption plus two-source factual sample"",""dataset"":""public.nhl_player_stats"",""boundary"":""Wheel rejects first years below1900. Draft fetch uses text date filters and later finite parse/overlap checks without the same lower bound.49 malformed rows satisfy broad2010s date/GP/position filters; franchise, top24/12 and actual wheel coverage further restrict admission. No corrupted player actually drafted by a browser claimed."",""evidence"":""data.json""}]","[]","[""No policy verdict from initial render; product/data issues and filled-ad checks require review""]","[""No technical blocker found in measured raw/mounted metadata; actual Google indexing unverified""]"
"https://douknowball.com/player-bingo","Player Bingo","Soccer","puzzle/trivia/arcade","not tested","not established","not classified","not established","320x844 live initial render; completion not established","not tested","[]","[]","[]","[]","[]","[]","[]","[""No policy verdict from initial render; product/data issues and filled-ad checks require review""]","[""No technical blocker found in measured raw/mounted metadata; actual Google indexing unverified""]"
"https://douknowball.com/player-stock-market","Player Stock Market","Soccer","puzzle/trivia/arcade","not tested","not established","not classified","daily offered per registry","320x844 live initial render; completion not established","not tested","[]","[]","[]","[]","[]","[]","[]","[""No policy verdict from initial render; product/data issues and filled-ad checks require review""]","[""No technical blocker found in measured raw/mounted metadata; actual Google indexing unverified""]"
"https://douknowball.com/privacy","Privacy Policy","","site/reference/utility","Not applicable to utility/reference/redirect route","Page functionality not fully established","not classified","not established","320x844 live initial render; completion not established","Not applicable unless page offers account/session state; authenticated behavior untested","[]","[]","[]","[]","[]","[]","[]","[]","[""No technical blocker found in measured raw/mounted metadata; actual Google indexing unverified""]"
"https://douknowball.com/pro-basketball","🏀 NBA Basketball Games","","site/reference/utility","Not applicable to utility/reference/redirect route","Page functionality not fully established","not classified","not established","320x844 live initial render; completion not established","Not applicable unless page offers account/session state; authenticated behavior untested","[]","[]","[]","[]","[]","[]","[]","[]","[""No technical blocker found in measured raw/mounted metadata; actual Google indexing unverified""]"
"https://douknowball.com/pro-football","🏈 NFL Football Games","","site/reference/utility","Not applicable to utility/reference/redirect route","Page functionality not fully established","not classified","not established","320x844 live initial render; completion not established","Not applicable unless page offers account/session state; authenticated behavior untested","[]","[]","[]","[]","[]","[]","[]","[]","[""No technical blocker found in measured raw/mounted metadata; actual Google indexing unverified""]"
"https://douknowball.com/profile","DoUKnowBall","","site/reference/utility","Not applicable to utility/reference/redirect route","Page functionality not fully established","not classified","not established","320x844 live initial render; completion not established","Not applicable unless page offers account/session state; authenticated behavior untested","[]","[]","[]","[]","[]","[]","[]","[]","[""Excluded/utility route; Google indexing unverified""]"
"https://douknowball.com/profile/:username","","","site/reference/utility","Not applicable to utility/reference/redirect route","Page functionality not fully established","not classified","not established","not tested","Not applicable unless page offers account/session state; authenticated behavior untested","[]","[]","[]","[]","[]","[]","[]","[]","[]"
"https://douknowball.com/puck-detective","Puck Detective","Hockey","puzzle/trivia/arcade","not tested","not established","not classified","daily offered per registry","320x844 live initial render; completion not established","not tested","[]","[]","[]","[]","[]","[{""id"":""DQ01"",""priority"":""P1"",""classification"":""confirmed systemic structural corruption plus two-source factual sample"",""dataset"":""public.nhl_player_stats"",""boundary"":""Exact-name points map sets difficulty only. Join against nhl_players finds David Spacek0 and Tyson Gross-2 before the additional position/country/DOB normalization filters. Both totals are below the75-point Hard threshold; actual normalized admission and any tier inversion were not replayed."",""evidence"":""data.json""}]","[]","[""No policy verdict from initial render; product/data issues and filled-ad checks require review""]","[""No technical blocker found in measured raw/mounted metadata; actual Google indexing unverified""]"
"https://douknowball.com/quiz-board","Sports Quiz Board","World & Olympic Games","puzzle/trivia/arcade","not tested","not established","not classified","daily offered per registry","320x844 live initial render; completion not established","not tested","[{""id"":""QA847-04"",""severity"":""P2"",""title"":""Skip link has no destination"",""evidence"":""shared.json""}]","[]","[]","[]","[]","[]","[]","[""No policy verdict from initial render; product/data issues and filled-ad checks require review""]","[""No technical blocker found in measured raw/mounted metadata; actual Google indexing unverified""]"
"https://douknowball.com/rank-em","Rank 'Em","World & Olympic Games","puzzle/trivia/arcade","not tested","not established","not classified","daily offered per registry","320x844 live initial render; completion not established","not tested","[]","[]","[]","[]","[]","[{""id"":""DQ02"",""priority"":""P1"",""classification"":""confirmed systemic structural corruption plus two-source factual sample"",""dataset"":""public.mlb_batting_stats"",""boundary"":""Handpicked baked HR/hits/SB values cite this table. No exact-name intersection with161 flagged rows. No current wrong player-facing result established."",""evidence"":""data.json""}]","[]","[""No policy verdict from initial render; product/data issues and filled-ad checks require review""]","[""No technical blocker found in measured raw/mounted metadata; actual Google indexing unverified""]"
"https://douknowball.com/rarity-round","Rarity Round","Soccer","puzzle/trivia/arcade","not tested","not established","not classified","daily offered per registry","320x844 live initial render; completion not established","not tested","[]","[]","[]","[]","[]","[]","[]","[""No policy verdict from initial render; product/data issues and filled-ad checks require review""]","[""No technical blocker found in measured raw/mounted metadata; actual Google indexing unverified""]"
"https://douknowball.com/rebuild","Rebuild Challenge","Soccer","puzzle/trivia/arcade","not tested","not established","not classified","not established","320x844 live initial render; completion not established","not tested","[{""id"":""QA847-04"",""severity"":""P2"",""title"":""Skip link has no destination"",""evidence"":""shared.json""}]","[]","[]","[]","[]","[]","[]","[""No policy verdict from initial render; product/data issues and filled-ad checks require review""]","[""No technical blocker found in measured raw/mounted metadata; actual Google indexing unverified""]"
"https://douknowball.com/records","The Record Books","","site/reference/utility","Not applicable to utility/reference/redirect route","Page functionality not fully established","not classified","not established","320x844 live initial render; completion not established","Not applicable unless page offers account/session state; authenticated behavior untested","[]","[]","[]","[]","[]","[]","[]","[]","[""No technical blocker found in measured raw/mounted metadata; actual Google indexing unverified""]"
"https://douknowball.com/records/afl-premiers","VFL/AFL premiers by year","","site/reference/utility","Not applicable to utility/reference/redirect route","Page functionality not fully established","not classified","not established","320x844 live initial render; completion not established","Not applicable unless page offers account/session state; authenticated behavior untested","[]","[]","[]","[]","[]","[]","[]","[]","[""No technical blocker found in measured raw/mounted metadata; actual Google indexing unverified""]"
"https://douknowball.com/records/brownlow-medal-winners","Brownlow Medal winners by year","","site/reference/utility","Not applicable to utility/reference/redirect route","Page functionality not fully established","not classified","not established","320x844 live initial render; completion not established","Not applicable unless page offers account/session state; authenticated behavior untested","[]","[]","[]","[]","[]","[]","[]","[]","[""No technical blocker found in measured raw/mounted metadata; actual Google indexing unverified""]"
"https://douknowball.com/records/college-football-national-champions","College football national champions by year","","site/reference/utility","Not applicable to utility/reference/redirect route","Page functionality not fully established","not classified","not established","320x844 live initial render; completion not established","Not applicable unless page offers account/session state; authenticated behavior untested","[]","[]","[]","[]","[]","[]","[]","[]","[""No technical blocker found in measured raw/mounted metadata; actual Google indexing unverified""]"
"https://douknowball.com/records/dally-m-medal-winners","Dally M Medal winners by year","","site/reference/utility","Not applicable to utility/reference/redirect route","Page functionality not fully established","not classified","not established","320x844 live initial render; completion not established","Not applicable unless page offers account/session state; authenticated behavior untested","[]","[]","[]","[]","[]","[]","[]","[]","[""No technical blocker found in measured raw/mounted metadata; actual Google indexing unverified""]"
"https://douknowball.com/records/english-football-champions","English football champions by year","","site/reference/utility","Not applicable to utility/reference/redirect route","Page functionality not fully established","not classified","not established","320x844 live initial render; completion not established","Not applicable unless page offers account/session state; authenticated behavior untested","[]","[]","[]","[]","[]","[]","[]","[]","[""No technical blocker found in measured raw/mounted metadata; actual Google indexing unverified""]"
"https://douknowball.com/records/heisman-trophy-winners","Heisman Trophy winners by year","","site/reference/utility","Not applicable to utility/reference/redirect route","Page functionality not fully established","not classified","not established","320x844 live initial render; completion not established","Not applicable unless page offers account/session state; authenticated behavior untested","[]","[]","[]","[]","[]","[]","[]","[]","[""No technical blocker found in measured raw/mounted metadata; actual Google indexing unverified""]"
"https://douknowball.com/records/nba-champions","NBA champions by year","","site/reference/utility","Not applicable to utility/reference/redirect route","Page functionality not fully established","not classified","not established","320x844 live initial render; completion not established","Not applicable unless page offers account/session state; authenticated behavior untested","[]","[]","[]","[]","[]","[]","[]","[]","[""No technical blocker found in measured raw/mounted metadata; actual Google indexing unverified""]"
"https://douknowball.com/records/ncaa-basketball-champions","Men's NCAA basketball champions by year","","site/reference/utility","Not applicable to utility/reference/redirect route","Page functionality not fully established","not classified","not established","320x844 live initial render; completion not established","Not applicable unless page offers account/session state; authenticated behavior untested","[]","[]","[]","[]","[]","[]","[]","[]","[""No technical blocker found in measured raw/mounted metadata; actual Google indexing unverified""]"
"https://douknowball.com/records/nrl-premiers","NRL/NSWRL premiers by year","","site/reference/utility","Not applicable to utility/reference/redirect route","Page functionality not fully established","not classified","not established","320x844 live initial render; completion not established","Not applicable unless page offers account/session state; authenticated behavior untested","[]","[]","[]","[]","[]","[]","[]","[]","[""No technical blocker found in measured raw/mounted metadata; actual Google indexing unverified""]"
"https://douknowball.com/records/stanley-cup-winners","Stanley Cup winners by year","","site/reference/utility","Not applicable to utility/reference/redirect route","Page functionality not fully established","not classified","not established","320x844 live initial render; completion not established","Not applicable unless page offers account/session state; authenticated behavior untested","[]","[]","[]","[]","[]","[]","[]","[]","[""No technical blocker found in measured raw/mounted metadata; actual Google indexing unverified""]"
"https://douknowball.com/records/super-bowl-winners","Super Bowl winners by year","","site/reference/utility","Not applicable to utility/reference/redirect route","Page functionality not fully established","not classified","not established","320x844 live initial render; completion not established","Not applicable unless page offers account/session state; authenticated behavior untested","[]","[]","[]","[]","[]","[]","[]","[]","[""No technical blocker found in measured raw/mounted metadata; actual Google indexing unverified""]"
"https://douknowball.com/records/wnba-champions","WNBA champions by year","","site/reference/utility","Not applicable to utility/reference/redirect route","Page functionality not fully established","not classified","not established","320x844 live initial render; completion not established","Not applicable unless page offers account/session state; authenticated behavior untested","[]","[]","[]","[]","[]","[]","[]","[]","[""No technical blocker found in measured raw/mounted metadata; actual Google indexing unverified""]"
"https://douknowball.com/records/world-series-winners","World Series winners by year","","site/reference/utility","Not applicable to utility/reference/redirect route","Page functionality not fully established","not classified","not established","320x844 live initial render; completion not established","Not applicable unless page offers account/session state; authenticated behavior untested","[]","[]","[]","[]","[]","[]","[]","[]","[""No technical blocker found in measured raw/mounted metadata; actual Google indexing unverified""]"
"https://douknowball.com/reset-password","Reset Password | DoUKnowBall","","site/reference/utility","Not applicable to utility/reference/redirect route","Page functionality not fully established","not classified","not established","320x844 live initial render; completion not established","Not applicable unless page offers account/session state; authenticated behavior untested","[{""id"":""QA847-04"",""severity"":""P2"",""title"":""Skip link has no destination"",""evidence"":""shared.json""}]","[]","[]","[]","[]","[]","[]","[]","[""Excluded/utility route; Google indexing unverified""]"
"https://douknowball.com/score-predictor","Score Predictor","World & Olympic Games","puzzle/trivia/arcade","not tested","not established","not classified","daily offered per registry","320x844 live initial render; completion not established","not tested","[]","[]","[]","[]","[]","[]","[]","[""No policy verdict from initial render; product/data issues and filled-ad checks require review""]","[""No technical blocker found in measured raw/mounted metadata; actual Google indexing unverified""]"
"https://douknowball.com/search","Search every game","","site/reference/utility","Not applicable to utility/reference/redirect route","Page functionality not fully established","not classified","not established","320x844 live initial render; completion not established","Not applicable unless page offers account/session state; authenticated behavior untested","[]","[]","[]","[]","[]","[]","[]","[]","[""Excluded/utility route; Google indexing unverified""]"
"https://douknowball.com/search-and-discard","Search and Discard","Soccer","puzzle/trivia/arcade","not tested","not established","not classified","not established","320x844 live initial render; completion not established","not tested","[]","[]","[]","[]","[]","[]","[]","[""No policy verdict from initial render; product/data issues and filled-ad checks require review""]","[""No technical blocker found in measured raw/mounted metadata; actual Google indexing unverified""]"
"https://douknowball.com/shirt-number","","","site/reference/utility","Not applicable to utility/reference/redirect route","Page functionality not fully established","not classified","not established","not tested","Not applicable unless page offers account/session state; authenticated behavior untested","[]","[]","[]","[]","[]","[]","[]","[]","[]"
"https://douknowball.com/sign-the-player","Sign the Player","Soccer","puzzle/trivia/arcade","not tested","not established","not classified","not established","320x844 live initial render; completion not established","not tested","[]","[]","[]","[]","[]","[]","[]","[""No policy verdict from initial render; product/data issues and filled-ad checks require review""]","[""No technical blocker found in measured raw/mounted metadata; actual Google indexing unverified""]"
"https://douknowball.com/silverware-sort","Silverware Sort","World & Olympic Games","puzzle/trivia/arcade","not tested","not established","not classified","daily offered per registry","320x844 live initial render; completion not established","not tested","[]","[]","[]","[]","[]","[]","[]","[""No policy verdict from initial render; product/data issues and filled-ad checks require review""]","[""No technical blocker found in measured raw/mounted metadata; actual Google indexing unverified""]"
"https://douknowball.com/soccer","⚽ Soccer Games","","site/reference/utility","Not applicable to utility/reference/redirect route","Page functionality not fully established","not classified","not established","320x844 live initial render; completion not established","Not applicable unless page offers account/session state; authenticated behavior untested","[]","[]","[]","[]","[]","[]","[]","[]","[""No technical blocker found in measured raw/mounted metadata; actual Google indexing unverified""]"
"https://douknowball.com/soccer-career","Soccer Career","Soccer","sports simulation","One native-created life from16 to45, observed age25 save returned after live release; retired","Lifetime path played; six lost seasons, toast and malformed-save recovery defects open","Real team/player seed data where implemented; ratings, future results, salaries and generated people are simulation","Evergreen local simulation","390px native lifetime flow; narrow pointer toast test; desktop/mobile initial render","Multiple original-career refresh/return checkpoints held; cancel/confirm New Career; malformed nested save crash","[{""id"":""QA847-10"",""severity"":""P2"",""title"":""Toast blocks Next Year at narrow pointer viewport"",""evidence"":""simulation.json""},{""id"":""QA847-11"",""severity"":""P2"",""title"":""Malformed nested saves repeat crash recovery"",""evidence"":""current-live-save-replay.json""},{""id"":""QA847-14"",""severity"":""P1"",""title"":""Declining retirement loses playable seasons"",""evidence"":""soccer-full-career-final.json""}]","[]","[]","[]","[]","[]","[]","[""No policy verdict from initial render; product/data issues and filled-ad checks require review""]","[""No technical blocker found in measured raw/mounted metadata; actual Google indexing unverified""]"
"https://douknowball.com/soccer-conquest","Soccer Conquest","Soccer","puzzle/trivia/arcade","not tested","not established","not classified","daily offered per registry","320x844 live initial render; completion not established","not tested","[]","[]","[]","[]","[]","[]","[]","[""No policy verdict from initial render; product/data issues and filled-ad checks require review""]","[""No technical blocker found in measured raw/mounted metadata; actual Google indexing unverified""]"
"https://douknowball.com/soccer-grid","Soccer Grid","Soccer","puzzle/trivia/arcade","not tested","not established","not classified","daily offered per registry","320x844 live initial render; completion not established","not tested","[]","[]","[]","[]","[]","[]","[]","[""No policy verdict from initial render; product/data issues and filled-ad checks require review""]","[""No technical blocker found in measured raw/mounted metadata; actual Google indexing unverified""]"
"https://douknowball.com/sports-bingo","Sports Bingo","Soccer","puzzle/trivia/arcade","not tested","not established","not classified","daily offered per registry","320x844 live initial render; completion not established","not tested","[]","[]","[]","[]","[]","[]","[]","[""No policy verdict from initial render; product/data issues and filled-ad checks require review""]","[""No technical blocker found in measured raw/mounted metadata; actual Google indexing unverified""]"
"https://douknowball.com/sports-millionaire","Sports Millionaire","World & Olympic Games","puzzle/trivia/arcade","not tested","not established","not classified","daily offered per registry","320x844 live initial render; completion not established","not tested","[]","[]","[]","[]","[]","[]","[]","[""No policy verdict from initial render; product/data issues and filled-ad checks require review""]","[""No technical blocker found in measured raw/mounted metadata; actual Google indexing unverified""]"
"https://douknowball.com/squad-deal","Squad Deal","Soccer","puzzle/trivia/arcade","not tested","not established","not classified","not established","320x844 live initial render; completion not established","not tested","[]","[]","[]","[]","[]","[]","[]","[""No policy verdict from initial render; product/data issues and filled-ad checks require review""]","[""No technical blocker found in measured raw/mounted metadata; actual Google indexing unverified""]"
"https://douknowball.com/stadium-tycoon","Stadium Tycoon","Soccer","puzzle/trivia/arcade","not tested","not established","not classified","not established","320x844 live initial render; completion not established","not tested","[]","[]","[]","[]","[]","[]","[]","[""No policy verdict from initial render; product/data issues and filled-ad checks require review""]","[""No technical blocker found in measured raw/mounted metadata; actual Google indexing unverified""]"
"https://douknowball.com/stat-detective","Stat Detective","Pro Basketball","puzzle/trivia/arcade","not tested","not established","not classified","not established","320x844 live initial render; completion not established","not tested","[]","[]","[]","[]","[]","[]","[]","[""No policy verdict from initial render; product/data issues and filled-ad checks require review""]","[""No technical blocker found in measured raw/mounted metadata; actual Google indexing unverified""]"
"https://douknowball.com/teammates","Teammates or Not?","World & Olympic Games","puzzle/trivia/arcade","not tested","not established","not classified","not established","320x844 live initial render; completion not established","not tested","[]","[]","[]","[]","[]","[]","[]","[""No policy verdict from initial render; product/data issues and filled-ad checks require review""]","[""No technical blocker found in measured raw/mounted metadata; actual Google indexing unverified""]"
"https://douknowball.com/tennis-chain","Tennis Chain","Tennis","puzzle/trivia/arcade","not tested","not established","not classified","not established","320x844 live initial render; completion not established","not tested","[{""id"":""QA847-04"",""severity"":""P2"",""title"":""Skip link has no destination"",""evidence"":""shared.json""}]","[]","[]","[]","[]","[]","[]","[""No policy verdict from initial render; product/data issues and filled-ad checks require review""]","[""No technical blocker found in measured raw/mounted metadata; actual Google indexing unverified""]"
"https://douknowball.com/tennis-higher-lower","Tennis Higher or Lower","Tennis","trivia comparison","live ten-round Daily completed","normal loop verified; corrupt-save recovery defect open","stored sports statistics, factual accuracy audited separately","Daily plus Unlimited/Hard verified","320px live native ten-round Daily, corrupt restore, refresh and mode interactions","immediate mid/final reveal refresh; mode preservation; malformed save and deletion recovery","[{""id"":""QA847-03"",""severity"":""P2"",""title"":""Malformed Daily guess log crashes the game"",""evidence"":""hl-family.json""}]","[]","[]","[]","[]","[]","[]","[""No policy verdict from initial render; product/data issues and filled-ad checks require review""]","[""No technical blocker found in measured raw/mounted metadata; actual Google indexing unverified""]"
"https://douknowball.com/terms","Terms of Service","","site/reference/utility","Not applicable to utility/reference/redirect route","Page functionality not fully established","not classified","not established","320x844 live initial render; completion not established","Not applicable unless page offers account/session state; authenticated behavior untested","[]","[]","[]","[]","[]","[]","[]","[]","[""No technical blocker found in measured raw/mounted metadata; actual Google indexing unverified""]"
"https://douknowball.com/tier-list","","","site/reference/utility","Not applicable to utility/reference/redirect route","Page functionality not fully established","not classified","not established","not tested","Not applicable unless page offers account/session state; authenticated behavior untested","[]","[]","[]","[]","[]","[]","[]","[]","[]"
"https://douknowball.com/transfer-path","Transfer Path","Soccer","puzzle/trivia/arcade","not tested","not established","not classified","daily offered per registry","320x844 live initial render; completion not established","not tested","[]","[]","[]","[]","[]","[]","[]","[""No policy verdict from initial render; product/data issues and filled-ad checks require review""]","[""No technical blocker found in measured raw/mounted metadata; actual Google indexing unverified""]"
"https://douknowball.com/ufc","UFC Guesser","Combat Sports","puzzle/trivia/arcade","not tested","not established","not classified","not established","320x844 live initial render; completion not established","not tested","[]","[]","[]","[]","[]","[]","[]","[""No policy verdict from initial render; product/data issues and filled-ad checks require review""]","[""No technical blocker found in measured raw/mounted metadata; actual Google indexing unverified""]"
"https://douknowball.com/ufc-chain","Combat Chain","Combat Sports","puzzle/trivia/arcade","not tested","not established","not classified","not established","320x844 live initial render; completion not established","not tested","[{""id"":""QA847-04"",""severity"":""P2"",""title"":""Skip link has no destination"",""evidence"":""shared.json""}]","[]","[]","[]","[]","[]","[]","[""No policy verdict from initial render; product/data issues and filled-ad checks require review""]","[""No technical blocker found in measured raw/mounted metadata; actual Google indexing unverified""]"
"https://douknowball.com/whats-new","What's New","","site/reference/utility","Not applicable to utility/reference/redirect route","Page functionality not fully established","not classified","not established","320x844 live initial render; completion not established","Not applicable unless page offers account/session state; authenticated behavior untested","[]","[]","[]","[]","[]","[]","[]","[]","[""No technical blocker found in measured raw/mounted metadata; actual Google indexing unverified""]"
"https://douknowball.com/who-am-i","Who Am I?","Soccer","puzzle/trivia/arcade","not tested","not established","not classified","not established","320x844 live initial render; completion not established","not tested","[]","[]","[]","[]","[]","[]","[]","[""No policy verdict from initial render; product/data issues and filled-ad checks require review""]","[""No technical blocker found in measured raw/mounted metadata; actual Google indexing unverified""]"
"https://douknowball.com/whod-they-beat","Who'd They Beat?","World & Olympic Games","puzzle/trivia/arcade","not tested","not established","not classified","daily offered per registry","320x844 live initial render; completion not established","not tested","[]","[]","[]","[]","[]","[]","[]","[""No policy verdict from initial render; product/data issues and filled-ad checks require review""]","[""No technical blocker found in measured raw/mounted metadata; actual Google indexing unverified""]"
"https://douknowball.com/wonderkid-factory","Wonderkid Factory","Soccer","puzzle/trivia/arcade","not tested","not established","not classified","not established","320x844 live initial render; completion not established","not tested","[]","[]","[]","[]","[]","[]","[]","[""No policy verdict from initial render; product/data issues and filled-ad checks require review""]","[""No technical blocker found in measured raw/mounted metadata; actual Google indexing unverified""]"
"https://douknowball.com/world-cup","","","site/reference/utility","Not applicable to utility/reference/redirect route","Page functionality not fully established","not classified","not established","not tested","Not applicable unless page offers account/session state; authenticated behavior untested","[]","[]","[]","[]","[]","[]","[]","[]","[]"
"https://douknowball.com/world-cup-2026-results","2026 World Cup results","","site/reference/utility","Not applicable to utility/reference/redirect route","Page functionality not fully established","not classified","not established","320x844 live initial render; completion not established","Not applicable unless page offers account/session state; authenticated behavior untested","[]","[]","[]","[]","[]","[]","[]","[]","[""No technical blocker found in measured raw/mounted metadata; actual Google indexing unverified""]"
"https://douknowball.com/world-cup-bracket","World Cup 2026 Bracket","Soccer","puzzle/trivia/arcade","not tested","not established","not classified","not established","320x844 live initial render; completion not established","not tested","[]","[]","[]","[]","[]","[]","[]","[""No policy verdict from initial render; product/data issues and filled-ad checks require review""]","[""No technical blocker found in measured raw/mounted metadata; actual Google indexing unverified""]"
"https://douknowball.com/world-cup-predictor","","","site/reference/utility","Not applicable to utility/reference/redirect route","Page functionality not fully established","not classified","not established","not tested","Not applicable unless page offers account/session state; authenticated behavior untested","[]","[]","[]","[]","[]","[]","[]","[]","[]"
"https://douknowball.com/world-xi","World XI","Soccer","puzzle/trivia/arcade","not tested","not established","not classified","not established","320x844 live initial render; completion not established","not tested","[]","[]","[]","[]","[]","[]","[]","[""No policy verdict from initial render; product/data issues and filled-ad checks require review""]","[""No technical blocker found in measured raw/mounted metadata; actual Google indexing unverified""]"
