REV MUTATION levelstrict APPLIED

[1m[46m RUN [49m[22m [36mv3.2.7 [39m[90m/home/runner/work/ballpark-hero/ballpark-hero[39m

[90mstdout[2m | src/test/cmValueCurve.test.ts[2m > [22m[2mone order in every world: the stretch first, then the age points[2m > [22m[2mover every row of the four past seasons: never more than six down or eight up, nobody past the top
[22m[39mera2005: 829 of 1727 rows change, swing -6 to 8, on the top of 96: Ronaldinho, Thierry Henry
era2010: 890 of 1751 rows change, swing -6 to 8, on the top of 97: Cristiano Ronaldo, Lionel Messi
era2015: 738 of 1659 rows change, swing -6 to 8, on the top of 98: Cristiano Ronaldo, Lionel Messi
era2020: 862 of 1774 rows change, swing -6 to 8, on the top of 94: Kylian Mbappé, Lionel Messi

[90mstdout[2m | src/test/cmValueCurve.test.ts[2m > [22m[2mwhat every 2026 age will stand on (the basis file), man for man against the squads main ships[2m > [22m[2mevery line is what the ages rule resolves from the committed ledgers, and its last item is the value rating
[22m[39m2026 at the flip: 2078 of 4401 ratings change; by points {"0":2323,"1":230,"2":324,"3":110,"4":76,"5":44,"6":20,"7":11,"8":13,"-1":379,"-2":306,"-3":245,"-4":182,"-6":50,"-5":88}

 [31m❯[39m src/test/cmValueCurve.test.ts [2m([22m[2m57 tests[22m[2m | [22m[31m4 failed[39m[2m)[22m[32m 286[2mms[22m[39m
   [32m✓[39m Club Manager value curve (recorded before any age read)[2m > [22mthe fixture is whole, so nothing below can pass empty[32m 1[2mms[22m[39m
   [32m✓[39m Club Manager value curve (recorded before any age read)[2m > [22mthe constants and the position map are the recorded ones[32m 0[2mms[22m[39m
   [32m✓[39m Club Manager value curve (recorded before any age read)[2m > [22mevery recorded dollar value still gets its recorded value rating[32m 0[2mms[22m[39m
   [32m✓[39m Club Manager value curve (recorded before any age read)[2m > [22mratingOf with one argument is still that value rating, so no generator writes a new byte[32m 0[2mms[22m[39m
   [32m✓[39m Club Manager value curve (recorded before any age read)[2m > [22mthe two anchors read as the header says[32m 0[2mms[22m[39m
   [32m✓[39m Club Manager value curve (recorded before any age read)[2m > [22mpounds, at one and at two decimals, are the recorded ones[32m 1[2mms[22m[39m
   [32m✓[39m Club Manager value curve (recorded before any age read)[2m > [22meuros convert at the recorded rate[32m 0[2mms[22m[39m
   [32m✓[39m Club Manager rating: the level plus points for age, on the top of the world[2m > [22mthe constants are the measured ones[32m 0[2mms[22m[39m
   [32m✓[39m Club Manager rating: the level plus points for age, on the top of the world[2m > [22mevery age from 14 to 45 is the table typed out by hand, at tops 94, 96, 97 and 98[32m 1[2mms[22m[39m
   [32m✓[39m Club Manager rating: the level plus points for age, on the top of the world[2m > [22mwith no top given the top is 94, and rateFrom is that read for a generator[32m 3[2mms[22m[39m
   [32m✓[39m Club Manager rating: the level plus points for age, on the top of the world[2m > [22mthe age points alone: a point a year under 24, nothing to 29, one at 30 rising to eight[32m 0[2mms[22m[39m
   [32m✓[39m Club Manager rating: the level plus points for age, on the top of the world[2m > [22mthe half distance limit reads the top of the man own world, never the constant 94[32m 42[2mms[22m[39m
   [32m✓[39m Club Manager rating: the level plus points for age, on the top of the world[2m > [22mthe upper clamp reads the same top: nobody passes the best of his world for being old[32m 38[2mms[22m[39m
   [32m✓[39m Club Manager rating: the level plus points for age, on the top of the world[2m > [22mposition is checked and changes nothing[32m 0[2mms[22m[39m
   [32m✓[39m Club Manager rating: the level plus points for age, on the top of the world[2m > [22mratingOf with an age and a position is the value rating read with the age[32m 0[2mms[22m[39m
   [32m✓[39m Club Manager rating: the level plus points for age, on the top of the world[2m > [22mfails closed on a bad value rating, age or position, naming the inputs[32m 2[2mms[22m[39m
   [32m✓[39m Club Manager rating: the level plus points for age, on the top of the world[2m > [22mthe three reads throw on anything that is not a whole number, so no NaN reaches a save[32m 1[2mms[22m[39m
[31m   [31m×[31m levelFrom: the age read run backwards, total[2m > [22manswers a whole level from 48 to the top for every rating 48 to 99, every age 14 to 45, every top[39m[32m 11[2mms[22m[39m
[31m     → expected [ 48, 94, 85, 73 ] to deeply equal [ 48, 94, 85, 72 ][39m
[31m   [31m×[31m levelFrom: the age read run backwards, total[2m > [22mit is the smallest level whose read is at least the rating, and the top when there is none[39m[32m 19[2mms[22m[39m
[31m     → expected [ …(5684) ] to deeply equal [][39m
   [32m✓[39m levelFrom: the age read run backwards, total[2m > [22mthe ratings the read skips for a young man are the enumerated ones, and each takes the next level up[32m 2[2mms[22m[39m
[31m   [31m×[31m levelFrom: the age read run backwards, total[2m > [22mit inverts the read wherever no clamp bit, and the clamped cells are counted[39m[32m 4[2mms[22m[39m
[31m     → expected [ 'level 48 at 14, top 94', …(1377) ] to deeply equal [][39m
   [32m✓[39m one order in every world: the stretch first, then the age points[2m > [22mreadInWorld stretches, then reads the age on the stretched scale and its own top[32m 0[2mms[22m[39m
   [32m✓[39m one order in every world: the stretch first, then the age points[2m > [22mreadInWorld names a bad world: null, a number, a list or a stretch that is no function is a RangeError[32m 1[2mms[22m[39m
   [32m✓[39m one order in every world: the stretch first, then the age points[2m > [22meach past season top is the stretch of the highest rating in its file: 96, 97, 98 and 94[32m 0[2mms[22m[39m
   [32m✓[39m one order in every world: the stretch first, then the age points[2m > [22mthe 29 men of the brief table, row for row, from the files main ships[32m 1[2mms[22m[39m
   [32m✓[39m one order in every world: the stretch first, then the age points[2m > [22mover every row of the four past seasons: never more than six down or eight up, nobody past the top[32m 2[2mms[22m[39m
   [32m✓[39m Club Manager ages for August 2026[2m > [22mcounts whole years to a day[32m 0[2mms[22m[39m
   [32m✓[39m Club Manager ages for August 2026[2m > [22ma day no calendar holds, and a birth date after the day, are refused (a typing slip in a ledger is never read)[32m 1[2mms[22m[39m
   [32m✓[39m Club Manager ages for August 2026[2m > [22mthe constants of the rule are the measured ones[32m 0[2mms[22m[39m
   [32m✓[39m Club Manager ages for August 2026[2m > [22mcase 1, a birth date on file: the exact age, whichever way the table rule would err[32m 0[2mms[22m[39m
   [32m✓[39m Club Manager ages for August 2026[2m > [22mcase 2, a bulk row: plus one for a 2026 row and plus two for a 2025 row[32m 0[2mms[22m[39m
   [32m✓[39m Club Manager ages for August 2026[2m > [22mcase 3, a hand written row: the age as written[32m 0[2mms[22m[39m
   [32m✓[39m Club Manager ages for August 2026[2m > [22mcase 4, no table row: the age as typed, marked unknown[32m 0[2mms[22m[39m
   [32m✓[39m Club Manager ages for August 2026[2m > [22ma ledger row marked thin is left out: the man keeps the table rule and nothing reads his date[32m 0[2mms[22m[39m
   [32m✓[39m Club Manager ages for August 2026[2m > [22mAllan twice: the Corinthians man gets his date, the Palmeiras namesake keeps the table rule[32m 0[2mms[22m[39m
   [32m✓[39m Club Manager ages for August 2026[2m > [22ma moved man is found by his table club, and by his baked club[32m 0[2mms[22m[39m
   [32m✓[39m Club Manager ages for August 2026[2m > [22mthrows on a club matched date more than two years from the table, naming both ages[32m 0[2mms[22m[39m
   [32m✓[39m Club Manager ages for August 2026[2m > [22mthe namesake guard starts past two years: exactly two apart is the same man, three is not[32m 0[2mms[22m[39m
   [32m✓[39m Club Manager ages for August 2026[2m > [22mthrows on a row the rule was never measured on[32m 0[2mms[22m[39m
   [32m✓[39m Club Manager ages for August 2026[2m > [22mtwo ledgers that disagree about one man are fatal, and a date with no club must have a twin[32m 0[2mms[22m[39m
   [32m✓[39m the two script libraries stay pure, because the app imports them[2m > [22mscripts/lib/cmValueCurve.mjs has no import, no require, no file, clock, random or network read[32m 0[2mms[22m[39m
   [32m✓[39m the two script libraries stay pure, because the app imports them[2m > [22mscripts/lib/cmAges.mjs has no import, no require, no file, clock, random or network read[32m 0[2mms[22m[39m
   [32m✓[39m the birth date ledger: two publishers of two kinds a man, neither a wiki[2m > [22mthe checker itself fires: two statistics sites, a wiki, a date the page never printed, a thin row with no reason[32m 2[2mms[22m[39m
   [32m✓[39m the birth date ledger: two publishers of two kinds a man, neither a wiki[2m > [22mevery one of the 109 rows meets the rule, and none is thin[32m 14[2mms[22m[39m
   [32m✓[39m the birth date ledger: two publishers of two kinds a man, neither a wiki[2m > [22mevery bulk table row holds the age on 1 January of its year, which is what the rule stands on[32m 0[2mms[22m[39m
   [32m✓[39m the birth date ledger: two publishers of two kinds a man, neither a wiki[2m > [22mthe three ledgers join with no two dates for one man, and every ledger man is in his squad once[32m 3[2mms[22m[39m
   [32m✓[39m what every 2026 age will stand on (the basis file), man for man against the squads main ships[2m > [22mholds exactly the men of the squads file, in its order[32m 1[2mms[22m[39m
   [32m✓[39m what every 2026 age will stand on (the basis file), man for man against the squads main ships[2m > [22mevery line is what the ages rule resolves from the committed ledgers, and its last item is the value rating[32m 6[2mms[22m[39m
   [32m✓[39m what every 2026 age will stand on (the basis file), man for man against the squads main ships[2m > [22mthe eight 2026 men of the brief table come out of the files alone: squads file, basis, ages rule, age read[32m 2[2mms[22m[39m
   [32m✓[39m the folded final tables: two table publishers a league, neither a wiki[2m > [22mthe checker itself fires: one table publisher, a wiki as the second, a thin league with no reason[32m 1[2mms[22m[39m
   [32m✓[39m the folded final tables: two table publishers a league, neither a wiki[2m > [22mall 27 leagues meet the rule, none is thin, and every game club named is a club of the game[32m 5[2mms[22m[39m
   [32m✓[39m the folded final tables: two table publishers a league, neither a wiki[2m > [22magrees place for place with the final tables the game already ships (Round 612, a separate research run)[32m 0[2mms[22m[39m
   [32m✓[39m the folded final tables: two table publishers a league, neither a wiki[2m > [22mpoints never rise down a table, except where a split league starts a new group[32m 0[2mms[22m[39m
   [32m✓[39m the folded final tables: two table publishers a league, neither a wiki[2m > [22meach league still says what its spot checked page printed: the first row, a middle row and the last, club and points[32m 9[2mms[22m[39m
   [32m✓[39m the typed door the engine will import (src/lib/cmAgeRead.ts)[2m > [22mis the script library itself, not a second implementation[32m 0[2mms[22m[39m
[31m   [31m×[31m the typed door the engine will import (src/lib/cmAgeRead.ts)[2m > [22mreads a man through its types the way the engine will[39m[32m 1[2mms[22m[39m
[31m     → expected [ 85, 85, -2 ] to deeply equal [ 85, 84, -2 ][39m
   [32m✓[39m the typed door the engine will import (src/lib/cmAgeRead.ts)[2m > [22mnothing shipped imports it, or either script library, yet (part two deletes this test with its first import)[32m 99[2mms[22m[39m

[31m⎯⎯⎯⎯⎯⎯⎯[39m[1m[41m Failed Tests 4 [49m[22m[31m⎯⎯⎯⎯⎯⎯⎯[39m

[41m[1m FAIL [22m[49m src/test/cmValueCurve.test.ts[2m > [22mlevelFrom: the age read run backwards, total[2m > [22manswers a whole level from 48 to the top for every rating 48 to 99, every age 14 to 45, every top
[31m[1mAssertionError[22m: expected [ 48, 94, 85, 73 ] to deeply equal [ 48, 94, 85, 72 ][39m

[32m- Expected[39m
[31m+ Received[39m

[2m  [[22m
[2m    48,[22m
[2m    94,[22m
[2m    85,[22m
[32m-   72,[39m
[31m+   73,[39m
[2m  ][22m

[36m [2m❯[22m src/test/cmValueCurve.test.ts:[2m330:90[22m[39m
    [90m328| [39m    [34mexpect[39m(bad)[33m.[39m[34mtoEqual[39m([])[33m;[39m
    [90m329| [39m    /* and outside that grid: under the floor, over the cap, a boy, an…
    [90m330| [39m    expect([levelFrom(40, 20), levelFrom(120, 20), levelFrom(80, 9), l…
    [90m   | [39m                                                                                         [31m^[39m
    [90m331| [39m  })[33m;[39m
    [90m332| [39m

[31m[2m⎯⎯⎯⎯⎯⎯⎯⎯⎯⎯⎯⎯⎯⎯⎯⎯⎯⎯⎯⎯⎯⎯⎯⎯[1/4]⎯[22m[39m

[41m[1m FAIL [22m[49m src/test/cmValueCurve.test.ts[2m > [22mlevelFrom: the age read run backwards, total[2m > [22mit is the smallest level whose read is at least the rating, and the top when there is none
[31m[1mAssertionError[22m: expected [ …(5684) ] to deeply equal [][39m

[32m- Expected[39m
[31m+ Received[39m

[32m- [][39m
[31m+ [[39m
[31m+   "rating 48 at 14, top 94: 55",[39m
[31m+   "rating 49 at 14, top 94: 56",[39m
[31m+   "rating 50 at 14, top 94: 57",[39m
[31m+   "rating 51 at 14, top 94: 58",[39m
[31m+   "rating 52 at 14, top 94: 59",[39m
[31m+   "rating 53 at 14, top 94: 60",[39m
[31m+   "rating 54 at 14, top 94: 61",[39m
[31m+   "rating 55 at 14, top 94: 62",[39m
[31m+   "rating 56 at 14, top 94: 63",[39m
[31m+   "rating 57 at 14, top 94: 64",[39m
[31m+   "rating 58 at 14, top 94: 65",[39m
[31m+   "rating 59 at 14, top 94: 66",[39m
[31m+   "rating 60 at 14, top 94: 67",[39m
[31m+   "rating 61 at 14, top 94: 68",[39m
[31m+   "rating 62 at 14, top 94: 69",[39m
[31m+   "rating 63 at 14, top 94: 70",[39m
[31m+   "rating 64 at 14, top 94: 71",[39m
[31m+   "rating 65 at 14, top 94: 72",[39m
[31m+   "rating 66 at 14, top 94: 73",[39m
[31m+   "rating 67 at 14, top 94: 74",[39m
[31m+   "rating 68 at 14, top 94: 75",[39m
[31m+   "rating 69 at 14, top 94: 76",[39m
[31m+   "rating 70 at 14, top 94: 77",[39m
[31m+   "rating 71 at 14, top 94: 78",[39m
[31m+   "rating 72 at 14, top 94: 79",[39m
[31m+   "rating 73 at 14, top 94: 80",[39m
[31m+   "rating 74 at 14, top 94: 81",[39m
[31m+   "rating 75 at 14, top 94: 82",[39m
[31m+   "rating 76 at 14, top 94: 83",[39m
[31m+   "rating 78 at 14, top 94: 84",[39m
[31m+   "rating 79 at 14, top 94: 85",[39m
[31m+   "rating 81 at 14, top 94: 86",[39m
[31m+   "rating 82 at 14, top 94: 87",[39m
[31m+   "rating 84 at 14, top 94: 88",[39m
[31m+   "rating 85 at 14, top 94: 89",[39m
[31m+   "rating 87 at 14, top 94: 90",[39m
[31m+   "rating 88 at 14, top 94: 91",[39m
[31m+   "rating 90 at 14, top 94: 92",[39m
[31m+   "rating 91 at 14, top 94: 93",[39m
[31m+   "rating 93 at 14, top 94: 94",[39m
[31m+   "rating 48 at 15, top 94: 55",[39m
[31m+   "rating 49 at 15, top 94: 56",[39m
[31m+   "rating 50 at 15, top 94: 57",[39m
[31m+   "rating 51 at 15, top 94: 58",[39m
[31m+   "rating 52 at 15, top 94: 59",[39m
[31m+   "rating 53 at 15, top 94: 60",[39m
[31m+   "rating 54 at 15, top 94: 61",[39m
[31m+   "rating 55 at 15, top 94: 62",[39m
[31m+   "rating 56 at 15, top 94: 63",[39m
[31m+   "rating 57 at 15, top 94: 64",[39m
[31m+   "rating 58 at 15, top 94: 65",[39m
[31m+   "rating 59 at 15, top 94: 66",[39m
[31m+   "rating 60 at 15, top 94: 67",[39m
[31m+   "rating 61 at 15, top 94: 68",[39m
[31m+   "rating 62 at 15, top 94: 69",[39m
[31m+   "rating 63 at 15, top 94: 70",[39m
[31m+   "rating 64 at 15, top 94: 71",[39m
[31m+   "rating 65 at 15, top 94: 72",[39m
[31m+   "rating 66 at 15, top 94: 73",[39m
[31m+   "rating 67 at 15, top 94: 74",[39m
[31m+   "rating 68 at 15, top 94: 75",[39m
[31m+   "rating 69 at 15, top 94: 76",[39m
[31m+   "rating 70 at 15, top 94: 77",[39m
[31m+   "rating 71 at 15, top 94: 78",[39m
[31m+   "rating 72 at 15, top 94: 79",[39m
[31m+   "rating 73 at 15, top 94: 80",[39m
[31m+   "rating 74 at 15, top 94: 81",[39m
[31m+   "rating 75 at 15, top 94: 82",[39m
[31m+   "rating 76 at 15, top 94: 83",[39m
[31m+   "rating 78 at 15, top 94: 84",[39m
[31m+   "rating 79 at 15, top 94: 85",[39m
[31m+   "rating 81 at 15, top 94: 86",[39m
[31m+   "rating 82 at 15, top 94: 87",[39m
[31m+   "rating 84 at 15, top 94: 88",[39m
[31m+   "rating 85 at 15, top 94: 89",[39m
[31m+   "rating 87 at 15, top 94: 90",[39m
[31m+   "rating 88 at 15, top 94: 91",[39m
[31m+   "rating 90 at 15, top 94: 92",[39m
[31m+   "rating 91 at 15, top 94: 93",[39m
[31m+   "rating 93 at 15, top 94: 94",[39m
[31m+   "rating 48 at 16, top 94: 55",[39m
[31m+   "rating 49 at 16, top 94: 56",[39m
[31m+   "rating 50 at 16, top 94: 57",[39m
[31m+   "rating 51 at 16, top 94: 58",[39m
[31m+   "rating 52 at 16, top 94: 59",[39m
[31m+   "rating 53 at 16, top 94: 60",[39m
[31m+   "rating 54 at 16, top 94: 61",[39m
[31m+   "rating 55 at 16, top 94: 62",[39m
[31m+   "rating 56 at 16, top 94: 63",[39m
[31m+   "rating 57 at 16, top 94: 64",[39m
[31m+   "rating 58 at 16, top 94: 65",[39m
[31m+   "rating 59 at 16, top 94: 66",[39m
[31m+   "rating 60 at 16, top 94: 67",[39m
[31m+   "rating 61 at 16, top 94: 68",[39m
[31m+   "rating 62 at 16, top 94: 69",[39m
[31m+   "rating 63 at 16, top 94: 70",[39m
[31m+   "rating 64 at 16, top 94: 71",[39m
[31m+   "rating 65 at 16, top 94: 72",[39m
[31m+   "rating 66 at 16, top 94: 73",[39m
[31m+   "rating 67 at 16, top 94: 74",[39m
[31m+   "rating 68 at 16, top 94: 75",[39m
[31m+   "rating 69 at 16, top 94: 76",[39m
[31m+   "rating 70 at 16, top 94: 77",[39m
[31m+   "rating 71 at 16, top 94: 78",[39m
[31m+   "rating 72 at 16, top 94: 79",[39m
[31m+   "rating 73 at 16, top 94: 80",[39m
[31m+   "rating 74 at 16, top 94: 81",[39m
[31m+   "rating 75 at 16, top 94: 82",[39m
[31m+   "rating 76 at 16, top 94: 83",[39m
[31m+   "rating 78 at 16, top 94: 84",[39m
[31m+   "rating 79 at 16, top 94: 85",[39m
[31m+   "rating 81 at 16, top 94: 86",[39m
[31m+   "rating 82 at 16, top 94: 87",[39m
[31m+   "rating 84 at 16, top 94: 88",[39m
[31m+   "rating 85 at 16, top 94: 89",[39m
[31m+   "rating 87 at 16, top 94: 90",[39m
[31m+   "rating 88 at 16, top 94: 91",[39m
[31m+   "rating 90 at 16, top 94: 92",[39m
[31m+   "rating 91 at 16, top 94: 93",[39m
[31m+   "rating 93 at 16, top 94: 94",[39m
[31m+   "rating 48 at 17, top 94: 55",[39m
[31m+   "rating 49 at 17, top 94: 56",[39m
[31m+   "rating 50 at 17, top 94: 57",[39m
[31m+   "rating 51 at 17, top 94: 58",[39m
[31m+   "rating 52 at 17, top 94: 59",[39m
[31m+   "rating 53 at 17, top 94: 60",[39m
[31m+   "rating 54 at 17, top 94: 61",[39m
[31m+   "rating 55 at 17, top 94: 62",[39m
[31m+   "rating 56 at 17, top 94: 63",[39m
[31m+   "rating 57 at 17, top 94: 64",[39m
[31m+   "rating 58 at 17, top 94: 65",[39m
[31m+   "rating 59 at 17, top 94: 66",[39m
[31m+   "rating 60 at 17, top 94: 67",[39m
[31m+   "rating 61 at 17, top 94: 68",[39m
[31m+   "rating 62 at 17, top 94: 69",[39m
[31m+   "rating 63 at 17, top 94: 70",[39m
[31m+   "rating 64 at 17, top 94: 71",[39m
[31m+   "rating 65 at 17, top 94: 72",[39m
[31m+   "rating 66 at 17, top 94: 73",[39m
[31m+   "rating 67 at 17, top 94: 74",[39m
[31m+   "rating 68 at 17, top 94: 75",[39m
[31m+   "rating 69 at 17, top 94: 76",[39m
[31m+   "rating 70 at 17, top 94: 77",[39m
[31m+   "rating 71 at 17, top 94: 78",[39m
[31m+   "rating 72 at 17, top 94: 79",[39m
[31m+   "rating 73 at 17, top 94: 80",[39m
[31m+   "rating 74 at 17, top 94: 81",[39m
[31m+   "rating 75 at 17, top 94: 82",[39m
[31m+   "rating 76 at 17, top 94: 83",[39m
[31m+   "rating 78 at 17, top 94: 84",[39m
[31m+   "rating 79 at 17, top 94: 85",[39m
[31m+   "rating 81 at 17, top 94: 86",[39m
[31m+   "rating 82 at 17, top 94: 87",[39m
[31m+   "rating 84 at 17, top 94: 88",[39m
[31m+   "rating 85 at 17, top 94: 89",[39m
[31m+   "rating 87 at 17, top 94: 90",[39m
[31m+   "rating 88 at 17, top 94: 91",[39m
[31m+   "rating 90 at 17, top 94: 92",[39m
[31m+   "rating 91 at 17, top 94: 93",[39m
[31m+   "rating 93 at 17, top 94: 94",[39m
[31m+   "rating 48 at 18, top 94: 55",[39m
[31m+   "rating 49 at 18, top 94: 56",[39m
[31m+   "rating 50 at 18, top 94: 57",[39m
[31m+   "rating 51 at 18, top 94: 58",[39m
[31m+   "rating 52 at 18, top 94: 59",[39m
[31m+   "rating 53 at 18, top 94: 60",[39m
[31m+   "rating 54 at 18, top 94: 61",[39m
[31m+   "rating 55 at 18, top 94: 62",[39m
[31m+   "rating 56 at 18, top 94: 63",[39m
[31m+   "rating 57 at 18, top 94: 64",[39m
[31m+   "rating 58 at 18, top 94: 65",[39m
[31m+   "rating 59 at 18, top 94: 66",[39m
[31m+   "rating 60 at 18, top 94: 67",[39m
[31m+   "rating 61 at 18, top 94: 68",[39m
[31m+   "rating 62 at 18, top 94: 69",[39m
[31m+   "rating 63 at 18, top 94: 70",[39m
[31m+   "rating 64 at 18, top 94: 71",[39m
[31m+   "rating 65 at 18, top 94: 72",[39m
[31m+   "rating 66 at 18, top 94: 73",[39m
[31m+   "rating 67 at 18, top 94: 74",[39m
[31m+   "rating 68 at 18, top 94: 75",[39m
[31m+   "rating 69 at 18, top 94: 76",[39m
[31m+   "rating 70 at 18, top 94: 77",[39m
[31m+   "rating 71 at 18, top 94: 78",[39m
[31m+   "rating 72 at 18, top 94: 79",[39m
[31m+   "rating 73 at 18, top 94: 80",[39m
[31m+   "rating 74 at 18, top 94: 81",[39m
[31m+   "rating 75 at 18, top 94: 82",[39m
[31m+   "rating 76 at 18, top 94: 83",[39m
[31m+   "rating 78 at 18, top 94: 84",[39m
[31m+   "rating 79 at 18, top 94: 85",[39m
[31m+   "rating 81 at 18, top 94: 86",[39m
[31m+   "rating 82 at 18, top 94: 87",[39m
[31m+   "rating 84 at 18, top 94: 88",[39m
[31m+   "rating 85 at 18, top 94: 89",[39m
[31m+   "rating 87 at 18, top 94: 90",[39m
[31m+   "rating 88 at 18, top 94: 91",[39m
[31m+   "rating 90 at 18, top 94: 92",[39m
[31m+   "rating 91 at 18, top 94: 93",[39m
[31m+   "rating 93 at 18, top 94: 94",[39m
[31m+   "rating 48 at 19, top 94: 54",[39m
[31m+   "rating 49 at 19, top 94: 55",[39m
[31m+   "rating 50 at 19, top 94: 56",[39m
[31m+   "rating 51 at 19, top 94: 57",[39m
[31m+   "rating 52 at 19, top 94: 58",[39m
[31m+   "rating 53 at 19, top 94: 59",[39m
[31m+   "rating 54 at 19, top 94: 60",[39m
[31m+   "rating 55 at 19, top 94: 61",[39m
[31m+   "rating 56 at 19, top 94: 62",[39m
[31m+   "rating 57 at 19, top 94: 63",[39m
[31m+   "rating 58 at 19, top 94: 64",[39m
[31m+   "rating 59 at 19, top 94: 65",[39m
[31m+   "rating 60 at 19, top 94: 66",[39m
[31m+   "rating 61 at 19, top 94: 67",[39m
[31m+   "rating 62 at 19, top 94: 68",[39m
[31m+   "rating 63 at 19, top 94: 69",[39m
[31m+   "rating 64 at 19, top 94: 70",[39m
[31m+   "rating 65 at 19, top 94: 71",[39m
[31m+   "rating 66 at 19, top 94: 72",[39m
[31m+   "rating 67 at 19, top 94: 73",[39m
[31m+   "rating 68 at 19, top 94: 74",[39m
[31m+   "rating 69 at 19, top 94: 75",[39m
[31m+   "rating 70 at 19, top 94: 76",[39m
[31m+   "rating 71 at 19, top 94: 77",[39m
[31m+   "rating 72 at 19, top 94: 78",[39m
[31m+   "rating 73 at 19, top 94: 79",[39m
[31m+   "rating 74 at 19, top 94: 80",[39m
[31m+   "rating 75 at 19, top 94: 81",[39m
[31m+   "rating 76 at 19, top 94: 82",[39m
[31m+   "rating 77 at 19, top 94: 83",[39m
[31m+   "rating 78 at 19, top 94: 84",[39m
[31m+   "rating 79 at 19, top 94: 85",[39m
[31m+   "rating 81 at 19, top 94: 86",[39m
[31m+   "rating 82 at 19, top 94: 87",[39m
[31m+   "rating 84 at 19, top 94: 88",[39m
[31m+   "rating 85 at 19, top 94: 89",[39m
[31m+   "rating 87 at 19, top 94: 90",[39m
[31m+   "rating 88 at 19, top 94: 91",[39m
[31m+   "rating 90 at 19, top 94: 92",[39m
[31m+   "rating 91 at 19, top 94: 93",[39m
[31m+   "rating 93 at 19, top 94: 94",[39m
[31m+   "rating 48 at 20, top 94: 53",[39m
[31m+   "rating 49 at 20, top 94: 54",[39m
[31m+   "rating 50 at 20, top 94: 55",[39m
[31m+   "rating 51 at 20, top 94: 56",[39m
[31m+   "rating 52 at 20, top 94: 57",[39m
[31m+   "rating 53 at 20, top 94: 58",[39m
[31m+   "rating 54 at 20, top 94: 59",[39m
[31m+   "rating 55 at 20, top 94: 60",[39m
[31m+   "rating 56 at 20, top 94: 61",[39m
[31m+   "rating 57 at 20, top 94: 62",[39m
[31m+   "rating 58 at 20, top 94: 63",[39m
[31m+   "rating 59 at 20, top 94: 64",[39m
[31m+   "rating 60 at 20, top 94: 65",[39m
[31m+   "rating 61 at 20, top 94: 66",[39m
[31m+   "rating 62 at 20, top 94: 67",[39m
[31m+   "rating 63 at 20, top 94: 68",[39m
[31m+   "rating 64 at 20, top 94: 69",[39m
[31m+   "rating 65 at 20, top 94: 70",[39m
[31m+   "rating 66 at 20, top 94: 71",[39m
[31m+   "rating 67 at 20, top 94: 72",[39m
[31m+   "rating 68 at 20, top 94: 73",[39m
[31m+   "rating 69 at 20, top 94: 74",[39m
[31m+   "rating 70 at 20, top 94: 75",[39m
[31m+   "rating 71 at 20, top 94: 76",[39m
[31m+   "rating 72 at 20, top 94: 77",[39m
[31m+   "rating 73 at 20, top 94: 78",[39m
[31m+   "rating 74 at 20, top 94: 79",[39m
[31m+   "rating 75 at 20, top 94: 80",[39m
[31m+   "rating 76 at 20, top 94: 81",[39m
[31m+   "rating 77 at 20, top 94: 82",[39m
[31m+   "rating 78 at 20, top 94: 83",[39m
[31m+   "rating 79 at 20, top 94: 84",[39m
[31m+   "rating 80 at 20, top 94: 85",[39m
[31m+   "rating 81 at 20, top 94: 86",[39m
[31m+   "rating 82 at 20, top 94: 87",[39m
[31m+   "rating 84 at 20, top 94: 88",[39m
[31m+   "rating 85 at 20, top 94: 89",[39m
[31m+   "rating 87 at 20, top 94: 90",[39m
[31m+   "rating 88 at 20, top 94: 91",[39m
[31m+   "rating 90 at 20, top 94: 92",[39m
[31m+   "rating 91 at 20, top 94: 93",[39m
[31m+   "rating 93 at 20, top 94: 94",[39m
[31m+   "rating 48 at 21, top 94: 52",[39m
[31m+   "rating 49 at 21, top 94: 53",[39m
[31m+   "rating 50 at 21, top 94: 54",[39m
[31m+   "rating 51 at 21, top 94: 55",[39m
[31m+   "rating 52 at 21, top 94: 56",[39m
[31m+   "rating 53 at 21, top 94: 57",[39m
[31m+   "rating 54 at 21, top 94: 58",[39m
[31m+   "rating 55 at 21, top 94: 59",[39m
[31m+   "rating 56 at 21, top 94: 60",[39m
[31m+   "rating 57 at 21, top 94: 61",[39m
[31m+   "rating 58 at 21, top 94: 62",[39m
[31m+   "rating 59 at 21, top 94: 63",[39m
[31m+   "rating 60 at 21, top 94: 64",[39m
[31m+   "rating 61 at 21, top 94: 65",[39m
[31m+   "rating 62 at 21, top 94: 66",[39m
[31m+   "rating 63 at 21, top 94: 67",[39m
[31m+   "rating 64 at 21, top 94: 68",[39m
[31m+   "rating 65 at 21, top 94: 69",[39m
[31m+   "rating 66 at 21, top 94: 70",[39m
[31m+   "rating 67 at 21, top 94: 71",[39m
[31m+   "rating 68 at 21, top 94: 72",[39m
[31m+   "rating 69 at 21, top 94: 73",[39m
[31m+   "rating 70 at 21, top 94: 74",[39m
[31m+   "rating 71 at 21, top 94: 75",[39m
[31m+   "rating 72 at 21, top 94: 76",[39m
[31m+   "rating 73 at 21, top 94: 77",[39m
[31m+   "rating 74 at 21, top 94: 78",[39m
[31m+   "rating 75 at 21, top 94: 79",[39m
[31m+   "rating 76 at 21, top 94: 80",[39m
[31m+   "rating 77 at 21, top 94: 81",[39m
[31m+   "rating 78 at 21, top 94: 82",[39m
[31m+   "rating 79 at 21, top 94: 83",[39m
[31m+   "rating 80 at 21, top 94: 84",[39m
[31m+   "rating 81 at 21, top 94: 85",[39m
[31m+   "rating 82 at 21, top 94: 86",[39m
[31m+   "rating 83 at 21, top 94: 87",[39m
[31m+   "rating 84 at 21, top 94: 88",[39m
[31m+   "rating 85 at 21, top 94: 89",[39m
[31m+   "rating 87 at 21, top 94: 90",[39m
[31m+   "rating 88 at 21, top 94: 91",[39m
[31m+   "rating 90 at 21, top 94: 92",[39m
[31m+   "rating 91 at 21, top 94: 93",[39m
[31m+   "rating 93 at 21, top 94: 94",[39m
[31m+   "rating 48 at 22, top 94: 51",[39m
[31m+   "rating 49 at 22, top 94: 52",[39m
[31m+   "rating 50 at 22, top 94: 53",[39m
[31m+   "rating 51 at 22, top 94: 54",[39m
[31m+   "rating 52 at 22, top 94: 55",[39m
[31m+   "rating 53 at 22, top 94: 56",[39m
[31m+   "rating 54 at 22, top 94: 57",[39m
[31m+   "rating 55 at 22, top 94: 58",[39m
[31m+   "rating 56 at 22, top 94: 59",[39m
[31m+   "rating 57 at 22, top 94: 60",[39m
[31m+   "rating 58 at 22, top 94: 61",[39m
[31m+   "rating 59 at 22, top 94: 62",[39m
[31m+   "rating 60 at 22, top 94: 63",[39m
[31m+   "rating 61 at 22, top 94: 64",[39m
[31m+   "rating 62 at 22, top 94: 65",[39m
[31m+   "rating 63 at 22, top 94: 66",[39m
[31m+   "rating 64 at 22, top 94: 67",[39m
[31m+   "rating 65 at 22, top 94: 68",[39m
[31m+   "rating 66 at 22, top 94: 69",[39m
[31m+   "rating 67 at 22, top 94: 70",[39m
[31m+   "rating 68 at 22, top 94: 71",[39m
[31m+   "rating 69 at 22, top 94: 72",[39m
[31m+   "rating 70 at 22, top 94: 73",[39m
[31m+   "rating 71 at 22, top 94: 74",[39m
[31m+   "rating 72 at 22, top 94: 75",[39m
[31m+   "rating 73 at 22, top 94: 76",[39m
[31m+   "rating 74 at 22, top 94: 77",[39m
[31m+   "rating 75 at 22, top 94: 78",[39m
[31m+   "rating 76 at 22, top 94: 79",[39m
[31m+   "rating 77 at 22, top 94: 80",[39m
[31m+   "rating 78 at 22, top 94: 81",[39m
[31m+   "rating 79 at 22, top 94: 82",[39m
[31m+   "rating 80 at 22, top 94: 83",[39m
[31m+   "rating 81 at 22, top 94: 84",[39m
[31m+   "rating 82 at 22, top 94: 85",[39m
[31m+   "rating 83 at 22, top 94: 86",[39m
[31m+   "rating 84 at 22, top 94: 87",[39m
[31m+   "rating 85 at 22, top 94: 88",[39m
[31m+   "rating 86 at 22, top 94: 89",[39m
[31m+   "rating 87 at 22, top 94: 90",[39m
[31m+   "rating 88 at 22, top 94: 91",[39m
[31m+   "rating 90 at 22, top 94: 92",[39m
[31m+   "rating 91 at 22, top 94: 93",[39m
[31m+   "rating 93 at 22, top 94: 94",[39m
[31m+   "rating 48 at 23, top 94: 50",[39m
[31m+   "rating 49 at 23, top 94: 51",[39m
[31m+   "rating 50 at 23, top 94: 52",[39m
[31m+   "rating 51 at 23, top 94: 53",[39m
[31m+   "rating 52 at 23, top 94: 54",[39m
[31m+   "rating 53 at 23, top 94: 55",[39m
[31m+   "rating 54 at 23, top 94: 56",[39m
[31m+   "rating 55 at 23, top 94: 57",[39m
[31m+   "rating 56 at 23, top 94: 58",[39m
[31m+   "rating 57 at 23, top 94: 59",[39m
[31m+   "rating 58 at 23, top 94: 60",[39m
[31m+   "rating 59 at 23, top 94: 61",[39m
[31m+   "rating 60 at 23, top 94: 62",[39m
[31m+   "rating 61 at 23, top 94: 63",[39m
[31m+   "rating 62 at 23, top 94: 64",[39m
[31m+   "rating 63 at 23, top 94: 65",[39m
[31m+   "rating 64 at 23, top 94: 66",[39m
[31m+   "rating 65 at 23, top 94: 67",[39m
[31m+   "rating 66 at 23, top 94: 68",[39m
[31m+   "rating 67 at 23, top 94: 69",[39m
[31m+   "rating 68 at 23, top 94: 70",[39m
[31m+   "rating 69 at 23, top 94: 71",[39m
[31m+   "rating 70 at 23, top 94: 72",[39m
[31m+   "rating 71 at 23, top 94: 73",[39m
[31m+   "rating 72 at 23, top 94: 74",[39m
[31m+   "rating 73 at 23, top 94: 75",[39m
[31m+   "rating 74 at 23, top 94: 76",[39m
[31m+   "rating 75 at 23, top 94: 77",[39m
[31m+   "rating 76 at 23, top 94: 78",[39m
[31m+   "rating 77 at 23, top 94: 79",[39m
[31m+   "rating 78 at 23, top 94: 80",[39m
[31m+   "rating 79 at 23, top 94: 81",[39m
[31m+   "rating 80 at 23, top 94: 82",[39m
[31m+   "rating 81 at 23, top 94: 83",[39m
[31m+   "rating 82 at 23, top 94: 84",[39m
[31m+   "rating 83 at 23, top 94: 85",[39m
[31m+   "rating 84 at 23, top 94: 86",[39m
[31m+   "rating 85 at 23, top 94: 87",[39m
[31m+   "rating 86 at 23, top 94: 88",[39m
[31m+   "rating 87 at 23, top 94: 89",[39m
[31m+   "rating 88 at 23, top 94: 90",[39m
[31m+   "rating 89 at 23, top 94: 91",[39m
[31m+   "rating 90 at 23, top 94: 92",[39m
[31m+   "rating 91 at 23, top 94: 93",[39m
[31m+   "rating 93 at 23, top 94: 94",[39m
[31m+   "rating 48 at 24, top 94: 49",[39m
[31m+   "rating 49 at 24, top 94: 50",[39m
[31m+   "rating 50 at 24, top 94: 51",[39m
[31m+   "rating 51 at 24, top 94: 52",[39m
[31m+   "rating 52 at 24, top 94: 53",[39m
[31m+   "rating 53 at 24, top 94: 54",[39m
[31m+   "rating 54 at 24, top 94: 55",[39m
[31m+   "rating 55 at 24, top 94: 56",[39m
[31m+   "rating 56 at 24, top 94: 57",[39m
[31m+   "rating 57 at 24, top 94: 58",[39m
[31m+   "rating 58 at 24, top 94: 59",[39m
[31m+   "rating 59 at 24, top 94: 60",[39m
[31m+   "rating 60 at 24, top 94: 61",[39m
[31m+   "rating 61 at 24, top 94: 62",[39m
[31m+   "rating 62 at 24, top 94: 63",[39m
[31m+   "rating 63 at 24, top 94: 64",[39m
[31m+   "rating 64 at 24, top 94: 65",[39m
[31m+   "rating 65 at 24, top 94: 66",[39m
[31m+   "rating 66 at 24, top 94: 67",[39m
[31m+   "rating 67 at 24, top 94: 68",[39m
[31m+   "rating 68 at 24, top 94: 69",[39m
[31m+   "rating 69 at 24, top 94: 70",[39m
[31m+   "rating 70 at 24, top 94: 71",[39m
[31m+   "rating 71 at 24, top 94: 72",[39m
[31m+   "rating 72 at 24, top 94: 73",[39m
[31m+   "rating 73 at 24, top 94: 74",[39m
[31m+   "rating 74 at 24, top 94: 75",[39m
[31m+   "rating 75 at 24, top 94: 76",[39m
[31m+   "rating 76 at 24, top 94: 77",[39m
[31m+   "rating 77 at 24, top 94: 78",[39m
[31m+   "rating 78 at 24, top 94: 79",[39m
[31m+   "rating 79 at 24, top 94: 80",[39m
[31m+   "rating 80 at 24, top 94: 81",[39m
[31m+   "rating 81 at 24, top 94: 82",[39m
[31m+   "rating 82 at 24, top 94: 83",[39m
[31m+   "rating 83 at 24, top 94: 84",[39m
[31m+   "rating 84 at 24, top 94: 85",[39m
[31m+   "rating 85 at 24, top 94: 86",[39m
[31m+   "rating 86 at 24, top 94: 87",[39m
[31m+   "rating 87 at 24, top 94: 88",[39m
[31m+   "rating 88 at 24, top 94: 89",[39m
[31m+   "rating 89 at 24, top 94: 90",[39m
[31m+   "rating 90 at 24, top 94: 91",[39m
[31m+   "rating 91 at 24, top 94: 92",[39m
[31m+   "rating 92 at 24, top 94: 93",[39m
[31m+   "rating 93 at 24, top 94: 94",[39m
[31m+   "rating 48 at 25, top 94: 49",[39m
[31m+   "rating 49 at 25, top 94: 50",[39m
[31m+   "rating 50 at 25, top 94: 51",[39m
[31m+   "rating 51 at 25, top 94: 52",[39m
[31m+   "rating 52 at 25, top 94: 53",[39m
[31m+   "rating 53 at 25, top 94: 54",[39m
[31m+   "rating 54 at 25, top 94: 55",[39m
[31m+   "rating 55 at 25, top 94: 56",[39m
[31m+   "rating 56 at 25, top 94: 57",[39m
[31m+   "rating 57 at 25, top 94: 58",[39m
[31m+   "rating 58 at 25, top 94: 59",[39m
[31m+   "rating 59 at 25, top 94: 60",[39m
[31m+   "rating 60 at 25, top 94: 61",[39m
[31m+   "rating 61 at 25, top 94: 62",[39m
[31m+   "rating 62 at 25, top 94: 63",[39m
[31m+   "rating 63 at 25, top 94: 64",[39m
[31m+   "rating 64 at 25, top 94: 65",[39m
[31m+   "rating 65 at 25, top 94: 66",[39m
[31m+   "rating 66 at 25, top 94: 67",[39m
[31m+   "rating 67 at 25, top 94: 68",[39m
[31m+   "rating 68 at 25, top 94: 69",[39m
[31m+   "rating 69 at 25, top 94: 70",[39m
[31m+   "rating 70 at 25, top 94: 71",[39m
[31m+   "rating 71 at 25, top 94: 72",[39m
[31m+   "rating 72 at 25, top 94: 73",[39m
[31m+   "rating 73 at 25, top 94: 74",[39m
[31m+   "rating 74 at 25, top 94: 75",[39m
[31m+   "rating 75 at 25, top 94: 76",[39m
[31m+   "rating 76 at 25, top 94: 77",[39m
[31m+   "rating 77 at 25, top 94: 78",[39m
[31m+   "rating 78 at 25, top 94: 79",[39m
[31m+   "rating 79 at 25, top 94: 80",[39m
[31m+   "rating 80 at 25, top 94: 81",[39m
[31m+   "rating 81 at 25, top 94: 82",[39m
[31m+   "rating 82 at 25, top 94: 83",[39m
[31m+   "rating 83 at 25, top 94: 84",[39m
[31m+   "rating 84 at 25, top 94: 85",[39m
[31m+   "rating 85 at 25, top 94: 86",[39m
[31m+   "rating 86 at 25, top 94: 87",[39m
[31m+   "rating 87 at 25, top 94: 88",[39m
[31m+   "rating 88 at 25, top 94: 89",[39m
[31m+   "rating 89 at 25, top 94: 90",[39m
[31m+   "rating 90 at 25, top 94: 91",[39m
[31m+   "rating 91 at 25, top 94: 92",[39m
[31m+   "rating 92 at 25, top 94: 93",[39m
[31m+   "rating 93 at 25, top 94: 94",[39m
[31m+   "rating 48 at 26, top 94: 49",[39m
[31m+   "rating 49 at 26, top 94: 50",[39m
[31m+   "rating 50 at 26, top 94: 51",[39m
[31m+   "rating 51 at 26, top 94: 52",[39m
[31m+   "rating 52 at 26, top 94: 53",[39m
[31m+   "rating 53 at 26, top 94: 54",[39m
[31m+   "rating 54 at 26, top 94: 55",[39m
[31m+   "rating 55 at 26, top 94: 56",[39m
[31m+   "rating 56 at 26, top 94: 57",[39m
[31m+   "rating 57 at 26, top 94: 58",[39m
[31m+   "rating 58 at 26, top 94: 59",[39m
[31m+   "rating 59 at 26, top 94: 60",[39m
[31m+   "rating 60 at 26, top 94: 61",[39m
[31m+   "rating 61 at 26, top 94: 62",[39m
[31m+   "rating 62 at 26, top 94: 63",[39m
[31m+   "rating 63 at 26, top 94: 64",[39m
[31m+   "rating 64 at 26, top 94: 65",[39m
[31m+   "rating 65 at 26, top 94: 66",[39m
[31m+   "rating 66 at 26, top 94: 67",[39m
[31m+   "rating 67 at 26, top 94: 68",[39m
[31m+   "rating 68 at 26, top 94: 69",[39m
[31m+   "rating 69 at 26, top 94: 70",[39m
[31m+   "rating 70 at 26, top 94: 71",[39m
[31m+   "rating 71 at 26, top 94: 72",[39m
[31m+   "rating 72 at 26, top 94: 73",[39m
[31m+   "rating 73 at 26, top 94: 74",[39m
[31m+   "rating 74 at 26, top 94: 75",[39m
[31m+   "rating 75 at 26, top 94: 76",[39m
[31m+   "rating 76 at 26, top 94: 77",[39m
[31m+   "rating 77 at 26, top 94: 78",[39m
[31m+   "rating 78 at 26, top 94: 79",[39m
[31m+   "rating 79 at 26, top 94: 80",[39m
[31m+   "rating 80 at 26, top 94: 81",[39m
[31m+   "rating 81 at 26, top 94: 82",[39m
[31m+   "rating 82 at 26, top 94: 83",[39m
[31m+   "rating 83 at 26, top 94: 84",[39m
[31m+   "rating 84 at 26, top 94: 85",[39m
[31m+   "rating 85 at 26, top 94: 86",[39m
[31m+   "rating 86 at 26, top 94: 87",[39m
[31m+   "rating 87 at 26, top 94: 88",[39m
[31m+   "rating 88 at 26, top 94: 89",[39m
[31m+   "rating 89 at 26, top 94: 90",[39m
[31m+   "rating 90 at 26, top 94: 91",[39m
[31m+   "rating 91 at 26, top 94: 92",[39m
[31m+   "rating 92 at 26, top 94: 93",[39m
[31m+   "rating 93 at 26, top 94: 94",[39m
[31m+   "rating 48 at 27, top 94: 49",[39m
[31m+   "rating 49 at 27, top 94: 50",[39m
[31m+   "rating 50 at 27, top 94: 51",[39m
[31m+   "rating 51 at 27, top 94: 52",[39m
[31m+   "rating 52 at 27, top 94: 53",[39m
[31m+   "rating 53 at 27, top 94: 54",[39m
[31m+   "rating 54 at 27, top 94: 55",[39m
[31m+   "rating 55 at 27, top 94: 56",[39m
[31m+   "rating 56 at 27, top 94: 57",[39m
[31m+   "rating 57 at 27, top 94: 58",[39m
[31m+   "rating 58 at 27, top 94: 59",[39m
[31m+   "rating 59 at 27, top 94: 60",[39m
[31m+   "rating 60 at 27, top 94: 61",[39m
[31m+   "rating 61 at 27, top 94: 62",[39m
[31m+   "rating 62 at 27, top 94: 63",[39m
[31m+   "rating 63 at 27, top 94: 64",[39m
[31m+   "rating 64 at 27, top 94: 65",[39m
[31m+   "rating 65 at 27, top 94: 66",[39m
[31m+   "rating 66 at 27, top 94: 67",[39m
[31m+   "rating 67 at 27, top 94: 68",[39m
[31m+   "rating 68 at 27, top 94: 69",[39m
[31m+   "rating 69 at 27, top 94: 70",[39m
[31m+   "rating 70 at 27, top 94: 71",[39m
[31m+   "rating 71 at 27, top 94: 72",[39m
[31m+   "rating 72 at 27, top 94: 73",[39m
[31m+   "rating 73 at 27, top 94: 74",[39m
[31m+   "rating 74 at 27, top 94: 75",[39m
[31m+   "rating 75 at 27, top 94: 76",[39m
[31m+   "rating 76 at 27, top 94: 77",[39m
[31m+   "rating 77 at 27, top 94: 78",[39m
[31m+   "rating 78 at 27, top 94: 79",[39m
[31m+   "rating 79 at 27, top 94: 80",[39m
[31m+   "rating 80 at 27, top 94: 81",[39m
[31m+   "rating 81 at 27, top 94: 82",[39m
[31m+   "rating 82 at 27, top 94: 83",[39m
[31m+   "rating 83 at 27, top 94: 84",[39m
[31m+   "rating 84 at 27, top 94: 85",[39m
[31m+   "rating 85 at 27, top 94: 86",[39m
[31m+   "rating 86 at 27, top 94: 87",[39m
[31m+   "rating 87 at 27, top 94: 88",[39m
[31m+   "rating 88 at 27, top 94: 89",[39m
[31m+   "rating 89 at 27, top 94: 90",[39m
[31m+   "rating 90 at 27, top 94: 91",[39m
[31m+   "rating 91 at 27, top 94: 92",[39m
[31m+   "rating 92 at 27, top 94: 93",[39m
[31m+   "rating 93 at 27, top 94: 94",[39m
[31m+   "rating 48 at 28, top 94: 49",[39m
[31m+   "rating 49 at 28, top 94: 50",[39m
[31m+   "rating 50 at 28, top 94: 51",[39m
[31m+   "rating 51 at 28, top 94: 52",[39m
[31m+   "rating 52 at 28, top 94: 53",[39m
[31m+   "rating 53 at 28, top 94: 54",[39m
[31m+   "rating 54 at 28, top 94: 55",[39m
[31m+   "rating 55 at 28, top 94: 56",[39m
[31m+   "rating 56 at 28, top 94: 57",[39m
[31m+   "rating 57 at 28, top 94: 58",[39m
[31m+   "rating 58 at 28, top 94: 59",[39m
[31m+   "rating 59 at 28, top 94: 60",[39m
[31m+   "rating 60 at 28, top 94: 61",[39m
[31m+   "rating 61 at 28, top 94: 62",[39m
[31m+   "rating 62 at 28, top 94: 63",[39m
[31m+   "rating 63 at 28, top 94: 64",[39m
[31m+   "rating 64 at 28, top 94: 65",[39m
[31m+   "rating 65 at 28, top 94: 66",[39m
[31m+   "rating 66 at 28, top 94: 67",[39m
[31m+   "rating 67 at 28, top 94: 68",[39m
[31m+   "rating 68 at 28, top 94: 69",[39m
[31m+   "rating 69 at 28, top 94: 70",[39m
[31m+   "rating 70 at 28, top 94: 71",[39m
[31m+   "rating 71 at 28, top 94: 72",[39m
[31m+   "rating 72 at 28, top 94: 73",[39m
[31m+   "rating 73 at 28, top 94: 74",[39m
[31m+   "rating 74 at 28, top 94: 75",[39m
[31m+   "rating 75 at 28, top 94: 76",[39m
[31m+   "rating 76 at 28, top 94: 77",[39m
[31m+   "rating 77 at 28, top 94: 78",[39m
[31m+   "rating 78 at 28, top 94: 79",[39m
[31m+   "rating 79 at 28, top 94: 80",[39m
[31m+   "rating 80 at 28, top 94: 81",[39m
[31m+   "rating 81 at 28, top 94: 82",[39m
[31m+   "rating 82 at 28, top 94: 83",[39m
[31m+   "rating 83 at 28, top 94: 84",[39m
[31m+   "rating 84 at 28, top 94: 85",[39m
[31m+   "rating 85 at 28, top 94: 86",[39m
[31m+   "rating 86 at 28, top 94: 87",[39m
[31m+   "rating 87 at 28, top 94: 88",[39m
[31m+   "rating 88 at 28, top 94: 89",[39m
[31m+   "rating 89 at 28, top 94: 90",[39m
[31m+   "rating 90 at 28, top 94: 91",[39m
[31m+   "rating 91 at 28, top 94: 92",[39m
[31m+   "rating 92 at 28, top 94: 93",[39m
[31m+   "rating 93 at 28, top 94: 94",[39m
[31m+   "rating 48 at 29, top 94: 49",[39m
[31m+   "rating 49 at 29, top 94: 50",[39m
[31m+   "rating 50 at 29, top 94: 51",[39m
[31m+   "rating 51 at 29, top 94: 52",[39m
[31m+   "rating 52 at 29, top 94: 53",[39m
[31m+   "rating 53 at 29, top 94: 54",[39m
[31m+   "rating 54 at 29, top 94: 55",[39m
[31m+   "rating 55 at 29, top 94: 56",[39m
[31m+   "rating 56 at 29, top 94: 57",[39m
[31m+   "rating 57 at 29, top 94: 58",[39m
[31m+   "rating 58 at 29, top 94: 59",[39m
[31m+   "rating 59 at 29, top 94: 60",[39m
[31m+   "rating 60 at 29, top 94: 61",[39m
[31m+   "rating 61 at 29, top 94: 62",[39m
[31m+   "rating 62 at 29, top 94: 63",[39m
[31m+   "rating 63 at 29, top 94: 64",[39m
[31m+   "rating 64 at 29, top 94: 65",[39m
[31m+   "rating 65 at 29, top 94: 66",[39m
[31m+   "rating 66 at 29, top 94: 67",[39m
[31m+   "rating 67 at 29, top 94: 68",[39m
[31m+   "rating 68 at 29, top 94: 69",[39m
[31m+   "rating 69 at 29, top 94: 70",[39m
[31m+   "rating 70 at 29, top 94: 71",[39m
[31m+   "rating 71 at 29, top 94: 72",[39m
[31m+   "rating 72 at 29, top 94: 73",[39m
[31m+   "rating 73 at 29, top 94: 74",[39m
[31m+   "rating 74 at 29, top 94: 75",[39m
[31m+   "rating 75 at 29, top 94: 76",[39m
[31m+   "rating 76 at 29, top 94: 77",[39m
[31m+   "rating 77 at 29, top 94: 78",[39m
[31m+   "rating 78 at 29, top 94: 79",[39m
[31m+   "rating 79 at 29, top 94: 80",[39m
[31m+   "rating 80 at 29, top 94: 81",[39m
[31m+   "rating 81 at 29, top 94: 82",[39m
[31m+   "rating 82 at 29, top 94: 83",[39m
[31m+   "rating 83 at 29, top 94: 84",[39m
[31m+   "rating 84 at 29, top 94: 85",[39m
[31m+   "rating 85 at 29, top 94: 86",[39m
[31m+   "rating 86 at 29, top 94: 87",[39m
[31m+   "rating 87 at 29, top 94: 88",[39m
[31m+   "rating 88 at 29, top 94: 89",[39m
[31m+   "rating 89 at 29, top 94: 90",[39m
[31m+   "rating 90 at 29, top 94: 91",[39m
[31m+   "rating 91 at 29, top 94: 92",[39m
[31m+   "rating 92 at 29, top 94: 93",[39m
[31m+   "rating 93 at 29, top 94: 94",[39m
[31m+   "rating 49 at 30, top 94: 49",[39m
[31m+   "rating 50 at 30, top 94: 50",[39m
[31m+   "rating 51 at 30, top 94: 51",[39m
[31m+   "rating 52 at 30, top 94: 52",[39m
[31m+   "rating 53 at 30, top 94: 53",[39m
[31m+   "rating 54 at 30, top 94: 54",[39m
[31m+   "rating 55 at 30, top 94: 55",[39m
[31m+   "rating 56 at 30, top 94: 56",[39m
[31m+   "rating 57 at 30, top 94: 57",[39m
[31m+   "rating 58 at 30, top 94: 58",[39m
[31m+   "rating 59 at 30, top 94: 59",[39m
[31m+   "rating 60 at 30, top 94: 60",[39m
[31m+   "rating 61 at 30, top 94: 61",[39m
[31m+   "rating 62 at 30, top 94: 62",[39m
[31m+   "rating 63 at 30, top 94: 63",[39m
[31m+   "rating 64 at 30, top 94: 64",[39m
[31m+   "rating 65 at 30, top 94: 65",[39m
[31m+   "rating 66 at 30, top 94: 66",[39m
[31m+   "rating 67 at 30, top 94: 67",[39m
[31m+   "rating 68 at 30, top 94: 68",[39m
[31m+   "rating 69 at 30, top 94: 69",[39m
[31m+   "rating 70 at 30, top 94: 70",[39m
[31m+   "rating 71 at 30, top 94: 71",[39m
[31m+   "rating 72 at 30, top 94: 72",[39m
[31m+   "rating 73 at 30, top 94: 73",[39m
[31m+   "rating 74 at 30, top 94: 74",[39m
[31m+   "rating 75 at 30, top 94: 75",[39m
[31m+   "rating 76 at 30, top 94: 76",[39m
[31m+   "rating 77 at 30, top 94: 77",[39m
[31m+   "rating 78 at 30, top 94: 78",[39m
[31m+   "rating 79 at 30, top 94: 79",[39m
[31m+   "rating 80 at 30, top 94: 80",[39m
[31m+   "rating 81 at 30, top 94: 81",[39m
[31m+   "rating 82 at 30, top 94: 82",[39m
[31m+   "rating 83 at 30, top 94: 83",[39m
[31m+   "rating 84 at 30, top 94: 84",[39m
[31m+   "rating 85 at 30, top 94: 85",[39m
[31m+   "rating 86 at 30, top 94: 86",[39m
[31m+   "rating 87 at 30, top 94: 87",[39m
[31m+   "rating 88 at 30, top 94: 88",[39m
[31m+   "rating 89 at 30, top 94: 89",[39m
[31m+   "rating 90 at 30, top 94: 90",[39m
[31m+   "rating 91 at 30, top 94: 91",[39m
[31m+   "rating 92 at 30, top 94: 92",[39m
[31m+   "rating 93 at 30, top 94: 93",[39m
[31m+   "rating 94 at 30, top 94: 94",[39m
[31m+   "rating 50 at 31, top 94: 49",[39m
[31m+   "rating 51 at 31, top 94: 50",[39m
[31m+   "rating 52 at 31, top 94: 51",[39m
[31m+   "rating 53 at 31, top 94: 52",[39m
[31m+   "rating 54 at 31, top 94: 53",[39m
[31m+   "rating 55 at 31, top 94: 54",[39m
[31m+   "rating 56 at 31, top 94: 55",[39m
[31m+   "rating 57 at 31, top 94: 56",[39m
[31m+   "rating 58 at 31, top 94: 57",[39m
[31m+   "rating 59 at 31, top 94: 58",[39m
[31m+   "rating 60 at 31, top 94: 59",[39m
[31m+   "rating 61 at 31, top 94: 60",[39m
[31m+   "rating 62 at 31, top 94: 61",[39m
[31m+   "rating 63 at 31, top 94: 62",[39m
[31m+   "rating 64 at 31, top 94: 63",[39m
[31m+   "rating 65 at 31, top 94: 64",[39m
[31m+   "rating 66 at 31, top 94: 65",[39m
[31m+   "rating 67 at 31, top 94: 66",[39m
[31m+   "rating 68 at 31, top 94: 67",[39m
[31m+   "rating 69 at 31, top 94: 68",[39m
[31m+   "rating 70 at 31, top 94: 69",[39m
[31m+   "rating 71 at 31, top 94: 70",[39m
[31m+   "rating 72 at 31, top 94: 71",[39m
[31m+   "rating 73 at 31, top 94: 72",[39m
[31m+   "rating 74 at 31, top 94: 73",[39m
[31m+   "rating 75 at 31, top 94: 74",[39m
[31m+   "rating 76 at 31, top 94: 75",[39m
[31m+   "rating 77 at 31, top 94: 76",[39m
[31m+   "rating 78 at 31, top 94: 77",[39m
[31m+   "rating 79 at 31, top 94: 78",[39m
[31m+   "rating 80 at 31, top 94: 79",[39m
[31m+   "rating 81 at 31, top 94: 80",[39m
[31m+   "rating 82 at 31, top 94: 81",[39m
[31m+   "rating 83 at 31, top 94: 82",[39m
[31m+   "rating 84 at 31, top 94: 83",[39m
[31m+   "rating 85 at 31, top 94: 84",[39m
[31m+   "rating 86 at 31, top 94: 85",[39m
[31m+   "rating 87 at 31, top 94: 86",[39m
[31m+   "rating 88 at 31, top 94: 87",[39m
[31m+   "rating 89 at 31, top 94: 88",[39m
[31m+   "rating 90 at 31, top 94: 89",[39m
[31m+   "rating 91 at 31, top 94: 90",[39m
[31m+   "rating 92 at 31, top 94: 91",[39m
[31m+   "rating 93 at 31, top 94: 92",[39m
[31m+   "rating 94 at 31, top 94: 94",[39m
[31m+   "rating 50 at 32, top 94: 49",[39m
[31m+   "rating 51 at 32, top 94: 50",[39m
[31m+   "rating 52 at 32, top 94: 51",[39m
[31m+   "rating 53 at 32, top 94: 52",[39m
[31m+   "rating 54 at 32, top 94: 53",[39m
[31m+   "rating 55 at 32, top 94: 54",[39m
[31m+   "rating 56 at 32, top 94: 55",[39m
[31m+   "rating 57 at 32, top 94: 56",[39m
[31m+   "rating 58 at 32, top 94: 57",[39m
[31m+   "rating 59 at 32, top 94: 58",[39m
[31m+   "rating 60 at 32, top 94: 59",[39m
[31m+   "rating 61 at 32, top 94: 60",[39m
[31m+   "rating 62 at 32, top 94: 61",[39m
[31m+   "rating 63 at 32, top 94: 62",[39m
[31m+   "rating 64 at 32, top 94: 63",[39m
[31m+   "rating 65 at 32, top 94: 64",[39m
[31m+   "rating 66 at 32, top 94: 65",[39m
[31m+   "rating 67 at 32, top 94: 66",[39m
[31m+   "rating 68 at 32, top 94: 67",[39m
[31m+   "rating 69 at 32, top 94: 68",[39m
[31m+   "rating 70 at 32, top 94: 69",[39m
[31m+   "rating 71 at 32, top 94: 70",[39m
[31m+   "rating 72 at 32, top 94: 71",[39m
[31m+   "rating 73 at 32, top 94: 72",[39m
[31m+   "rating 74 at 32, top 94: 73",[39m
[31m+   "rating 75 at 32, top 94: 74",[39m
[31m+   "rating 76 at 32, top 94: 75",[39m
[31m+   "rating 77 at 32, top 94: 76",[39m
[31m+   "rating 78 at 32, top 94: 77",[39m
[31m+   "rating 79 at 32, top 94: 78",[39m
[31m+   "rating 80 at 32, top 94: 79",[39m
[31m+   "rating 81 at 32, top 94: 80",[39m
[31m+   "rating 82 at 32, top 94: 81",[39m
[31m+   "rating 83 at 32, top 94: 82",[39m
[31m+   "rating 84 at 32, top 94: 83",[39m
[31m+   "rating 85 at 32, top 94: 84",[39m
[31m+   "rating 86 at 32, top 94: 85",[39m
[31m+   "rating 87 at 32, top 94: 86",[39m
[31m+   "rating 88 at 32, top 94: 87",[39m
[31m+   "rating 89 at 32, top 94: 88",[39m
[31m+   "rating 90 at 32, top 94: 89",[39m
[31m+   "rating 91 at 32, top 94: 90",[39m
[31m+   "rating 92 at 32, top 94: 91",[39m
[31m+   "rating 93 at 32, top 94: 92",[39m
[31m+   "rating 94 at 32, top 94: 94",[39m
[31m+   "rating 51 at 33, top 94: 49",[39m
[31m+   "rating 52 at 33, top 94: 50",[39m
[31m+   "rating 53 at 33, top 94: 51",[39m
[31m+   "rating 54 at 33, top 94: 52",[39m
[31m+   "rating 55 at 33, top 94: 53",[39m
[31m+   "rating 56 at 33, top 94: 54",[39m
[31m+   "rating 57 at 33, top 94: 55",[39m
[31m+   "rating 58 at 33, top 94: 56",[39m
[31m+   "rating 59 at 33, top 94: 57",[39m
[31m+   "rating 60 at 33, top 94: 58",[39m
[31m+   "rating 61 at 33, top 94: 59",[39m
[31m+   "rating 62 at 33, top 94: 60",[39m
[31m+   "rating 63 at 33, top 94: 61",[39m
[31m+   "rating 64 at 33, top 94: 62",[39m
[31m+   "rating 65 at 33, top 94: 63",[39m
[31m+   "rating 66 at 33, top 94: 64",[39m
[31m+   "rating 67 at 33, top 94: 65",[39m
[31m+   "rating 68 at 33, top 94: 66",[39m
[31m+   "rating 69 at 33, top 94: 67",[39m
[31m+   "rating 70 at 33, top 94: 68",[39m
[31m+   "rating 71 at 33, top 94: 69",[39m
[31m+   "rating 72 at 33, top 94: 70",[39m
[31m+   "rating 73 at 33, top 94: 71",[39m
[31m+   "rating 74 at 33, top 94: 72",[39m
[31m+   "rating 75 at 33, top 94: 73",[39m
[31m+   "rating 76 at 33, top 94: 74",[39m
[31m+   "rating 77 at 33, top 94: 75",[39m
[31m+   "rating 78 at 33, top 94: 76",[39m
[31m+   "rating 79 at 33, top 94: 77",[39m
[31m+   "rating 80 at 33, top 94: 78",[39m
[31m+   "rating 81 at 33, top 94: 79",[39m
[31m+   "rating 82 at 33, top 94: 80",[39m
[31m+   "rating 83 at 33, top 94: 81",[39m
[31m+   "rating 84 at 33, top 94: 82",[39m
[31m+   "rating 85 at 33, top 94: 83",[39m
[31m+   "rating 86 at 33, top 94: 84",[39m
[31m+   "rating 87 at 33, top 94: 85",[39m
[31m+   "rating 88 at 33, top 94: 86",[39m
[31m+   "rating 89 at 33, top 94: 87",[39m
[31m+   "rating 90 at 33, top 94: 88",[39m
[31m+   "rating 91 at 33, top 94: 89",[39m
[31m+   "rating 92 at 33, top 94: 90",[39m
[31m+   "rating 93 at 33, top 94: 91",[39m
[31m+   "rating 94 at 33, top 94: 94",[39m
[31m+   "rating 52 at 34, top 94: 49",[39m
[31m+   "rating 53 at 34, top 94: 50",[39m
[31m+   "rating 54 at 34, top 94: 51",[39m
[31m+   "rating 55 at 34, top 94: 52",[39m
[31m+   "rating 56 at 34, top 94: 53",[39m
[31m+   "rating 57 at 34, top 94: 54",[39m
[31m+   "rating 58 at 34, top 94: 55",[39m
[31m+   "rating 59 at 34, top 94: 56",[39m
[31m+   "rating 60 at 34, top 94: 57",[39m
[31m+   "rating 61 at 34, top 94: 58",[39m
[31m+   "rating 62 at 34, top 94: 59",[39m
[31m+   "rating 63 at 34, top 94: 60",[39m
[31m+   "rating 64 at 34, top 94: 61",[39m
[31m+   "rating 65 at 34, top 94: 62",[39m
[31m+   "rating 66 at 34, top 94: 63",[39m
[31m+   "rating 67 at 34, top 94: 64",[39m
[31m+   "rating 68 at 34, top 94: 65",[39m
[31m+   "rating 69 at 34, top 94: 66",[39m
[31m+   "rating 70 at 34, top 94: 67",[39m
[31m+   "rating 71 at 34, top 94: 68",[39m
[31m+   "rating 72 at 34, top 94: 69",[39m
[31m+   "rating 73 at 34, top 94: 70",[39m
[31m+   "rating 74 at 34, top 94: 71",[39m
[31m+   "rating 75 at 34, top 94: 72",[39m
[31m+   "rating 76 at 34, top 94: 73",[39m
[31m+   "rating 77 at 34, top 94: 74",[39m
[31m+   "rating 78 at 34, top 94: 75",[39m
[31m+   "rating 79 at 34, top 94: 76",[39m
[31m+   "rating 80 at 34, top 94: 77",[39m
[31m+   "rating 81 at 34, top 94: 78",[39m
[31m+   "rating 82 at 34, top 94: 79",[39m
[31m+   "rating 83 at 34, top 94: 80",[39m
[31m+   "rating 84 at 34, top 94: 81",[39m
[31m+   "rating 85 at 34, top 94: 82",[39m
[31m+   "rating 86 at 34, top 94: 83",[39m
[31m+   "rating 87 at 34, top 94: 84",[39m
[31m+   "rating 88 at 34, top 94: 85",[39m
[31m+   "rating 89 at 34, top 94: 86",[39m
[31m+   "rating 90 at 34, top 94: 87",[39m
[31m+   "rating 91 at 34, top 94: 88",[39m
[31m+   "rating 92 at 34, top 94: 89",[39m
[31m+   "rating 93 at 34, top 94: 90",[39m
[31m+   "rating 94 at 34, top 94: 94",[39m
[31m+   "rating 53 at 35, top 94: 49",[39m
[31m+   "rating 54 at 35, top 94: 50",[39m
[31m+   "rating 55 at 35, top 94: 51",[39m
[31m+   "rating 56 at 35, top 94: 52",[39m
[31m+   "rating 57 at 35, top 94: 53",[39m
[31m+   "rating 58 at 35, top 94: 54",[39m
[31m+   "rating 59 at 35, top 94: 55",[39m
[31m+   "rating 60 at 35, top 94: 56",[39m
[31m+   "rating 61 at 35, top 94: 57",[39m
[31m+   "rating 62 at 35, top 94: 58",[39m
[31m+   "rating 63 at 35, top 94: 59",[39m
[31m+   "rating 64 at 35, top 94: 60",[39m
[31m+   "rating 65 at 35, top 94: 61",[39m
[31m+   "rating 66 at 35, top 94: 62",[39m
[31m+   "rating 67 at 35, top 94: 63",[39m
[31m+   "rating 68 at 35, top 94: 64",[39m
[31m+   "rating 69 at 35, top 94: 65",[39m
[31m+   "rating 70 at 35, top 94: 66",[39m
[31m+   "rating 71 at 35, top 94: 67",[39m
[31m+   "rating 72 at 35, top 94: 68",[39m
[31m+   "rating 73 at 35, top 94: 69",[39m
[31m+   "rating 74 at 35, top 94: 70",[39m
[31m+   "rating 75 at 35, top 94: 71",[39m
[31m+   "rating 76 at 35, top 94: 72",[39m
[31m+   "rating 77 at 35, top 94: 73",[39m
[31m+   "rating 78 at 35, top 94: 74",[39m
[31m+   "rating 79 at 35, top 94: 75",[39m
[31m+   "rating 80 at 35, top 94: 76",[39m
[31m+   "rating 81 at 35, top 94: 77",[39m
[31m+   "rating 82 at 35, top 94: 78",[39m
[31m+   "rating 83 at 35, top 94: 79",[39m
[31m+   "rating 84 at 35, top 94: 80",[39m
[31m+   "rating 85 at 35, top 94: 81",[39m
[31m+   "rating 86 at 35, top 94: 82",[39m
[31m+   "rating 87 at 35, top 94: 83",[39m
[31m+   "rating 88 at 35, top 94: 84",[39m
[31m+   "rating 89 at 35, top 94: 85",[39m
[31m+   "rating 90 at 35, top 94: 86",[39m
[31m+   "rating 91 at 35, top 94: 87",[39m
[31m+   "rating 92 at 35, top 94: 88",[39m
[31m+   "rating 93 at 35, top 94: 89",[39m
[31m+   "rating 94 at 35, top 94: 94",[39m
[31m+   "rating 54 at 36, top 94: 49",[39m
[31m+   "rating 55 at 36, top 94: 50",[39m
[31m+   "rating 56 at 36, top 94: 51",[39m
[31m+   "rating 57 at 36, top 94: 52",[39m
[31m+   "rating 58 at 36, top 94: 53",[39m
[31m+   "rating 59 at 36, top 94: 54",[39m
[31m+   "rating 60 at 36, top 94: 55",[39m
[31m+   "rating 61 at 36, top 94: 56",[39m
[31m+   "rating 62 at 36, top 94: 57",[39m
[31m+   "rating 63 at 36, top 94: 58",[39m
[31m+   "rating 64 at 36, top 94: 59",[39m
[31m+   "rating 65 at 36, top 94: 60",[39m
[31m+   "rating 66 at 36, top 94: 61",[39m
[31m+   "rating 67 at 36, top 94: 62",[39m
[31m+   "rating 68 at 36, top 94: 63",[39m
[31m+   "rating 69 at 36, top 94: 64",[39m
[31m+   "rating 70 at 36, top 94: 65",[39m
[31m+   "rating 71 at 36, top 94: 66",[39m
[31m+   "rating 72 at 36, top 94: 67",[39m
[31m+   "rating 73 at 36, top 94: 68",[39m
[31m+   "rating 74 at 36, top 94: 69",[39m
[31m+   "rating 75 at 36, top 94: 70",[39m
[31m+   "rating 76 at 36, top 94: 71",[39m
[31m+   "rating 77 at 36, top 94: 72",[39m
[31m+   "rating 78 at 36, top 94: 73",[39m
[31m+   "rating 79 at 36, top 94: 74",[39m
[31m+   "rating 80 at 36, top 94: 75",[39m
[31m+   "rating 81 at 36, top 94: 76",[39m
[31m+   "rating 82 at 36, top 94: 77",[39m
[31m+   "rating 83 at 36, top 94: 78",[39m
[31m+   "rating 84 at 36, top 94: 79",[39m
[31m+   "rating 85 at 36, top 94: 80",[39m
[31m+   "rating 86 at 36, top 94: 81",[39m
[31m+   "rating 87 at 36, top 94: 82",[39m
[31m+   "rating 88 at 36, top 94: 83",[39m
[31m+   "rating 89 at 36, top 94: 84",[39m
[31m+   "rating 90 at 36, top 94: 85",[39m
[31m+   "rating 91 at 36, top 94: 86",[39m
[31m+   "rating 92 at 36, top 94: 87",[39m
[31m+   "rating 93 at 36, top 94: 88",[39m
[31m+   "rating 94 at 36, top 94: 94",[39m
[31m+   "rating 55 at 37, top 94: 49",[39m
[31m+   "rating 56 at 37, top 94: 50",[39m
[31m+   "rating 57 at 37, top 94: 51",[39m
[31m+   "rating 58 at 37, top 94: 52",[39m
[31m+   "rating 59 at 37, top 94: 53",[39m
[31m+   "rating 60 at 37, top 94: 54",[39m
[31m+   "rating 61 at 37, top 94: 55",[39m
[31m+   "rating 62 at 37, top 94: 56",[39m
[31m+   "rating 63 at 37, top 94: 57",[39m
[31m+   "rating 64 at 37, top 94: 58",[39m
[31m+   "rating 65 at 37, top 94: 59",[39m
[31m+   "rating 66 at 37, top 94: 60",[39m
[31m+   "rating 67 at 37, top 94: 61",[39m
[31m+   "rating 68 at 37, top 94: 62",[39m
[31m+   "rating 69 at 37, top 94: 63",[39m
[31m+   "rating 70 at 37, top 94: 64",[39m
[31m+   "rating 71 at 37, top 94: 65",[39m
[31m+   "rating 72 at 37, top 94: 66",[39m
[31m+   "rating 73 at 37, top 94: 67",[39m
[31m+   "rating 74 at 37, top 94: 68",[39m
[31m+   "rating 75 at 37, top 94: 69",[39m
[31m+   "rating 76 at 37, top 94: 70",[39m
[31m+   "rating 77 at 37, top 94: 71",[39m
[31m+   "rating 78 at 37, top 94: 72",[39m
[31m+   "rating 79 at 37, top 94: 73",[39m
[31m+   "rating 80 at 37, top 94: 74",[39m
[31m+   "rating 81 at 37, top 94: 75",[39m
[31m+   "rating 82 at 37, top 94: 76",[39m
[31m+   "rating 83 at 37, top 94: 77",[39m
[31m+   "rating 84 at 37, top 94: 78",[39m
[31m+   "rating 85 at 37, top 94: 79",[39m
[31m+   "rating 86 at 37, top 94: 80",[39m
[31m+   "rating 87 at 37, top 94: 81",[39m
[31m+   "rating 88 at 37, top 94: 82",[39m
[31m+   "rating 89 at 37, top 94: 83",[39m
[31m+   "rating 90 at 37, top 94: 84",[39m
[31m+   "rating 91 at 37, top 94: 85",[39m
[31m+   "rating 92 at 37, top 94: 86",[39m
[31m+   "rating 93 at 37, top 94: 87",[39m
[31m+   "rating 94 at 37, top 94: 94",[39m
[31m+   "rating 56 at 38, top 94: 49",[39m
[31m+   "rating 57 at 38, top 94: 50",[39m
[31m+   "rating 58 at 38, top 94: 51",[39m
[31m+   "rating 59 at 38, top 94: 52",[39m
[31m+   "rating 60 at 38, top 94: 53",[39m
[31m+   "rating 61 at 38, top 94: 54",[39m
[31m+   "rating 62 at 38, top 94: 55",[39m
[31m+   "rating 63 at 38, top 94: 56",[39m
[31m+   "rating 64 at 38, top 94: 57",[39m
[31m+   "rating 65 at 38, top 94: 58",[39m
[31m+   "rating 66 at 38, top 94: 59",[39m
[31m+   "rating 67 at 38, top 94: 60",[39m
[31m+   "rating 68 at 38, top 94: 61",[39m
[31m+   "rating 69 at 38, top 94: 62",[39m
[31m+   "rating 70 at 38, top 94: 63",[39m
[31m+   "rating 71 at 38, top 94: 64",[39m
[31m+   "rating 72 at 38, top 94: 65",[39m
[31m+   "rating 73 at 38, top 94: 66",[39m
[31m+   "rating 74 at 38, top 94: 67",[39m
[31m+   "rating 75 at 38, top 94: 68",[39m
[31m+   "rating 76 at 38, top 94: 69",[39m
[31m+   "rating 77 at 38, top 94: 70",[39m
[31m+   "rating 78 at 38, top 94: 71",[39m
[31m+   "rating 79 at 38, top 94: 72",[39m
[31m+   "rating 80 at 38, top 94: 73",[39m
[31m+   "rating 81 at 38, top 94: 74",[39m
[31m+   "rating 82 at 38, top 94: 75",[39m
[31m+   "rating 83 at 38, top 94: 76",[39m
[31m+   "rating 84 at 38, top 94: 77",[39m
[31m+   "rating 85 at 38, top 94: 78",[39m
[31m+   "rating 86 at 38, top 94: 79",[39m
[31m+   "rating 87 at 38, top 94: 80",[39m
[31m+   "rating 88 at 38, top 94: 81",[39m
[31m+   "rating 89 at 38, top 94: 82",[39m
[31m+   "rating 90 at 38, top 94: 83",[39m
[31m+   "rating 91 at 38, top 94: 84",[39m
[31m+   "rating 92 at 38, top 94: 85",[39m
[31m+   "rating 93 at 38, top 94: 86",[39m
[31m+   "rating 94 at 38, top 94: 94",[39m
[31m+   "rating 56 at 39, top 94: 49",[39m
[31m+   "rating 57 at 39, top 94: 50",[39m
[31m+   "rating 58 at 39, top 94: 51",[39m
[31m+   "rating 59 at 39, top 94: 52",[39m
[31m+   "rating 60 at 39, top 94: 53",[39m
[31m+   "rating 61 at 39, top 94: 54",[39m
[31m+   "rating 62 at 39, top 94: 55",[39m
[31m+   "rating 63 at 39, top 94: 56",[39m
[31m+   "rating 64 at 39, top 94: 57",[39m
[31m+   "rating 65 at 39, top 94: 58",[39m
[31m+   "rating 66 at 39, top 94: 59",[39m
[31m+   "rating 67 at 39, top 94: 60",[39m
[31m+   "rating 68 at 39, top 94: 61",[39m
[31m+   "rating 69 at 39, top 94: 62",[39m
[31m+   "rating 70 at 39, top 94: 63",[39m
[31m+   "rating 71 at 39, top 94: 64",[39m
[31m+   "rating 72 at 39, top 94: 65",[39m
[31m+   "rating 73 at 39, top 94: 66",[39m
[31m+   "rating 74 at 39, top 94: 67",[39m
[31m+   "rating 75 at 39, top 94: 68",[39m
[31m+   "rating 76 at 39, top 94: 69",[39m
[31m+   "rating 77 at 39, top 94: 70",[39m
[31m+   "rating 78 at 39, top 94: 71",[39m
[31m+   "rating 79 at 39, top 94: 72",[39m
[31m+   "rating 80 at 39, top 94: 73",[39m
[31m+   "rating 81 at 39, top 94: 74",[39m
[31m+   "rating 82 at 39, top 94: 75",[39m
[31m+   "rating 83 at 39, top 94: 76",[39m
[31m+   "rating 84 at 39, top 94: 77",[39m
[31m+   "rating 85 at 39, top 94: 78",[39m
[31m+   "rating 86 at 39, top 94: 79",[39m
[31m+   "rating 87 at 39, top 94: 80",[39m
[31m+   "rating 88 at 39, top 94: 81",[39m
[31m+   "rating 89 at 39, top 94: 82",[39m
[31m+   "rating 90 at 39, top 94: 83",[39m
[31m+   "rating 91 at 39, top 94: 84",[39m
[31m+   "rating 92 at 39, top 94: 85",[39m
[31m+   "rating 93 at 39, top 94: 86",[39m
[31m+   "rating 94 at 39, top 94: 94",[39m
[31m+   "rating 56 at 40, top 94: 49",[39m
[31m+   "rating 57 at 40, top 94: 50",[39m
[31m+   "rating 58 at 40, top 94: 51",[39m
[31m+   "rating 59 at 40, top 94: 52",[39m
[31m+   "rating 60 at 40, top 94: 53",[39m
[31m+   "rating 61 at 40, top 94: 54",[39m
[31m+   "rating 62 at 40, top 94: 55",[39m
[31m+   "rating 63 at 40, top 94: 56",[39m
[31m+   "rating 64 at 40, top 94: 57",[39m
[31m+   "rating 65 at 40, top 94: 58",[39m
[31m+   "rating 66 at 40, top 94: 59",[39m
[31m+   "rating 67 at 40, top 94: 60",[39m
[31m+   "rating 68 at 40, top 94: 61",[39m
[31m+   "rating 69 at 40, top 94: 62",[39m
[31m+   "rating 70 at 40, top 94: 63",[39m
[31m+   "rating 71 at 40, top 94: 64",[39m
[31m+   "rating 72 at 40, top 94: 65",[39m
[31m+   "rating 73 at 40, top 94: 66",[39m
[31m+   "rating 74 at 40, top 94: 67",[39m
[31m+   "rating 75 at 40, top 94: 68",[39m
[31m+   "rating 76 at 40, top 94: 69",[39m
[31m+   "rating 77 at 40, top 94: 70",[39m
[31m+   "rating 78 at 40, top 94: 71",[39m
[31m+   "rating 79 at 40, top 94: 72",[39m
[31m+   "rating 80 at 40, top 94: 73",[39m
[31m+   "rating 81 at 40, top 94: 74",[39m
[31m+   "rating 82 at 40, top 94: 75",[39m
[31m+   "rating 83 at 40, top 94: 76",[39m
[31m+   "rating 84 at 40, top 94: 77",[39m
[31m+   "rating 85 at 40, top 94: 78",[39m
[31m+   "rating 86 at 40, top 94: 79",[39m
[31m+   "rating 87 at 40, top 94: 80",[39m
[31m+   "rating 88 at 40, top 94: 81",[39m
[31m+   "rating 89 at 40, top 94: 82",[39m
[31m+   "rating 90 at 40, top 94: 83",[39m
[31m+   "rating 91 at 40, top 94: 84",[39m
[31m+   "rating 92 at 40, top 94: 85",[39m
[31m+   "rating 93 at 40, top 94: 86",[39m
[31m+   "rating 94 at 40, top 94: 94",[39m
[31m+   "rating 56 at 41, top 94: 49",[39m
[31m+   "rating 57 at 41, top 94: 50",[39m
[31m+   "rating 58 at 41, top 94: 51",[39m
[31m+   "rating 59 at 41, top 94: 52",[39m
[31m+   "rating 60 at 41, top 94: 53",[39m
[31m+   "rating 61 at 41, top 94: 54",[39m
[31m+   "rating 62 at 41, top 94: 55",[39m
[31m+   "rating 63 at 41, top 94: 56",[39m
[31m+   "rating 64 at 41, top 94: 57",[39m
[31m+   "rating 65 at 41, top 94: 58",[39m
[31m+   "rating 66 at 41, top 94: 59",[39m
[31m+   "rating 67 at 41, top 94: 60",[39m
[31m+   "rating 68 at 41, top 94: 61",[39m
[31m+   "rating 69 at 41, top 94: 62",[39m
[31m+   "rating 70 at 41, top 94: 63",[39m
[31m+   "rating 71 at 41, top 94: 64",[39m
[31m+   "rating 72 at 41, top 94: 65",[39m
[31m+   "rating 73 at 41, top 94: 66",[39m
[31m+   "rating 74 at 41, top 94: 67",[39m
[31m+   "rating 75 at 41, top 94: 68",[39m
[31m+   "rating 76 at 41, top 94: 69",[39m
[31m+   "rating 77 at 41, top 94: 70",[39m
[31m+   "rating 78 at 41, top 94: 71",[39m
[31m+   "rating 79 at 41, top 94: 72",[39m
[31m+   "rating 80 at 41, top 94: 73",[39m
[31m+   "rating 81 at 41, top 94: 74",[39m
[31m+   "rating 82 at 41, top 94: 75",[39m
[31m+   "rating 83 at 41, top 94: 76",[39m
[31m+   "rating 84 at 41, top 94: 77",[39m
[31m+   "rating 85 at 41, top 94: 78",[39m
[31m+   "rating 86 at 41, top 94: 79",[39m
[31m+   "rating 87 at 41, top 94: 80",[39m
[31m+   "rating 88 at 41, top 94: 81",[39m
[31m+   "rating 89 at 41, top 94: 82",[39m
[31m+   "rating 90 at 41, top 94: 83",[39m
[31m+   "rating 91 at 41, top 94: 84",[39m
[31m+   "rating 92 at 41, top 94: 85",[39m
[31m+   "rating 93 at 41, top 94: 86",[39m
[31m+   "rating 94 at 41, top 94: 94",[39m
[31m+   "rating 56 at 42, top 94: 49",[39m
[31m+   "rating 57 at 42, top 94: 50",[39m
[31m+   "rating 58 at 42, top 94: 51",[39m
[31m+   "rating 59 at 42, top 94: 52",[39m
[31m+   "rating 60 at 42, top 94: 53",[39m
[31m+   "rating 61 at 42, top 94: 54",[39m
[31m+   "rating 62 at 42, top 94: 55",[39m
[31m+   "rating 63 at 42, top 94: 56",[39m
[31m+   "rating 64 at 42, top 94: 57",[39m
[31m+   "rating 65 at 42, top 94: 58",[39m
[31m+   "rating 66 at 42, top 94: 59",[39m
[31m+   "rating 67 at 42, top 94: 60",[39m
[31m+   "rating 68 at 42, top 94: 61",[39m
[31m+   "rating 69 at 42, top 94: 62",[39m
[31m+   "rating 70 at 42, top 94: 63",[39m
[31m+   "rating 71 at 42, top 94: 64",[39m
[31m+   "rating 72 at 42, top 94: 65",[39m
[31m+   "rating 73 at 42, top 94: 66",[39m
[31m+   "rating 74 at 42, top 94: 67",[39m
[31m+   "rating 75 at 42, top 94: 68",[39m
[31m+   "rating 76 at 42, top 94: 69",[39m
[31m+   "rating 77 at 42, top 94: 70",[39m
[31m+   "rating 78 at 42, top 94: 71",[39m
[31m+   "rating 79 at 42, top 94: 72",[39m
[31m+   "rating 80 at 42, top 94: 73",[39m
[31m+   "rating 81 at 42, top 94: 74",[39m
[31m+   "rating 82 at 42, top 94: 75",[39m
[31m+   "rating 83 at 42, top 94: 76",[39m
[31m+   "rating 84 at 42, top 94: 77",[39m
[31m+   "rating 85 at 42, top 94: 78",[39m
[31m+   "rating 86 at 42, top 94: 79",[39m
[31m+   "rating 87 at 42, top 94: 80",[39m
[31m+   "rating 88 at 42, top 94: 81",[39m
[31m+   "rating 89 at 42, top 94: 82",[39m
[31m+   "rating 90 at 42, top 94: 83",[39m
[31m+   "rating 91 at 42, top 94: 84",[39m
[31m+   "rating 92 at 42, top 94: 85",[39m
[31m+   "rating 93 at 42, top 94: 86",[39m
[31m+   "rating 94 at 42, top 94: 94",[39m
[31m+   "rating 56 at 43, top 94: 49",[39m
[31m+   "rating 57 at 43, top 94: 50",[39m
[31m+   "rating 58 at 43, top 94: 51",[39m
[31m+   "rating 59 at 43, top 94: 52",[39m
[31m+   "rating 60 at 43, top 94: 53",[39m
[31m+   "rating 61 at 43, top 94: 54",[39m
[31m+   "rating 62 at 43, top 94: 55",[39m
[31m+   "rating 63 at 43, top 94: 56",[39m
[31m+   "rating 64 at 43, top 94: 57",[39m
[31m+   "rating 65 at 43, top 94: 58",[39m
[31m+   "rating 66 at 43, top 94: 59",[39m
[31m+   "rating 67 at 43, top 94: 60",[39m
[31m+   "rating 68 at 43, top 94: 61",[39m
[31m+   "rating 69 at 43, top 94: 62",[39m
[31m+   "rating 70 at 43, top 94: 63",[39m
[31m+   "rating 71 at 43, top 94: 64",[39m
[31m+   "rating 72 at 43, top 94: 65",[39m
[31m+   "rating 73 at 43, top 94: 66",[39m
[31m+   "rating 74 at 43, top 94: 67",[39m
[31m+   "rating 75 at 43, top 94: 68",[39m
[31m+   "rating 76 at 43, top 94: 69",[39m
[31m+   "rating 77 at 43, top 94: 70",[39m
[31m+   "rating 78 at 43, top 94: 71",[39m
[31m+   "rating 79 at 43, top 94: 72",[39m
[31m+   "rating 80 at 43, top 94: 73",[39m
[31m+   "rating 81 at 43, top 94: 74",[39m
[31m+   "rating 82 at 43, top 94: 75",[39m
[31m+   "rating 83 at 43, top 94: 76",[39m
[31m+   "rating 84 at 43, top 94: 77",[39m
[31m+   "rating 85 at 43, top 94: 78",[39m
[31m+   "rating 86 at 43, top 94: 79",[39m
[31m+   "rating 87 at 43, top 94: 80",[39m
[31m+   "rating 88 at 43, top 94: 81",[39m
[31m+   "rating 89 at 43, top 94: 82",[39m
[31m+   "rating 90 at 43, top 94: 83",[39m
[31m+   "rating 91 at 43, top 94: 84",[39m
[31m+   "rating 92 at 43, top 94: 85",[39m
[31m+   "rating 93 at 43, top 94: 86",[39m
[31m+   "rating 94 at 43, top 94: 94",[39m
[31m+   "rating 56 at 44, top 94: 49",[39m
[31m+   "rating 57 at 44, top 94: 50",[39m
[31m+   "rating 58 at 44, top 94: 51",[39m
[31m+   "rating 59 at 44, top 94: 52",[39m
[31m+   "rating 60 at 44, top 94: 53",[39m
[31m+   "rating 61 at 44, top 94: 54",[39m
[31m+   "rating 62 at 44, top 94: 55",[39m
[31m+   "rating 63 at 44, top 94: 56",[39m
[31m+   "rating 64 at 44, top 94: 57",[39m
[31m+   "rating 65 at 44, top 94: 58",[39m
[31m+   "rating 66 at 44, top 94: 59",[39m
[31m+   "rating 67 at 44, top 94: 60",[39m
[31m+   "rating 68 at 44, top 94: 61",[39m
[31m+   "rating 69 at 44, top 94: 62",[39m
[31m+   "rating 70 at 44, top 94: 63",[39m
[31m+   "rating 71 at 44, top 94: 64",[39m
[31m+   "rating 72 at 44, top 94: 65",[39m
[31m+   "rating 73 at 44, top 94: 66",[39m
[31m+   "rating 74 at 44, top 94: 67",[39m
[31m+   "rating 75 at 44, top 94: 68",[39m
[31m+   "rating 76 at 44, top 94: 69",[39m
[31m+   "rating 77 at 44, top 94: 70",[39m
[31m+   "rating 78 at 44, top 94: 71",[39m
[31m+   "rating 79 at 44, top 94: 72",[39m
[31m+   "rating 80 at 44, top 94: 73",[39m
[31m+   "rating 81 at 44, top 94: 74",[39m
[31m+   "rating 82 at 44, top 94: 75",[39m
[31m+   "rating 83 at 44, top 94: 76",[39m
[31m+   "rating 84 at 44, top 94: 77",[39m
[31m+   "rating 85 at 44, top 94: 78",[39m
[31m+   "rating 86 at 44, top 94: 79",[39m
[31m+   "rating 87 at 44, top 94: 80",[39m
[31m+   "rating 88 at 44, top 94: 81",[39m
[31m+   "rating 89 at 44, top 94: 82",[39m
[31m+   "rating 90 at 44, top 94: 83",[39m
[31m+   "rating 91 at 44, top 94: 84",[39m
[31m+   "rating 92 at 44, top 94: 85",[39m
[31m+   "rating 93 at 44, top 94: 86",[39m
[31m+   "rating 94 at 44, top 94: 94",[39m
[31m+   "rating 56 at 45, top 94: 49",[39m
[31m+   "rating 57 at 45, top 94: 50",[39m
[31m+   "rating 58 at 45, top 94: 51",[39m
[31m+   "rating 59 at 45, top 94: 52",[39m
[31m+   "rating 60 at 45, top 94: 53",[39m
[31m+   "rating 61 at 45, top 94: 54",[39m
[31m+   "rating 62 at 45, top 94: 55",[39m
[31m+   "rating 63 at 45, top 94: 56",[39m
[31m+   "rating 64 at 45, top 94: 57",[39m
[31m+   "rating 65 at 45, top 94: 58",[39m
[31m+   "rating 66 at 45, top 94: 59",[39m
[31m+   "rating 67 at 45, top 94: 60",[39m
[31m+   "rating 68 at 45, top 94: 61",[39m
[31m+   "rating 69 at 45, top 94: 62",[39m
[31m+   "rating 70 at 45, top 94: 63",[39m
[31m+   "rating 71 at 45, top 94: 64",[39m
[31m+   "rating 72 at 45, top 94: 65",[39m
[31m+   "rating 73 at 45, top 94: 66",[39m
[31m+   "rating 74 at 45, top 94: 67",[39m
[31m+   "rating 75 at 45, top 94: 68",[39m
[31m+   "rating 76 at 45, top 94: 69",[39m
[31m+   "rating 77 at 45, top 94: 70",[39m
[31m+   "rating 78 at 45, top 94: 71",[39m
[31m+   "rating 79 at 45, top 94: 72",[39m
[31m+   "rating 80 at 45, top 94: 73",[39m
[31m+   "rating 81 at 45, top 94: 74",[39m
[31m+   "rating 82 at 45, top 94: 75",[39m
[31m+   "rating 83 at 45, top 94: 76",[39m
[31m+   "rating 84 at 45, top 94: 77",[39m
[31m+   "rating 85 at 45, top 94: 78",[39m
[31m+   "rating 86 at 45, top 94: 79",[39m
[31m+   "rating 87 at 45, top 94: 80",[39m
[31m+   "rating 88 at 45, top 94: 81",[39m
[31m+   "rating 89 at 45, top 94: 82",[39m
[31m+   "rating 90 at 45, top 94: 83",[39m
[31m+   "rating 91 at 45, top 94: 84",[39m
[31m+   "rating 92 at 45, top 94: 85",[39m
[31m+   "rating 93 at 45, top 94: 86",[39m
[31m+   "rating 94 at 45, top 94: 94",[39m
[31m+   "rating 48 at 14, top 96: 55",[39m
[31m+   "rating 49 at 14, top 96: 56",[39m
[31m+   "rating 50 at 14, top 96: 57",[39m
[31m+   "rating 51 at 14, top 96: 58",[39m
[31m+   "rating 52 at 14, top 96: 59",[39m
[31m+   "rating 53 at 14, top 96: 60",[39m
[31m+   "rating 54 at 14, top 96: 61",[39m
[31m+   "rating 55 at 14, top 96: 62",[39m
[31m+   "rating 56 at 14, top 96: 63",[39m
[31m+   "rating 57 at 14, top 96: 64",[39m
[31m+   "rating 58 at 14, top 96: 65",[39m
[31m+   "rating 59 at 14, top 96: 66",[39m
[31m+   "rating 60 at 14, top 96: 67",[39m
[31m+   "rating 61 at 14, top 96: 68",[39m
[31m+   "rating 62 at 14, top 96: 69",[39m
[31m+   "rating 63 at 14, top 96: 70",[39m
[31m+   "rating 64 at 14, top 96: 71",[39m
[31m+   "rating 65 at 14, top 96: 72",[39m
[31m+   "rating 66 at 14, top 96: 73",[39m
[31m+   "rating 67 at 14, top 96: 74",[39m
[31m+   "rating 68 at 14, top 96: 75",[39m
[31m+   "rating 69 at 14, top 96: 76",[39m
[31m+   "rating 70 at 14, top 96: 77",[39m
[31m+   "rating 71 at 14, top 96: 78",[39m
[31m+   "rating 72 at 14, top 96: 79",[39m
[31m+   "rating 73 at 14, top 96: 80",[39m
[31m+   "rating 74 at 14, top 96: 81",[39m
[31m+   "rating 75 at 14, top 96: 82",[39m
[31m+   "rating 76 at 14, top 96: 83",[39m
[31m+   "rating 77 at 14, top 96: 84",[39m
[31m+   "rating 78 at 14, top 96: 85",[39m
[31m+   "rating 80 at 14, top 96: 86",[39m
[31m+   "rating 81 at 14, top 96: 87",[39m
[31m+   "rating 83 at 14, top 96: 88",[39m
[31m+   "rating 84 at 14, top 96: 89",[39m
[31m+   "rating 86 at 14, top 96: 90",[39m
[31m+   "rating 87 at 14, top 96: 91",[39m
[31m+   "rating 89 at 14, top 96: 92",[39m
[31m+   "rating 90 at 14, top 96: 93",[39m
[31m+   "rating 92 at 14, top 96: 94",[39m
[31m+   "rating 93 at 14, top 96: 95",[39m
[31m+   "rating 95 at 14, top 96: 96",[39m
[31m+   "rating 48 at 15, top 96: 55",[39m
[31m+   "rating 49 at 15, top 96: 56",[39m
[31m+   "rating 50 at 15, top 96: 57",[39m
[31m+   "rating 51 at 15, top 96: 58",[39m
[31m+   "rating 52 at 15, top 96: 59",[39m
[31m+   "rating 53 at 15, top 96: 60",[39m
[31m+   "rating 54 at 15, top 96: 61",[39m
[31m+   "rating 55 at 15, top 96: 62",[39m
[31m+   "rating 56 at 15, top 96: 63",[39m
[31m+   "rating 57 at 15, top 96: 64",[39m
[31m+   "rating 58 at 15, top 96: 65",[39m
[31m+   "rating 59 at 15, top 96: 66",[39m
[31m+   "rating 60 at 15, top 96: 67",[39m
[31m+   "rating 61 at 15, top 96: 68",[39m
[31m+   "rating 62 at 15, top 96: 69",[39m
[31m+   "rating 63 at 15, top 96: 70",[39m
[31m+   "rating 64 at 15, top 96: 71",[39m
[31m+   "rating 65 at 15, top 96: 72",[39m
[31m+   "rating 66 at 15, top 96: 73",[39m
[31m+   "rating 67 at 15, top 96: 74",[39m
[31m+   "rating 68 at 15, top 96: 75",[39m
[31m+   "rating 69 at 15, top 96: 76",[39m
[31m+   "rating 70 at 15, top 96: 77",[39m
[31m+   "rating 71 at 15, top 96: 78",[39m
[31m+   "rating 72 at 15, top 96: 79",[39m
[31m+   "rating 73 at 15, top 96: 80",[39m
[31m+   "rating 74 at 15, top 96: 81",[39m
[31m+   "rating 75 at 15, top 96: 82",[39m
[31m+   "rating 76 at 15, top 96: 83",[39m
[31m+   "rating 77 at 15, top 96: 84",[39m
[31m+   "rating 78 at 15, top 96: 85",[39m
[31m+   "rating 80 at 15, top 96: 86",[39m
[31m+   "rating 81 at 15, top 96: 87",[39m
[31m+   "rating 83 at 15, top 96: 88",[39m
[31m+   "rating 84 at 15, top 96: 89",[39m
[31m+   "rating 86 at 15, top 96: 90",[39m
[31m+   "rating 87 at 15, top 96: 91",[39m
[31m+   "rating 89 at 15, top 96: 92",[39m
[31m+   "rating 90 at 15, top 96: 93",[39m
[31m+   "rating 92 at 15, top 96: 94",[39m
[31m+   "rating 93 at 15, top 96: 95",[39m
[31m+   "rating 95 at 15, top 96: 96",[39m
[31m+   "rating 48 at 16, top 96: 55",[39m
[31m+   "rating 49 at 16, top 96: 56",[39m
[31m+   "rating 50 at 16, top 96: 57",[39m
[31m+   "rating 51 at 16, top 96: 58",[39m
[31m+   "rating 52 at 16, top 96: 59",[39m
[31m+   "rating 53 at 16, top 96: 60",[39m
[31m+   "rating 54 at 16, top 96: 61",[39m
[31m+   "rating 55 at 16, top 96: 62",[39m
[31m+   "rating 56 at 16, top 96: 63",[39m
[31m+   "rating 57 at 16, top 96: 64",[39m
[31m+   "rating 58 at 16, top 96: 65",[39m
[31m+   "rating 59 at 16, top 96: 66",[39m
[31m+   "rating 60 at 16, top 96: 67",[39m
[31m+   "rating 61 at 16, top 96: 68",[39m
[31m+   "rating 62 at 16, top 96: 69",[39m
[31m+   "rating 63 at 16, top 96: 70",[39m
[31m+   "rating 64 at 16, top 96: 71",[39m
[31m+   "rating 65 at 16, top 96: 72",[39m
[31m+   "rating 66 at 16, top 96: 73",[39m
[31m+   "rating 67 at 16, top 96: 74",[39m
[31m+   "rating 68 at 16, top 96: 75",[39m
[31m+   "rating 69 at 16, top 96: 76",[39m
[31m+   "rating 70 at 16, top 96: 77",[39m
[31m+   "rating 71 at 16, top 96: 78",[39m
[31m+   "rating 72 at 16, top 96: 79",[39m
[31m+   "rating 73 at 16, top 96: 80",[39m
[31m+   "rating 74 at 16, top 96: 81",[39m
[31m+   "rating 75 at 16, top 96: 82",[39m
[31m+   "rating 76 at 16, top 96: 83",[39m
[31m+   "rating 77 at 16, top 96: 84",[39m
[31m+   "rating 78 at 16, top 96: 85",[39m
[31m+   "rating 80 at 16, top 96: 86",[39m
[31m+   "rating 81 at 16, top 96: 87",[39m
[31m+   "rating 83 at 16, top 96: 88",[39m
[31m+   "rating 84 at 16, top 96: 89",[39m
[31m+   "rating 86 at 16, top 96: 90",[39m
[31m+   "rating 87 at 16, top 96: 91",[39m
[31m+   "rating 89 at 16, top 96: 92",[39m
[31m+   "rating 90 at 16, top 96: 93",[39m
[31m+   "rating 92 at 16, top 96: 94",[39m
[31m+   "rating 93 at 16, top 96: 95",[39m
[31m+   "rating 95 at 16, top 96: 96",[39m
[31m+   "rating 48 at 17, top 96: 55",[39m
[31m+   "rating 49 at 17, top 96: 56",[39m
[31m+   "rating 50 at 17, top 96: 57",[39m
[31m+   "rating 51 at 17, top 96: 58",[39m
[31m+   "rating 52 at 17, top 96: 59",[39m
[31m+   "rating 53 at 17, top 96: 60",[39m
[31m+   "rating 54 at 17, top 96: 61",[39m
[31m+   "rating 55 at 17, top 96: 62",[39m
[31m+   "rating 56 at 17, top 96: 63",[39m
[31m+   "rating 57 at 17, top 96: 64",[39m
[31m+   "rating 58 at 17, top 96: 65",[39m
[31m+   "rating 59 at 17, top 96: 66",[39m
[31m+   "rating 60 at 17, top 96: 67",[39m
[31m+   "rating 61 at 17, top 96: 68",[39m
[31m+   "rating 62 at 17, top 96: 69",[39m
[31m+   "rating 63 at 17, top 96: 70",[39m
[31m+   "rating 64 at 17, top 96: 71",[39m
[31m+   "rating 65 at 17, top 96: 72",[39m
[31m+   "rating 66 at 17, top 96: 73",[39m
[31m+   "rating 67 at 17, top 96: 74",[39m
[31m+   "rating 68 at 17, top 96: 75",[39m
[31m+   "rating 69 at 17, top 96: 76",[39m
[31m+   "rating 70 at 17, top 96: 77",[39m
[31m+   "rating 71 at 17, top 96: 78",[39m
[31m+   "rating 72 at 17, top 96: 79",[39m
[31m+   "rating 73 at 17, top 96: 80",[39m
[31m+   "rating 74 at 17, top 96: 81",[39m
[31m+   "rating 75 at 17, top 96: 82",[39m
[31m+   "rating 76 at 17, top 96: 83",[39m
[31m+   "rating 77 at 17, top 96: 84",[39m
[31m+   "rating 78 at 17, top 96: 85",[39m
[31m+   "rating 80 at 17, top 96: 86",[39m
[31m+   "rating 81 at 17, top 96: 87",[39m
[31m+   "rating 83 at 17, top 96: 88",[39m
[31m+   "rating 84 at 17, top 96: 89",[39m
[31m+   "rating 86 at 17, top 96: 90",[39m
[31m+   "rating 87 at 17, top 96: 91",[39m
[31m+   "rating 89 at 17, top 96: 92",[39m
[31m+   "rating 90 at 17, top 96: 93",[39m
[31m+   "rating 92 at 17, top 96: 94",[39m
[31m+   "rating 93 at 17, top 96: 95",[39m
[31m+   "rating 95 at 17, top 96: 96",[39m
[31m+   "rating 48 at 18, top 96: 55",[39m
[31m+   "rating 49 at 18, top 96: 56",[39m
[31m+   "rating 50 at 18, top 96: 57",[39m
[31m+   "rating 51 at 18, top 96: 58",[39m
[31m+   "rating 52 at 18, top 96: 59",[39m
[31m+   "rating 53 at 18, top 96: 60",[39m
[31m+   "rating 54 at 18, top 96: 61",[39m
[31m+   "rating 55 at 18, top 96: 62",[39m
[31m+   "rating 56 at 18, top 96: 63",[39m
[31m+   "rating 57 at 18, top 96: 64",[39m
[31m+   "rating 58 at 18, top 96: 65",[39m
[31m+   "rating 59 at 18, top 96: 66",[39m
[31m+   "rating 60 at 18, top 96: 67",[39m
[31m+   "rating 61 at 18, top 96: 68",[39m
[31m+   "rating 62 at 18, top 96: 69",[39m
[31m+   "rating 63 at 18, top 96: 70",[39m
[31m+   "rating 64 at 18, top 96: 71",[39m
[31m+   "rating 65 at 18, top 96: 72",[39m
[31m+   "rating 66 at 18, top 96: 73",[39m
[31m+   "rating 67 at 18, top 96: 74",[39m
[31m+   "rating 68 at 18, top 96: 75",[39m
[31m+   "rating 69 at 18, top 96: 76",[39m
[31m+   "rating 70 at 18, top 96: 77",[39m
[31m+   "rating 71 at 18, top 96: 78",[39m
[31m+   "rating 72 at 18, top 96: 79",[39m
[31m+   "rating 73 at 18, top 96: 80",[39m
[31m+   "rating 74 at 18, top 96: 81",[39m
[31m+   "rating 75 at 18, top 96: 82",[39m
[31m+   "rating 76 at 18, top 96: 83",[39m
[31m+   "rating 77 at 18, top 96: 84",[39m
[31m+   "rating 78 at 18, top 96: 85",[39m
[31m+   "rating 80 at 18, top 96: 86",[39m
[31m+   "rating 81 at 18, top 96: 87",[39m
[31m+   "rating 83 at 18, top 96: 88",[39m
[31m+   "rating 84 at 18, top 96: 89",[39m
[31m+   "rating 86 at 18, top 96: 90",[39m
[31m+   "rating 87 at 18, top 96: 91",[39m
[31m+   "rating 89 at 18, top 96: 92",[39m
[31m+   "rating 90 at 18, top 96: 93",[39m
[31m+   "rating 92 at 18, top 96: 94",[39m
[31m+   "rating 93 at 18, top 96: 95",[39m
[31m+   "rating 95 at 18, top 96: 96",[39m
[31m+   "rating 48 at 19, top 96: 54",[39m
[31m+   "rating 49 at 19, top 96: 55",[39m
[31m+   "rating 50 at 19, top 96: 56",[39m
[31m+   "rating 51 at 19, top 96: 57",[39m
[31m+   "rating 52 at 19, top 96: 58",[39m
[31m+   "rating 53 at 19, top 96: 59",[39m
[31m+   "rating 54 at 19, top 96: 60",[39m
[31m+   "rating 55 at 19, top 96: 61",[39m
[31m+   "rating 56 at 19, top 96: 62",[39m
[31m+   "rating 57 at 19, top 96: 63",[39m
[31m+   "rating 58 at 19, top 96: 64",[39m
[31m+   "rating 59 at 19, top 96: 65",[39m
[31m+   "rating 60 at 19, top 96: 66",[39m
[31m+   "rating 61 at 19, top 96: 67",[39m
[31m+   "rating 62 at 19, top 96: 68",[39m
[31m+   "rating 63 at 19, top 96: 69",[39m
[31m+   "rating 64 at 19, top 96: 70",[39m
[31m+   "rating 65 at 19, top 96: 71",[39m
[31m+   "rating 66 at 19, top 96: 72",[39m
[31m+   "rating 67 at 19, top 96: 73",[39m
[31m+   "rating 68 at 19, top 96: 74",[39m
[31m+   "rating 69 at 19, top 96: 75",[39m
[31m+   "rating 70 at 19, top 96: 76",[39m
[31m+   "rating 71 at 19, top 96: 77",[39m
[31m+   "rating 72 at 19, top 96: 78",[39m
[31m+   "rating 73 at 19, top 96: 79",[39m
[31m+   "rating 74 at 19, top 96: 80",[39m
[31m+   "rating 75 at 19, top 96: 81",[39m
[31m+   "rating 76 at 19, top 96: 82",[39m
[31m+   "rating 77 at 19, top 96: 83",[39m
[31m+   "rating 78 at 19, top 96: 84",[39m
[31m+   "rating 79 at 19, top 96: 85",[39m
[31m+   "rating 80 at 19, top 96: 86",[39m
[31m+   "rating 81 at 19, top 96: 87",[39m
[31m+   "rating 83 at 19, top 96: 88",[39m
[31m+   "rating 84 at 19, top 96: 89",[39m
[31m+   "rating 86 at 19, top 96: 90",[39m
[31m+   "rating 87 at 19, top 96: 91",[39m
[31m+   "rating 89 at 19, top 96: 92",[39m
[31m+   "rating 90 at 19, top 96: 93",[39m
[31m+   "rating 92 at 19, top 96: 94",[39m
[31m+   "rating 93 at 19, top 96: 95",[39m
[31m+   "rating 95 at 19, top 96: 96",[39m
[31m+   "rating 48 at 20, top 96: 53",[39m
[31m+   "rating 49 at 20, top 96: 54",[39m
[31m+   "rating 50 at 20, top 96: 55",[39m
[31m+   "rating 51 at 20, top 96: 56",[39m
[31m+   "rating 52 at 20, top 96: 57",[39m
[31m+   "rating 53 at 20, top 96: 58",[39m
[31m+   "rating 54 at 20, top 96: 59",[39m
[31m+   "rating 55 at 20, top 96: 60",[39m
[31m+   "rating 56 at 20, top 96: 61",[39m
[31m+   "rating 57 at 20, top 96: 62",[39m
[31m+   "rating 58 at 20, top 96: 63",[39m
[31m+   "rating 59 at 20, top 96: 64",[39m
[31m+   "rating 60 at 20, top 96: 65",[39m
[31m+   "rating 61 at 20, top 96: 66",[39m
[31m+   "rating 62 at 20, top 96: 67",[39m
[31m+   "rating 63 at 20, top 96: 68",[39m
[31m+   "rating 64 at 20, top 96: 69",[39m
[31m+   "rating 65 at 20, top 96: 70",[39m
[31m+   "rating 66 at 20, top 96: 71",[39m
[31m+   "rating 67 at 20, top 96: 72",[39m
[31m+   "rating 68 at 20, top 96: 73",[39m
[31m+   "rating 69 at 20, top 96: 74",[39m
[31m+   "rating 70 at 20, top 96: 75",[39m
[31m+   "rating 71 at 20, top 96: 76",[39m
[31m+   "rating 72 at 20, top 96: 77",[39m
[31m+   "rating 73 at 20, top 96: 78",[39m
[31m+   "rating 74 at 20, top 96: 79",[39m
[31m+   "rating 75 at 20, top 96: 80",[39m
[31m+   "rating 76 at 20, top 96: 81",[39m
[31m+   "rating 77 at 20, top 96: 82",[39m
[31m+   "rating 78 at 20, top 96: 83",[39m
[31m+   "rating 79 at 20, top 96: 84",[39m
[31m+   "rating 80 at 20, top 96: 85",[39m
[31m+   "rating 81 at 20, top 96: 86",[39m
[31m+   "rating 82 at 20, top 96: 87",[39m
[31m+   "rating 83 at 20, top 96: 88",[39m
[31m+   "rating 84 at 20, top 96: 89",[39m
[31m+   "rating 86 at 20, top 96: 90",[39m
[31m+   "rating 87 at 20, top 96: 91",[39m
[31m+   "rating 89 at 20, top 96: 92",[39m
[31m+   "rating 90 at 20, top 96: 93",[39m
[31m+   "rating 92 at 20, top 96: 94",[39m
[31m+   "rating 93 at 20, top 96: 95",[39m
[31m+   "rating 95 at 20, top 96: 96",[39m
[31m+   "rating 48 at 21, top 96: 52",[39m
[31m+   "rating 49 at 21, top 96: 53",[39m
[31m+   "rating 50 at 21, top 96: 54",[39m
[31m+   "rating 51 at 21, top 96: 55",[39m
[31m+   "rating 52 at 21, top 96: 56",[39m
[31m+   "rating 53 at 21, top 96: 57",[39m
[31m+   "rating 54 at 21, top 96: 58",[39m
[31m+   "rating 55 at 21, top 96: 59",[39m
[31m+   "rating 56 at 21, top 96: 60",[39m
[31m+   "rating 57 at 21, top 96: 61",[39m
[31m+   "rating 58 at 21, top 96: 62",[39m
[31m+   "rating 59 at 21, top 96: 63",[39m
[31m+   "rating 60 at 21, top 96: 64",[39m
[31m+   "rating 61 at 21, top 96: 65",[39m
[31m+   "rating 62 at 21, top 96: 66",[39m
[31m+   "rating 63 at 21, top 96: 67",[39m
[31m+   "rating 64 at 21, top 96: 68",[39m
[31m+   "rating 65 at 21, top 96: 69",[39m
[31m+   "rating 66 at 21, top 96: 70",[39m
[31m+   "rating 67 at 21, top 96: 71",[39m
[31m+   "rating 68 at 21, top 96: 72",[39m
[31m+   "rating 69 at 21, top 96: 73",[39m
[31m+   "rating 70 at 21, top 96: 74",[39m
[31m+   "rating 71 at 21, top 96: 75",[39m
[31m+   "rating 72 at 21, top 96: 76",[39m
[31m+   "rating 73 at 21, top 96: 77",[39m
[31m+   "rating 74 at 21, top 96: 78",[39m
[31m+   "rating 75 at 21, top 96: 79",[39m
[31m+   "rating 76 at 21, top 96: 80",[39m
[31m+   "rating 77 at 21, top 96: 81",[39m
[31m+   "rating 78 at 21, top 96: 82",[39m
[31m+   "rating 79 at 21, top 96: 83",[39m
[31m+   "rating 80 at 21, top 96: 84",[39m
[31m+   "rating 81 at 21, top 96: 85",[39m
[31m+   "rating 82 at 21, top 96: 86",[39m
[31m+   "rating 83 at 21, top 96: 87",[39m
[31m+   "rating 84 at 21, top 96: 88",[39m
[31m+   "rating 85 at 21, top 96: 89",[39m
[31m+   "rating 86 at 21, top 96: 90",[39m
[31m+   "rating 87 at 21, top 96: 91",[39m
[31m+   "rating 89 at 21, top 96: 92",[39m
[31m+   "rating 90 at 21, top 96: 93",[39m
[31m+   "rating 92 at 21, top 96: 94",[39m
[31m+   "rating 93 at 21, top 96: 95",[39m
[31m+   "rating 95 at 21, top 96: 96",[39m
[31m+   "rating 48 at 22, top 96: 51",[39m
[31m+   "rating 49 at 22, top 96: 52",[39m
[31m+   "rating 50 at 22, top 96: 53",[39m
[31m+   "rating 51 at 22, top 96: 54",[39m
[31m+   "rating 52 at 22, top 96: 55",[39m
[31m+   "rating 53 at 22, top 96: 56",[39m
[31m+   "rating 54 at 22, top 96: 57",[39m
[31m+   "rating 55 at 22, top 96: 58",[39m
[31m+   "rating 56 at 22, top 96: 59",[39m
[31m+   "rating 57 at 22, top 96: 60",[39m
[31m+   "rating 58 at 22, top 96: 61",[39m
[31m+   "rating 59 at 22, top 96: 62",[39m
[31m+   "rating 60 at 22, top 96: 63",[39m
[31m+   "rating 61 at 22, top 96: 64",[39m
[31m+   "rating 62 at 22, top 96: 65",[39m
[31m+   "rating 63 at 22, top 96: 66",[39m
[31m+   "rating 64 at 22, top 96: 67",[39m
[31m+   "rating 65 at 22, top 96: 68",[39m
[31m+   "rating 66 at 22, top 96: 69",[39m
[31m+   "rating 67 at 22, top 96: 70",[39m
[31m+   "rating 68 at 22, top 96: 71",[39m
[31m+   "rating 69 at 22, top 96: 72",[39m
[31m+   "rating 70 at 22, top 96: 73",[39m
[31m+   "rating 71 at 22, top 96: 74",[39m
[31m+   "rating 72 at 22, top 96: 75",[39m
[31m+   "rating 73 at 22, top 96: 76",[39m
[31m+   "rating 74 at 22, top 96: 77",[39m
[31m+   "rating 75 at 22, top 96: 78",[39m
[31m+   "rating 76 at 22, top 96: 79",[39m
[31m+   "rating 77 at 22, top 96: 80",[39m
[31m+   "rating 78 at 22, top 96: 81",[39m
[31m+   "rating 79 at 22, top 96: 82",[39m
[31m+   "rating 80 at 22, top 96: 83",[39m
[31m+   "rating 81 at 22, top 96: 84",[39m
[31m+   "rating 82 at 22, top 96: 85",[39m
[31m+   "rating 83 at 22, top 96: 86",[39m
[31m+   "rating 84 at 22, top 96: 87",[39m
[31m+   "rating 85 at 22, top 96: 88",[39m
[31m+   "rating 86 at 22, top 96: 89",[39m
[31m+   "rating 87 at 22, top 96: 90",[39m
[31m+   "rating 88 at 22, top 96: 91",[39m
[31m+   "rating 89 at 22, top 96: 92",[39m
[31m+   "rating 90 at 22, top 96: 93",[39m
[31m+   "rating 92 at 22, top 96: 94",[39m
[31m+   "rating 93 at 22, top 96: 95",[39m
[31m+   "rating 95 at 22, top 96: 96",[39m
[31m+   "rating 48 at 23, top 96: 50",[39m
[31m+   "rating 49 at 23, top 96: 51",[39m
[31m+   "rating 50 at 23, top 96: 52",[39m
[31m+   "rating 51 at 23, top 96: 53",[39m
[31m+   "rating 52 at 23, top 96: 54",[39m
[31m+   "rating 53 at 23, top 96: 55",[39m
[31m+   "rating 54 at 23, top 96: 56",[39m
[31m+   "rating 55 at 23, top 96: 57",[39m
[31m+   "rating 56 at 23, top 96: 58",[39m
[31m+   "rating 57 at 23, top 96: 59",[39m
[31m+   "rating 58 at 23, top 96: 60",[39m
[31m+   "rating 59 at 23, top 96: 61",[39m
[31m+   "rating 60 at 23, top 96: 62",[39m
[31m+   "rating 61 at 23, top 96: 63",[39m
[31m+   "rating 62 at 23, top 96: 64",[39m
[31m+   "rating 63 at 23, top 96: 65",[39m
[31m+   "rating 64 at 23, top 96: 66",[39m
[31m+   "rating 65 at 23, top 96: 67",[39m
[31m+   "rating 66 at 23, top 96: 68",[39m
[31m+   "rating 67 at 23, top 96: 69",[39m
[31m+   "rating 68 at 23, top 96: 70",[39m
[31m+   "rating 69 at 23, top 96: 71",[39m
[31m+   "rating 70 at 23, top 96: 72",[39m
[31m+   "rating 71 at 23, top 96: 73",[39m
[31m+   "rating 72 at 23, top 96: 74",[39m
[31m+   "rating 73 at 23, top 96: 75",[39m
[31m+   "rating 74 at 23, top 96: 76",[39m
[31m+   "rating 75 at 23, top 96: 77",[39m
[31m+   "rating 76 at 23, top 96: 78",[39m
[31m+   "rating 77 at 23, top 96: 79",[39m
[31m+   "rating 78 at 23, top 96: 80",[39m
[31m+   "rating 79 at 23, top 96: 81",[39m
[31m+   "rating 80 at 23, top 96: 82",[39m
[31m+   "rating 81 at 23, top 96: 83",[39m
[31m+   "rating 82 at 23, top 96: 84",[39m
[31m+   "rating 83 at 23, top 96: 85",[39m
[31m+   "rating 84 at 23, top 96: 86",[39m
[31m+   "rating 85 at 23, top 96: 87",[39m
[31m+   "rating 86 at 23, top 96: 88",[39m
[31m+   "rating 87 at 23, top 96: 89",[39m
[31m+   "rating 88 at 23, top 96: 90",[39m
[31m+   "rating 89 at 23, top 96: 91",[39m
[31m+   "rating 90 at 23, top 96: 92",[39m
[31m+   "rating 91 at 23, top 96: 93",[39m
[31m+   "rating 92 at 23, top 96: 94",[39m
[31m+   "rating 93 at 23, top 96: 95",[39m
[31m+   "rating 95 at 23, top 96: 96",[39m
[31m+   "rating 48 at 24, top 96: 49",[39m
[31m+   "rating 49 at 24, top 96: 50",[39m
[31m+   "rating 50 at 24, top 96: 51",[39m
[31m+   "rating 51 at 24, top 96: 52",[39m
[31m+   "rating 52 at 24, top 96: 53",[39m
[31m+   "rating 53 at 24, top 96: 54",[39m
[31m+   "rating 54 at 24, top 96: 55",[39m
[31m+   "rating 55 at 24, top 96: 56",[39m
[31m+   "rating 56 at 24, top 96: 57",[39m
[31m+   "rating 57 at 24, top 96: 58",[39m
[31m+   "rating 58 at 24, top 96: 59",[39m
[31m+   "rating 59 at 24, top 96: 60",[39m
[31m+   "rating 60 at 24, top 96: 61",[39m
[31m+   "rating 61 at 24, top 96: 62",[39m
[31m+   "rating 62 at 24, top 96: 63",[39m
[31m+   "rating 63 at 24, top 96: 64",[39m
[31m+   "rating 64 at 24, top 96: 65",[39m
[31m+   "rating 65 at 24, top 96: 66",[39m
[31m+   "rating 66 at 24, top 96: 67",[39m
[31m+   "rating 67 at 24, top 96: 68",[39m
[31m+   "rating 68 at 24, top 96: 69",[39m
[31m+   "rating 69 at 24, top 96: 70",[39m
[31m+   "rating 70 at 24, top 96: 71",[39m
[31m+   "rating 71 at 24, top 96: 72",[39m
[31m+   "rating 72 at 24, top 96: 73",[39m
[31m+   "rating 73 at 24, top 96: 74",[39m
[31m+   "rating 74 at 24, top 96: 75",[39m
[31m+   "rating 75 at 24, top 96: 76",[39m
[31m+   "rating 76 at 24, top 96: 77",[39m
[31m+   "rating 77 at 24, top 96: 78",[39m
[31m+   "rating 78 at 24, top 96: 79",[39m
[31m+   "rating 79 at 24, top 96: 80",[39m
[31m+   "rating 80 at 24, top 96: 81",[39m
[31m+   "rating 81 at 24, top 96: 82",[39m
[31m+   "rating 82 at 24, top 96: 83",[39m
[31m+   "rating 83 at 24, top 96: 84",[39m
[31m+   "rating 84 at 24, top 96: 85",[39m
[31m+   "rating 85 at 24, top 96: 86",[39m
[31m+   "rating 86 at 24, top 96: 87",[39m
[31m+   "rating 87 at 24, top 96: 88",[39m
[31m+   "rating 88 at 24, top 96: 89",[39m
[31m+   "rating 89 at 24, top 96: 90",[39m
[31m+   "rating 90 at 24, top 96: 91",[39m
[31m+   "rating 91 at 24, top 96: 92",[39m
[31m+   "rating 92 at 24, top 96: 93",[39m
[31m+   "rating 93 at 24, top 96: 94",[39m
[31m+   "rating 94 at 24, top 96: 95",[39m
[31m+   "rating 95 at 24, top 96: 96",[39m
[31m+   "rating 48 at 25, top 96: 49",[39m
[31m+   "rating 49 at 25, top 96: 50",[39m
[31m+   "rating 50 at 25, top 96: 51",[39m
[31m+   "rating 51 at 25, top 96: 52",[39m
[31m+   "rating 52 at 25, top 96: 53",[39m
[31m+   "rating 53 at 25, top 96: 54",[39m
[31m+   "rating 54 at 25, top 96: 55",[39m
[31m+   "rating 55 at 25, top 96: 56",[39m
[31m+   "rating 56 at 25, top 96: 57",[39m
[31m+   "rating 57 at 25, top 96: 58",[39m
[31m+   "rating 58 at 25, top 96: 59",[39m
[31m+   "rating 59 at 25, top 96: 60",[39m
[31m+   "rating 60 at 25, top 96: 61",[39m
[31m+   "rating 61 at 25, top 96: 62",[39m
[31m+   "rating 62 at 25, top 96: 63",[39m
[31m+   "rating 63 at 25, top 96: 64",[39m
[31m+   "rating 64 at 25, top 96: 65",[39m
[31m+   "rating 65 at 25, top 96: 66",[39m
[31m+   "rating 66 at 25, top 96: 67",[39m
[31m+   "rating 67 at 25, top 96: 68",[39m
[31m+   "rating 68 at 25, top 96: 69",[39m
[31m+   "rating 69 at 25, top 96: 70",[39m
[31m+   "rating 70 at 25, top 96: 71",[39m
[31m+   "rating 71 at 25, top 96: 72",[39m
[31m+   "rating 72 at 25, top 96: 73",[39m
[31m+   "rating 73 at 25, top 96: 74",[39m
[31m+   "rating 74 at 25, top 96: 75",[39m
[31m+   "rating 75 at 25, top 96: 76",[39m
[31m+   "rating 76 at 25, top 96: 77",[39m
[31m+   "rating 77 at 25, top 96: 78",[39m
[31m+   "rating 78 at 25, top 96: 79",[39m
[31m+   "rating 79 at 25, top 96: 80",[39m
[31m+   "rating 80 at 25, top 96: 81",[39m
[31m+   "rating 81 at 25, top 96: 82",[39m
[31m+   "rating 82 at 25, top 96: 83",[39m
[31m+   "rating 83 at 25, top 96: 84",[39m
[31m+   "rating 84 at 25, top 96: 85",[39m
[31m+   "rating 85 at 25, top 96: 86",[39m
[31m+   "rating 86 at 25, top 96: 87",[39m
[31m+   "rating 87 at 25, top 96: 88",[39m
[31m+   "rating 88 at 25, top 96: 89",[39m
[31m+   "rating 89 at 25, top 96: 90",[39m
[31m+   "rating 90 at 25, top 96: 91",[39m
[31m+   "rating 91 at 25, top 96: 92",[39m
[31m+   "rating 92 at 25, top 96: 93",[39m
[31m+   "rating 93 at 25, top 96: 94",[39m
[31m+   "rating 94 at 25, top 96: 95",[39m
[31m+   "rating 95 at 25, top 96: 96",[39m
[31m+   "rating 48 at 26, top 96: 49",[39m
[31m+   "rating 49 at 26, top 96: 50",[39m
[31m+   "rating 50 at 26, top 96: 51",[39m
[31m+   "rating 51 at 26, top 96: 52",[39m
[31m+   "rating 52 at 26, top 96: 53",[39m
[31m+   "rating 53 at 26, top 96: 54",[39m
[31m+   "rating 54 at 26, top 96: 55",[39m
[31m+   "rating 55 at 26, top 96: 56",[39m
[31m+   "rating 56 at 26, top 96: 57",[39m
[31m+   "rating 57 at 26, top 96: 58",[39m
[31m+   "rating 58 at 26, top 96: 59",[39m
[31m+   "rating 59 at 26, top 96: 60",[39m
[31m+   "rating 60 at 26, top 96: 61",[39m
[31m+   "rating 61 at 26, top 96: 62",[39m
[31m+   "rating 62 at 26, top 96: 63",[39m
[31m+   "rating 63 at 26, top 96: 64",[39m
[31m+   "rating 64 at 26, top 96: 65",[39m
[31m+   "rating 65 at 26, top 96: 66",[39m
[31m+   "rating 66 at 26, top 96: 67",[39m
[31m+   "rating 67 at 26, top 96: 68",[39m
[31m+   "rating 68 at 26, top 96: 69",[39m
[31m+   "rating 69 at 26, top 96: 70",[39m
[31m+   "rating 70 at 26, top 96: 71",[39m
[31m+   "rating 71 at 26, top 96: 72",[39m
[31m+   "rating 72 at 26, top 96: 73",[39m
[31m+   "rating 73 at 26, top 96: 74",[39m
[31m+   "rating 74 at 26, top 96: 75",[39m
[31m+   "rating 75 at 26, top 96: 76",[39m
[31m+   "rating 76 at 26, top 96: 77",[39m
[31m+   "rating 77 at 26, top 96: 78",[39m
[31m+   "rating 78 at 26, top 96: 79",[39m
[31m+   "rating 79 at 26, top 96: 80",[39m
[31m+   "rating 80 at 26, top 96: 81",[39m
[31m+   "rating 81 at 26, top 96: 82",[39m
[31m+   "rating 82 at 26, top 96: 83",[39m
[31m+   "rating 83 at 26, top 96: 84",[39m
[31m+   "rating 84 at 26, top 96: 85",[39m
[31m+   "rating 85 at 26, top 96: 86",[39m
[31m+   "rating 86 at 26, top 96: 87",[39m
[31m+   "rating 87 at 26, top 96: 88",[39m
[31m+   "rating 88 at 26, top 96: 89",[39m
[31m+   "rating 89 at 26, top 96: 90",[39m
[31m+   "rating 90 at 26, top 96: 91",[39m
[31m+   "rating 91 at 26, top 96: 92",[39m
[31m+   "rating 92 at 26, top 96: 93",[39m
[31m+   "rating 93 at 26, top 96: 94",[39m
[31m+   "rating 94 at 26, top 96: 95",[39m
[31m+   "rating 95 at 26, top 96: 96",[39m
[31m+   "rating 48 at 27, top 96: 49",[39m
[31m+   "rating 49 at 27, top 96: 50",[39m
[31m+   "rating 50 at 27, top 96: 51",[39m
[31m+   "rating 51 at 27, top 96: 52",[39m
[31m+   "rating 52 at 27, top 96: 53",[39m
[31m+   "rating 53 at 27, top 96: 54",[39m
[31m+   "rating 54 at 27, top 96: 55",[39m
[31m+   "rating 55 at 27, top 96: 56",[39m
[31m+   "rating 56 at 27, top 96: 57",[39m
[31m+   "rating 57 at 27, top 96: 58",[39m
[31m+   "rating 58 at 27, top 96: 59",[39m
[31m+   "rating 59 at 27, top 96: 60",[39m
[31m+   "rating 60 at 27, top 96: 61",[39m
[31m+   "rating 61 at 27, top 96: 62",[39m
[31m+   "rating 62 at 27, top 96: 63",[39m
[31m+   "rating 63 at 27, top 96: 64",[39m
[31m+   "rating 64 at 27, top 96: 65",[39m
[31m+   "rating 65 at 27, top 96: 66",[39m
[31m+   "rating 66 at 27, top 96: 67",[39m
[31m+   "rating 67 at 27, top 96: 68",[39m
[31m+   "rating 68 at 27, top 96: 69",[39m
[31m+   "rating 69 at 27, top 96: 70",[39m
[31m+   "rating 70 at 27, top 96: 71",[39m
[31m+   "rating 71 at 27, top 96: 72",[39m
[31m+   "rating 72 at 27, top 96: 73",[39m
[31m+   "rating 73 at 27, top 96: 74",[39m
[31m+   "rating 74 at 27, top 96: 75",[39m
[31m+   "rating 75 at 27, top 96: 76",[39m
[31m+   "rating 76 at 27, top 96: 77",[39m
[31m+   "rating 77 at 27, top 96: 78",[39m
[31m+   "rating 78 at 27, top 96: 79",[39m
[31m+   "rating 79 at 27, top 96: 80",[39m
[31m+   "rating 80 at 27, top 96: 81",[39m
[31m+   "rating 81 at 27, top 96: 82",[39m
[31m+   "rating 82 at 27, top 96: 83",[39m
[31m+   "rating 83 at 27, top 96: 84",[39m
[31m+   "rating 84 at 27, top 96: 85",[39m
[31m+   "rating 85 at 27, top 96: 86",[39m
[31m+   "rating 86 at 27, top 96: 87",[39m
[31m+   "rating 87 at 27, top 96: 88",[39m
[31m+   "rating 88 at 27, top 96: 89",[39m
[31m+   "rating 89 at 27, top 96: 90",[39m
[31m+   "rating 90 at 27, top 96: 91",[39m
[31m+   "rating 91 at 27, top 96: 92",[39m
[31m+   "rating 92 at 27, top 96: 93",[39m
[31m+   "rating 93 at 27, top 96: 94",[39m
[31m+   "rating 94 at 27, top 96: 95",[39m
[31m+   "rating 95 at 27, top 96: 96",[39m
[31m+   "rating 48 at 28, top 96: 49",[39m
[31m+   "rating 49 at 28, top 96: 50",[39m
[31m+   "rating 50 at 28, top 96: 51",[39m
[31m+   "rating 51 at 28, top 96: 52",[39m
[31m+   "rating 52 at 28, top 96: 53",[39m
[31m+   "rating 53 at 28, top 96: 54",[39m
[31m+   "rating 54 at 28, top 96: 55",[39m
[31m+   "rating 55 at 28, top 96: 56",[39m
[31m+   "rating 56 at 28, top 96: 57",[39m
[31m+   "rating 57 at 28, top 96: 58",[39m
[31m+   "rating 58 at 28, top 96: 59",[39m
[31m+   "rating 59 at 28, top 96: 60",[39m
[31m+   "rating 60 at 28, top 96: 61",[39m
[31m+   "rating 61 at 28, top 96: 62",[39m
[31m+   "rating 62 at 28, top 96: 63",[39m
[31m+   "rating 63 at 28, top 96: 64",[39m
[31m+   "rating 64 at 28, top 96: 65",[39m
[31m+   "rating 65 at 28, top 96: 66",[39m
[31m+   "rating 66 at 28, top 96: 67",[39m
[31m+   "rating 67 at 28, top 96: 68",[39m
[31m+   "rating 68 at 28, top 96: 69",[39m
[31m+   "rating 69 at 28, top 96: 70",[39m
[31m+   "rating 70 at 28, top 96: 71",[39m
[31m+   "rating 71 at 28, top 96: 72",[39m
[31m+   "rating 72 at 28, top 96: 73",[39m
[31m+   "rating 73 at 28, top 96: 74",[39m
[31m+   "rating 74 at 28, top 96: 75",[39m
[31m+   "rating 75 at 28, top 96: 76",[39m
[31m+   "rating 76 at 28, top 96: 77",[39m
[31m+   "rating 77 at 28, top 96: 78",[39m
[31m+   "rating 78 at 28, top 96: 79",[39m
[31m+   "rating 79 at 28, top 96: 80",[39m
[31m+   "rating 80 at 28, top 96: 81",[39m
[31m+   "rating 81 at 28, top 96: 82",[39m
[31m+   "rating 82 at 28, top 96: 83",[39m
[31m+   "rating 83 at 28, top 96: 84",[39m
[31m+   "rating 84 at 28, top 96: 85",[39m
[31m+   "rating 85 at 28, top 96: 86",[39m
[31m+   "rating 86 at 28, top 96: 87",[39m
[31m+   "rating 87 at 28, top 96: 88",[39m
[31m+   "rating 88 at 28, top 96: 89",[39m
[31m+   "rating 89 at 28, top 96: 90",[39m
[31m+   "rating 90 at 28, top 96: 91",[39m
[31m+   "rating 91 at 28, top 96: 92",[39m
[31m+   "rating 92 at 28, top 96: 93",[39m
[31m+   "rating 93 at 28, top 96: 94",[39m
[31m+   "rating 94 at 28, top 96: 95",[39m
[31m+   "rating 95 at 28, top 96: 96",[39m
[31m+   "rating 48 at 29, top 96: 49",[39m
[31m+   "rating 49 at 29, top 96: 50",[39m
[31m+   "rating 50 at 29, top 96: 51",[39m
[31m+   "rating 51 at 29, top 96: 52",[39m
[31m+   "rating 52 at 29, top 96: 53",[39m
[31m+   "rating 53 at 29, top 96: 54",[39m
[31m+   "rating 54 at 29, top 96: 55",[39m
[31m+   "rating 55 at 29, top 96: 56",[39m
[31m+   "rating 56 at 29, top 96: 57",[39m
[31m+   "rating 57 at 29, top 96: 58",[39m
[31m+   "rating 58 at 29, top 96: 59",[39m
[31m+   "rating 59 at 29, top 96: 60",[39m
[31m+   "rating 60 at 29, top 96: 61",[39m
[31m+   "rating 61 at 29, top 96: 62",[39m
[31m+   "rating 62 at 29, top 96: 63",[39m
[31m+   "rating 63 at 29, top 96: 64",[39m
[31m+   "rating 64 at 29, top 96: 65",[39m
[31m+   "rating 65 at 29, top 96: 66",[39m
[31m+   "rating 66 at 29, top 96: 67",[39m
[31m+   "rating 67 at 29, top 96: 68",[39m
[31m+   "rating 68 at 29, top 96: 69",[39m
[31m+   "rating 69 at 29, top 96: 70",[39m
[31m+   "rating 70 at 29, top 96: 71",[39m
[31m+   "rating 71 at 29, top 96: 72",[39m
[31m+   "rating 72 at 29, top 96: 73",[39m
[31m+   "rating 73 at 29, top 96: 74",[39m
[31m+   "rating 74 at 29, top 96: 75",[39m
[31m+   "rating 75 at 29, top 96: 76",[39m
[31m+   "rating 76 at 29, top 96: 77",[39m
[31m+   "rating 77 at 29, top 96: 78",[39m
[31m+   "rating 78 at 29, top 96: 79",[39m
[31m+   "rating 79 at 29, top 96: 80",[39m
[31m+   "rating 80 at 29, top 96: 81",[39m
[31m+   "rating 81 at 29, top 96: 82",[39m
[31m+   "rating 82 at 29, top 96: 83",[39m
[31m+   "rating 83 at 29, top 96: 84",[39m
[31m+   "rating 84 at 29, top 96: 85",[39m
[31m+   "rating 85 at 29, top 96: 86",[39m
[31m+   "rating 86 at 29, top 96: 87",[39m
[31m+   "rating 87 at 29, top 96: 88",[39m
[31m+   "rating 88 at 29, top 96: 89",[39m
[31m+   "rating 89 at 29, top 96: 90",[39m
[31m+   "rating 90 at 29, top 96: 91",[39m
[31m+   "rating 91 at 29, top 96: 92",[39m
[31m+   "rating 92 at 29, top 96: 93",[39m
[31m+   "rating 93 at 29, top 96: 94",[39m
[31m+   "rating 94 at 29, top 96: 95",[39m
[31m+   "rating 95 at 29, top 96: 96",[39m
[31m+   "rating 49 at 30, top 96: 49",[39m
[31m+   "rating 50 at 30, top 96: 50",[39m
[31m+   "rating 51 at 30, top 96: 51",[39m
[31m+   "rating 52 at 30, top 96: 52",[39m
[31m+   "rating 53 at 30, top 96: 53",[39m
[31m+   "rating 54 at 30, top 96: 54",[39m
[31m+   "rating 55 at 30, top 96: 55",[39m
[31m+   "rating 56 at 30, top 96: 56",[39m
[31m+   "rating 57 at 30, top 96: 57",[39m
[31m+   "rating 58 at 30, top 96: 58",[39m
[31m+   "rating 59 at 30, top 96: 59",[39m
[31m+   "rating 60 at 30, top 96: 60",[39m
[31m+   "rating 61 at 30, top 96: 61",[39m
[31m+   "rating 62 at 30, top 96: 62",[39m
[31m+   "rating 63 at 30, top 96: 63",[39m
[31m+   "rating 64 at 30, top 96: 64",[39m
[31m+   "rating 65 at 30, top 96: 65",[39m
[31m+   "rating 66 at 30, top 96: 66",[39m
[31m+   "rating 67 at 30, top 96: 67",[39m
[31m+   "rating 68 at 30, top 96: 68",[39m
[31m+   "rating 69 at 30, top 96: 69",[39m
[31m+   "rating 70 at 30, top 96: 70",[39m
[31m+   "rating 71 at 30, top 96: 71",[39m
[31m+   "rating 72 at 30, top 96: 72",[39m
[31m+   "rating 73 at 30, top 96: 73",[39m
[31m+   "rating 74 at 30, top 96: 74",[39m
[31m+   "rating 75 at 30, top 96: 75",[39m
[31m+   "rating 76 at 30, top 96: 76",[39m
[31m+   "rating 77 at 30, top 96: 77",[39m
[31m+   "rating 78 at 30, top 96: 78",[39m
[31m+   "rating 79 at 30, top 96: 79",[39m
[31m+   "rating 80 at 30, top 96: 80",[39m
[31m+   "rating 81 at 30, top 96: 81",[39m
[31m+   "rating 82 at 30, top 96: 82",[39m
[31m+   "rating 83 at 30, top 96: 83",[39m
[31m+   "rating 84 at 30, top 96: 84",[39m
[31m+   "rating 85 at 30, top 96: 85",[39m
[31m+   "rating 86 at 30, top 96: 86",[39m
[31m+   "rating 87 at 30, top 96: 87",[39m
[31m+   "rating 88 at 30, top 96: 88",[39m
[31m+   "rating 89 at 30, top 96: 89",[39m
[31m+   "rating 90 at 30, top 96: 90",[39m
[31m+   "rating 91 at 30, top 96: 91",[39m
[31m+   "rating 92 at 30, top 96: 92",[39m
[31m+   "rating 93 at 30, top 96: 93",[39m
[31m+   "rating 94 at 30, top 96: 94",[39m
[31m+   "rating 95 at 30, top 96: 95",[39m
[31m+   "rating 96 at 30, top 96: 96",[39m
[31m+   "rating 50 at 31, top 96: 49",[39m
[31m+   "rating 51 at 31, top 96: 50",[39m
[31m+   "rating 52 at 31, top 96: 51",[39m
[31m+   "rating 53 at 31, top 96: 52",[39m
[31m+   "rating 54 at 31, top 96: 53",[39m
[31m+   "rating 55 at 31, top 96: 54",[39m
[31m+   "rating 56 at 31, top 96: 55",[39m
[31m+   "rating 57 at 31, top 96: 56",[39m
[31m+   "rating 58 at 31, top 96: 57",[39m
[31m+   "rating 59 at 31, top 96: 58",[39m
[31m+   "rating 60 at 31, top 96: 59",[39m
[31m+   "rating 61 at 31, top 96: 60",[39m
[31m+   "rating 62 at 31, top 96: 61",[39m
[31m+   "rating 63 at 31, top 96: 62",[39m
[31m+   "rating 64 at 31, top 96: 63",[39m
[31m+   "rating 65 at 31, top 96: 64",[39m
[31m+   "rating 66 at 31, top 96: 65",[39m
[31m+   "rating 67 at 31, top 96: 66",[39m
[31m+   "rating 68 at 31, top 96: 67",[39m
[31m+   "rating 69 at 31, top 96: 68",[39m
[31m+   "rating 70 at 31, top 96: 69",[39m
[31m+   "rating 71 at 31, top 96: 70",[39m
[31m+   "rating 72 at 31, top 96: 71",[39m
[31m+   "rating 73 at 31, top 96: 72",[39m
[31m+   "rating 74 at 31, top 96: 73",[39m
[31m+   "rating 75 at 31, top 96: 74",[39m
[31m+   "rating 76 at 31, top 96: 75",[39m
[31m+   "rating 77 at 31, top 96: 76",[39m
[31m+   "rating 78 at 31, top 96: 77",[39m
[31m+   "rating 79 at 31, top 96: 78",[39m
[31m+   "rating 80 at 31, top 96: 79",[39m
[31m+   "rating 81 at 31, top 96: 80",[39m
[31m+   "rating 82 at 31, top 96: 81",[39m
[31m+   "rating 83 at 31, top 96: 82",[39m
[31m+   "rating 84 at 31, top 96: 83",[39m
[31m+   "rating 85 at 31, top 96: 84",[39m
[31m+   "rating 86 at 31, top 96: 85",[39m
[31m+   "rating 87 at 31, top 96: 86",[39m
[31m+   "rating 88 at 31, top 96: 87",[39m
[31m+   "rating 89 at 31, top 96: 88",[39m
[31m+   "rating 90 at 31, top 96: 89",[39m
[31m+   "rating 91 at 31, top 96: 90",[39m
[31m+   "rating 92 at 31, top 96: 91",[39m
[31m+   "rating 93 at 31, top 96: 92",[39m
[31m+   "rating 94 at 31, top 96: 93",[39m
[31m+   "rating 95 at 31, top 96: 94",[39m
[31m+   "rating 96 at 31, top 96: 96",[39m
[31m+   "rating 50 at 32, top 96: 49",[39m
[31m+   "rating 51 at 32, top 96: 50",[39m
[31m+   "rating 52 at 32, top 96: 51",[39m
[31m+   "rating 53 at 32, top 96: 52",[39m
[31m+   "rating 54 at 32, top 96: 53",[39m
[31m+   "rating 55 at 32, top 96: 54",[39m
[31m+   "rating 56 at 32, top 96: 55",[39m
[31m+   "rating 57 at 32, top 96: 56",[39m
[31m+   "rating 58 at 32, top 96: 57",[39m
[31m+   "rating 59 at 32, top 96: 58",[39m
[31m+   "rating 60 at 32, top 96: 59",[39m
[31m+   "rating 61 at 32, top 96: 60",[39m
[31m+   "rating 62 at 32, top 96: 61",[39m
[31m+   "rating 63 at 32, top 96: 62",[39m
[31m+   "rating 64 at 32, top 96: 63",[39m
[31m+   "rating 65 at 32, top 96: 64",[39m
[31m+   "rating 66 at 32, top 96: 65",[39m
[31m+   "rating 67 at 32, top 96: 66",[39m
[31m+   "rating 68 at 32, top 96: 67",[39m
[31m+   "rating 69 at 32, top 96: 68",[39m
[31m+   "rating 70 at 32, top 96: 69",[39m
[31m+   "rating 71 at 32, top 96: 70",[39m
[31m+   "rating 72 at 32, top 96: 71",[39m
[31m+   "rating 73 at 32, top 96: 72",[39m
[31m+   "rating 74 at 32, top 96: 73",[39m
[31m+   "rating 75 at 32, top 96: 74",[39m
[31m+   "rating 76 at 32, top 96: 75",[39m
[31m+   "rating 77 at 32, top 96: 76",[39m
[31m+   "rating 78 at 32, top 96: 77",[39m
[31m+   "rating 79 at 32, top 96: 78",[39m
[31m+   "rating 80 at 32, top 96: 79",[39m
[31m+   "rating 81 at 32, top 96: 80",[39m
[31m+   "rating 82 at 32, top 96: 81",[39m
[31m+   "rating 83 at 32, top 96: 82",[39m
[31m+   "rating 84 at 32, top 96: 83",[39m
[31m+   "rating 85 at 32, top 96: 84",[39m
[31m+   "rating 86 at 32, top 96: 85",[39m
[31m+   "rating 87 at 32, top 96: 86",[39m
[31m+   "rating 88 at 32, top 96: 87",[39m
[31m+   "rating 89 at 32, top 96: 88",[39m
[31m+   "rating 90 at 32, top 96: 89",[39m
[31m+   "rating 91 at 32, top 96: 90",[39m
[31m+   "rating 92 at 32, top 96: 91",[39m
[31m+   "rating 93 at 32, top 96: 92",[39m
[31m+   "rating 94 at 32, top 96: 93",[39m
[31m+   "rating 95 at 32, top 96: 94",[39m
[31m+   "rating 96 at 32, top 96: 96",[39m
[31m+   "rating 51 at 33, top 96: 49",[39m
[31m+   "rating 52 at 33, top 96: 50",[39m
[31m+   "rating 53 at 33, top 96: 51",[39m
[31m+   "rating 54 at 33, top 96: 52",[39m
[31m+   "rating 55 at 33, top 96: 53",[39m
[31m+   "rating 56 at 33, top 96: 54",[39m
[31m+   "rating 57 at 33, top 96: 55",[39m
[31m+   "rating 58 at 33, top 96: 56",[39m
[31m+   "rating 59 at 33, top 96: 57",[39m
[31m+   "rating 60 at 33, top 96: 58",[39m
[31m+   "rating 61 at 33, top 96: 59",[39m
[31m+   "rating 62 at 33, top 96: 60",[39m
[31m+   "rating 63 at 33, top 96: 61",[39m
[31m+   "rating 64 at 33, top 96: 62",[39m
[31m+   "rating 65 at 33, top 96: 63",[39m
[31m+   "rating 66 at 33, top 96: 64",[39m
[31m+   "rating 67 at 33, top 96: 65",[39m
[31m+   "rating 68 at 33, top 96: 66",[39m
[31m+   "rating 69 at 33, top 96: 67",[39m
[31m+   "rating 70 at 33, top 96: 68",[39m
[31m+   "rating 71 at 33, top 96: 69",[39m
[31m+   "rating 72 at 33, top 96: 70",[39m
[31m+   "rating 73 at 33, top 96: 71",[39m
[31m+   "rating 74 at 33, top 96: 72",[39m
[31m+   "rating 75 at 33, top 96: 73",[39m
[31m+   "rating 76 at 33, top 96: 74",[39m
[31m+   "rating 77 at 33, top 96: 75",[39m
[31m+   "rating 78 at 33, top 96: 76",[39m
[31m+   "rating 79 at 33, top 96: 77",[39m
[31m+   "rating 80 at 33, top 96: 78",[39m
[31m+   "rating 81 at 33, top 96: 79",[39m
[31m+   "rating 82 at 33, top 96: 80",[39m
[31m+   "rating 83 at 33, top 96: 81",[39m
[31m+   "rating 84 at 33, top 96: 82",[39m
[31m+   "rating 85 at 33, top 96: 83",[39m
[31m+   "rating 86 at 33, top 96: 84",[39m
[31m+   "rating 87 at 33, top 96: 85",[39m
[31m+   "rating 88 at 33, top 96: 86",[39m
[31m+   "rating 89 at 33, top 96: 87",[39m
[31m+   "rating 90 at 33, top 96: 88",[39m
[31m+   "rating 91 at 33, top 96: 89",[39m
[31m+   "rating 92 at 33, top 96: 90",[39m
[31m+   "rating 93 at 33, top 96: 91",[39m
[31m+   "rating 94 at 33, top 96: 92",[39m
[31m+   "rating 95 at 33, top 96: 93",[39m
[31m+   "rating 96 at 33, top 96: 96",[39m
[31m+   "rating 52 at 34, top 96: 49",[39m
[31m+   "rating 53 at 34, top 96: 50",[39m
[31m+   "rating 54 at 34, top 96: 51",[39m
[31m+   "rating 55 at 34, top 96: 52",[39m
[31m+   "rating 56 at 34, top 96: 53",[39m
[31m+   "rating 57 at 34, top 96: 54",[39m
[31m+   "rating 58 at 34, top 96: 55",[39m
[31m+   "rating 59 at 34, top 96: 56",[39m
[31m+   "rating 60 at 34, top 96: 57",[39m
[31m+   "rating 61 at 34, top 96: 58",[39m
[31m+   "rating 62 at 34, top 96: 59",[39m
[31m+   "rating 63 at 34, top 96: 60",[39m
[31m+   "rating 64 at 34, top 96: 61",[39m
[31m+   "rating 65 at 34, top 96: 62",[39m
[31m+   "rating 66 at 34, top 96: 63",[39m
[31m+   "rating 67 at 34, top 96: 64",[39m
[31m+   "rating 68 at 34, top 96: 65",[39m
[31m+   "rating 69 at 34, top 96: 66",[39m
[31m+   "rating 70 at 34, top 96: 67",[39m
[31m+   "rating 71 at 34, top 96: 68",[39m
[31m+   "rating 72 at 34, top 96: 69",[39m
[31m+   "rating 73 at 34, top 96: 70",[39m
[31m+   "rating 74 at 34, top 96: 71",[39m
[31m+   "rating 75 at 34, top 96: 72",[39m
[31m+   "rating 76 at 34, top 96: 73",[39m
[31m+   "rating 77 at 34, top 96: 74",[39m
[31m+   "rating 78 at 34, top 96: 75",[39m
[31m+   "rating 79 at 34, top 96: 76",[39m
[31m+   "rating 80 at 34, top 96: 77",[39m
[31m+   "rating 81 at 34, top 96: 78",[39m
[31m+   "rating 82 at 34, top 96: 79",[39m
[31m+   "rating 83 at 34, top 96: 80",[39m
[31m+   "rating 84 at 34, top 96: 81",[39m
[31m+   "rating 85 at 34, top 96: 82",[39m
[31m+   "rating 86 at 34, top 96: 83",[39m
[31m+   "rating 87 at 34, top 96: 84",[39m
[31m+   "rating 88 at 34, top 96: 85",[39m
[31m+   "rating 89 at 34, top 96: 86",[39m
[31m+   "rating 90 at 34, top 96: 87",[39m
[31m+   "rating 91 at 34, top 96: 88",[39m
[31m+   "rating 92 at 34, top 96: 89",[39m
[31m+   "rating 93 at 34, top 96: 90",[39m
[31m+   "rating 94 at 34, top 96: 91",[39m
[31m+   "rating 95 at 34, top 96: 92",[39m
[31m+   "rating 96 at 34, top 96: 96",[39m
[31m+   "rating 53 at 35, top 96: 49",[39m
[31m+   "rating 54 at 35, top 96: 50",[39m
[31m+   "rating 55 at 35, top 96: 51",[39m
[31m+   "rating 56 at 35, top 96: 52",[39m
[31m+   "rating 57 at 35, top 96: 53",[39m
[31m+   "rating 58 at 35, top 96: 54",[39m
[31m+   "rating 59 at 35, top 96: 55",[39m
[31m+   "rating 60 at 35, top 96: 56",[39m
[31m+   "rating 61 at 35, top 96: 57",[39m
[31m+   "rating 62 at 35, top 96: 58",[39m
[31m+   "rating 63 at 35, top 96: 59",[39m
[31m+   "rating 64 at 35, top 96: 60",[39m
[31m+   "rating 65 at 35, top 96: 61",[39m
[31m+   "rating 66 at 35, top 96: 62",[39m
[31m+   "rating 67 at 35, top 96: 63",[39m
[31m+   "rating 68 at 35, top 96: 64",[39m
[31m+   "rating 69 at 35, top 96: 65",[39m
[31m+   "rating 70 at 35, top 96: 66",[39m
[31m+   "rating 71 at 35, top 96: 67",[39m
[31m+   "rating 72 at 35, top 96: 68",[39m
[31m+   "rating 73 at 35, top 96: 69",[39m
[31m+   "rating 74 at 35, top 96: 70",[39m
[31m+   "rating 75 at 35, top 96: 71",[39m
[31m+   "rating 76 at 35, top 96: 72",[39m
[31m+   "rating 77 at 35, top 96: 73",[39m
[31m+   "rating 78 at 35, top 96: 74",[39m
[31m+   "rating 79 at 35, top 96: 75",[39m
[31m+   "rating 80 at 35, top 96: 76",[39m
[31m+   "rating 81 at 35, top 96: 77",[39m
[31m+   "rating 82 at 35, top 96: 78",[39m
[31m+   "rating 83 at 35, top 96: 79",[39m
[31m+   "rating 84 at 35, top 96: 80",[39m
[31m+   "rating 85 at 35, top 96: 81",[39m
[31m+   "rating 86 at 35, top 96: 82",[39m
[31m+   "rating 87 at 35, top 96: 83",[39m
[31m+   "rating 88 at 35, top 96: 84",[39m
[31m+   "rating 89 at 35, top 96: 85",[39m
[31m+   "rating 90 at 35, top 96: 86",[39m
[31m+   "rating 91 at 35, top 96: 87",[39m
[31m+   "rating 92 at 35, top 96: 88",[39m
[31m+   "rating 93 at 35, top 96: 89",[39m
[31m+   "rating 94 at 35, top 96: 90",[39m
[31m+   "rating 95 at 35, top 96: 91",[39m
[31m+   "rating 96 at 35, top 96: 96",[39m
[31m+   "rating 54 at 36, top 96: 49",[39m
[31m+   "rating 55 at 36, top 96: 50",[39m
[31m+   "rating 56 at 36, top 96: 51",[39m
[31m+   "rating 57 at 36, top 96: 52",[39m
[31m+   "rating 58 at 36, top 96: 53",[39m
[31m+   "rating 59 at 36, top 96: 54",[39m
[31m+   "rating 60 at 36, top 96: 55",[39m
[31m+   "rating 61 at 36, top 96: 56",[39m
[31m+   "rating 62 at 36, top 96: 57",[39m
[31m+   "rating 63 at 36, top 96: 58",[39m
[31m+   "rating 64 at 36, top 96: 59",[39m
[31m+   "rating 65 at 36, top 96: 60",[39m
[31m+   "rating 66 at 36, top 96: 61",[39m
[31m+   "rating 67 at 36, top 96: 62",[39m
[31m+   "rating 68 at 36, top 96: 63",[39m
[31m+   "rating 69 at 36, top 96: 64",[39m
[31m+   "rating 70 at 36, top 96: 65",[39m
[31m+   "rating 71 at 36, top 96: 66",[39m
[31m+   "rating 72 at 36, top 96: 67",[39m
[31m+   "rating 73 at 36, top 96: 68",[39m
[31m+   "rating 74 at 36, top 96: 69",[39m
[31m+   "rating 75 at 36, top 96: 70",[39m
[31m+   "rating 76 at 36, top 96: 71",[39m
[31m+   "rating 77 at 36, top 96: 72",[39m
[31m+   "rating 78 at 36, top 96: 73",[39m
[31m+   "rating 79 at 36, top 96: 74",[39m
[31m+   "rating 80 at 36, top 96: 75",[39m
[31m+   "rating 81 at 36, top 96: 76",[39m
[31m+   "rating 82 at 36, top 96: 77",[39m
[31m+   "rating 83 at 36, top 96: 78",[39m
[31m+   "rating 84 at 36, top 96: 79",[39m
[31m+   "rating 85 at 36, top 96: 80",[39m
[31m+   "rating 86 at 36, top 96: 81",[39m
[31m+   "rating 87 at 36, top 96: 82",[39m
[31m+   "rating 88 at 36, top 96: 83",[39m
[31m+   "rating 89 at 36, top 96: 84",[39m
[31m+   "rating 90 at 36, top 96: 85",[39m
[31m+   "rating 91 at 36, top 96: 86",[39m
[31m+   "rating 92 at 36, top 96: 87",[39m
[31m+   "rating 93 at 36, top 96: 88",[39m
[31m+   "rating 94 at 36, top 96: 89",[39m
[31m+   "rating 95 at 36, top 96: 90",[39m
[31m+   "rating 96 at 36, top 96: 96",[39m
[31m+   "rating 55 at 37, top 96: 49",[39m
[31m+   "rating 56 at 37, top 96: 50",[39m
[31m+   "rating 57 at 37, top 96: 51",[39m
[31m+   "rating 58 at 37, top 96: 52",[39m
[31m+   "rating 59 at 37, top 96: 53",[39m
[31m+   "rating 60 at 37, top 96: 54",[39m
[31m+   "rating 61 at 37, top 96: 55",[39m
[31m+   "rating 62 at 37, top 96: 56",[39m
[31m+   "rating 63 at 37, top 96: 57",[39m
[31m+   "rating 64 at 37, top 96: 58",[39m
[31m+   "rating 65 at 37, top 96: 59",[39m
[31m+   "rating 66 at 37, top 96: 60",[39m
[31m+   "rating 67 at 37, top 96: 61",[39m
[31m+   "rating 68 at 37, top 96: 62",[39m
[31m+   "rating 69 at 37, top 96: 63",[39m
[31m+   "rating 70 at 37, top 96: 64",[39m
[31m+   "rating 71 at 37, top 96: 65",[39m
[31m+   "rating 72 at 37, top 96: 66",[39m
[31m+   "rating 73 at 37, top 96: 67",[39m
[31m+   "rating 74 at 37, top 96: 68",[39m
[31m+   "rating 75 at 37, top 96: 69",[39m
[31m+   "rating 76 at 37, top 96: 70",[39m
[31m+   "rating 77 at 37, top 96: 71",[39m
[31m+   "rating 78 at 37, top 96: 72",[39m
[31m+   "rating 79 at 37, top 96: 73",[39m
[31m+   "rating 80 at 37, top 96: 74",[39m
[31m+   "rating 81 at 37, top 96: 75",[39m
[31m+   "rating 82 at 37, top 96: 76",[39m
[31m+   "rating 83 at 37, top 96: 77",[39m
[31m+   "rating 84 at 37, top 96: 78",[39m
[31m+   "rating 85 at 37, top 96: 79",[39m
[31m+   "rating 86 at 37, top 96: 80",[39m
[31m+   "rating 87 at 37, top 96: 81",[39m
[31m+   "rating 88 at 37, top 96: 82",[39m
[31m+   "rating 89 at 37, top 96: 83",[39m
[31m+   "rating 90 at 37, top 96: 84",[39m
[31m+   "rating 91 at 37, top 96: 85",[39m
[31m+   "rating 92 at 37, top 96: 86",[39m
[31m+   "rating 93 at 37, top 96: 87",[39m
[31m+   "rating 94 at 37, top 96: 88",[39m
[31m+   "rating 95 at 37, top 96: 89",[39m
[31m+   "rating 96 at 37, top 96: 96",[39m
[31m+   "rating 56 at 38, top 96: 49",[39m
[31m+   "rating 57 at 38, top 96: 50",[39m
[31m+   "rating 58 at 38, top 96: 51",[39m
[31m+   "rating 59 at 38, top 96: 52",[39m
[31m+   "rating 60 at 38, top 96: 53",[39m
[31m+   "rating 61 at 38, top 96: 54",[39m
[31m+   "rating 62 at 38, top 96: 55",[39m
[31m+   "rating 63 at 38, top 96: 56",[39m
[31m+   "rating 64 at 38, top 96: 57",[39m
[31m+   "rating 65 at 38, top 96: 58",[39m
[31m+   "rating 66 at 38, top 96: 59",[39m
[31m+   "rating 67 at 38, top 96: 60",[39m
[31m+   "rating 68 at 38, top 96: 61",[39m
[31m+   "rating 69 at 38, top 96: 62",[39m
[31m+   "rating 70 at 38, top 96: 63",[39m
[31m+   "rating 71 at 38, top 96: 64",[39m
[31m+   "rating 72 at 38, top 96: 65",[39m
[31m+   "rating 73 at 38, top 96: 66",[39m
[31m+   "rating 74 at 38, top 96: 67",[39m
[31m+   "rating 75 at 38, top 96: 68",[39m
[31m+   "rating 76 at 38, top 96: 69",[39m
[31m+   "rating 77 at 38, top 96: 70",[39m
[31m+   "rating 78 at 38, top 96: 71",[39m
[31m+   "rating 79 at 38, top 96: 72",[39m
[31m+   "rating 80 at 38, top 96: 73",[39m
[31m+   "rating 81 at 38, top 96: 74",[39m
[31m+   "rating 82 at 38, top 96: 75",[39m
[31m+   "rating 83 at 38, top 96: 76",[39m
[31m+   "rating 84 at 38, top 96: 77",[39m
[31m+   "rating 85 at 38, top 96: 78",[39m
[31m+   "rating 86 at 38, top 96: 79",[39m
[31m+   "rating 87 at 38, top 96: 80",[39m
[31m+   "rating 88 at 38, top 96: 81",[39m
[31m+   "rating 89 at 38, top 96: 82",[39m
[31m+   "rating 90 at 38, top 96: 83",[39m
[31m+   "rating 91 at 38, top 96: 84",[39m
[31m+   "rating 92 at 38, top 96: 85",[39m
[31m+   "rating 93 at 38, top 96: 86",[39m
[31m+   "rating 94 at 38, top 96: 87",[39m
[31m+   "rating 95 at 38, top 96: 88",[39m
[31m+   "rating 96 at 38, top 96: 96",[39m
[31m+   "rating 56 at 39, top 96: 49",[39m
[31m+   "rating 57 at 39, top 96: 50",[39m
[31m+   "rating 58 at 39, top 96: 51",[39m
[31m+   "rating 59 at 39, top 96: 52",[39m
[31m+   "rating 60 at 39, top 96: 53",[39m
[31m+   "rating 61 at 39, top 96: 54",[39m
[31m+   "rating 62 at 39, top 96: 55",[39m
[31m+   "rating 63 at 39, top 96: 56",[39m
[31m+   "rating 64 at 39, top 96: 57",[39m
[31m+   "rating 65 at 39, top 96: 58",[39m
[31m+   "rating 66 at 39, top 96: 59",[39m
[31m+   "rating 67 at 39, top 96: 60",[39m
[31m+   "rating 68 at 39, top 96: 61",[39m
[31m+   "rating 69 at 39, top 96: 62",[39m
[31m+   "rating 70 at 39, top 96: 63",[39m
[31m+   "rating 71 at 39, top 96: 64",[39m
[31m+   "rating 72 at 39, top 96: 65",[39m
[31m+   "rating 73 at 39, top 96: 66",[39m
[31m+   "rating 74 at 39, top 96: 67",[39m
[31m+   "rating 75 at 39, top 96: 68",[39m
[31m+   "rating 76 at 39, top 96: 69",[39m
[31m+   "rating 77 at 39, top 96: 70",[39m
[31m+   "rating 78 at 39, top 96: 71",[39m
[31m+   "rating 79 at 39, top 96: 72",[39m
[31m+   "rating 80 at 39, top 96: 73",[39m
[31m+   "rating 81 at 39, top 96: 74",[39m
[31m+   "rating 82 at 39, top 96: 75",[39m
[31m+   "rating 83 at 39, top 96: 76",[39m
[31m+   "rating 84 at 39, top 96: 77",[39m
[31m+   "rating 85 at 39, top 96: 78",[39m
[31m+   "rating 86 at 39, top 96: 79",[39m
[31m+   "rating 87 at 39, top 96: 80",[39m
[31m+   "rating 88 at 39, top 96: 81",[39m
[31m+   "rating 89 at 39, top 96: 82",[39m
[31m+   "rating 90 at 39, top 96: 83",[39m
[31m+   "rating 91 at 39, top 96: 84",[39m
[31m+   "rating 92 at 39, top 96: 85",[39m
[31m+   "rating 93 at 39, top 96: 86",[39m
[31m+   "rating 94 at 39, top 96: 87",[39m
[31m+   "rating 95 at 39, top 96: 88",[39m
[31m+   "rating 96 at 39, top 96: 96",[39m
[31m+   "rating 56 at 40, top 96: 49",[39m
[31m+   "rating 57 at 40, top 96: 50",[39m
[31m+   "rating 58 at 40, top 96: 51",[39m
[31m+   "rating 59 at 40, top 96: 52",[39m
[31m+   "rating 60 at 40, top 96: 53",[39m
[31m+   "rating 61 at 40, top 96: 54",[39m
[31m+   "rating 62 at 40, top 96: 55",[39m
[31m+   "rating 63 at 40, top 96: 56",[39m
[31m+   "rating 64 at 40, top 96: 57",[39m
[31m+   "rating 65 at 40, top 96: 58",[39m
[31m+   "rating 66 at 40, top 96: 59",[39m
[31m+   "rating 67 at 40, top 96: 60",[39m
[31m+   "rating 68 at 40, top 96: 61",[39m
[31m+   "rating 69 at 40, top 96: 62",[39m
[31m+   "rating 70 at 40, top 96: 63",[39m
[31m+   "rating 71 at 40, top 96: 64",[39m
[31m+   "rating 72 at 40, top 96: 65",[39m
[31m+   "rating 73 at 40, top 96: 66",[39m
[31m+   "rating 74 at 40, top 96: 67",[39m
[31m+   "rating 75 at 40, top 96: 68",[39m
[31m+   "rating 76 at 40, top 96: 69",[39m
[31m+   "rating 77 at 40, top 96: 70",[39m
[31m+   "rating 78 at 40, top 96: 71",[39m
[31m+   "rating 79 at 40, top 96: 72",[39m
[31m+   "rating 80 at 40, top 96: 73",[39m
[31m+   "rating 81 at 40, top 96: 74",[39m
[31m+   "rating 82 at 40, top 96: 75",[39m
[31m+   "rating 83 at 40, top 96: 76",[39m
[31m+   "rating 84 at 40, top 96: 77",[39m
[31m+   "rating 85 at 40, top 96: 78",[39m
[31m+   "rating 86 at 40, top 96: 79",[39m
[31m+   "rating 87 at 40, top 96: 80",[39m
[31m+   "rating 88 at 40, top 96: 81",[39m
[31m+   "rating 89 at 40, top 96: 82",[39m
[31m+   "rating 90 at 40, top 96: 83",[39m
[31m+   "rating 91 at 40, top 96: 84",[39m
[31m+   "rating 92 at 40, top 96: 85",[39m
[31m+   "rating 93 at 40, top 96: 86",[39m
[31m+   "rating 94 at 40, top 96: 87",[39m
[31m+   "rating 95 at 40, top 96: 88",[39m
[31m+   "rating 96 at 40, top 96: 96",[39m
[31m+   "rating 56 at 41, top 96: 49",[39m
[31m+   "rating 57 at 41, top 96: 50",[39m
[31m+   "rating 58 at 41, top 96: 51",[39m
[31m+   "rating 59 at 41, top 96: 52",[39m
[31m+   "rating 60 at 41, top 96: 53",[39m
[31m+   "rating 61 at 41, top 96: 54",[39m
[31m+   "rating 62 at 41, top 96: 55",[39m
[31m+   "rating 63 at 41, top 96: 56",[39m
[31m+   "rating 64 at 41, top 96: 57",[39m
[31m+   "rating 65 at 41, top 96: 58",[39m
[31m+   "rating 66 at 41, top 96: 59",[39m
[31m+   "rating 67 at 41, top 96: 60",[39m
[31m+   "rating 68 at 41, top 96: 61",[39m
[31m+   "rating 69 at 41, top 96: 62",[39m
[31m+   "rating 70 at 41, top 96: 63",[39m
[31m+   "rating 71 at 41, top 96: 64",[39m
[31m+   "rating 72 at 41, top 96: 65",[39m
[31m+   "rating 73 at 41, top 96: 66",[39m
[31m+   "rating 74 at 41, top 96: 67",[39m
[31m+   "rating 75 at 41, top 96: 68",[39m
[31m+   "rating 76 at 41, top 96: 69",[39m
[31m+   "rating 77 at 41, top 96: 70",[39m
[31m+   "rating 78 at 41, top 96: 71",[39m
[31m+   "rating 79 at 41, top 96: 72",[39m
[31m+   "rating 80 at 41, top 96: 73",[39m
[31m+   "rating 81 at 41, top 96: 74",[39m
[31m+   "rating 82 at 41, top 96: 75",[39m
[31m+   "rating 83 at 41, top 96: 76",[39m
[31m+   "rating 84 at 41, top 96: 77",[39m
[31m+   "rating 85 at 41, top 96: 78",[39m
[31m+   "rating 86 at 41, top 96: 79",[39m
[31m+   "rating 87 at 41, top 96: 80",[39m
[31m+   "rating 88 at 41, top 96: 81",[39m
[31m+   "rating 89 at 41, top 96: 82",[39m
[31m+   "rating 90 at 41, top 96: 83",[39m
[31m+   "rating 91 at 41, top 96: 84",[39m
[31m+   "rating 92 at 41, top 96: 85",[39m
[31m+   "rating 93 at 41, top 96: 86",[39m
[31m+   "rating 94 at 41, top 96: 87",[39m
[31m+   "rating 95 at 41, top 96: 88",[39m
[31m+   "rating 96 at 41, top 96: 96",[39m
[31m+   "rating 56 at 42, top 96: 49",[39m
[31m+   "rating 57 at 42, top 96: 50",[39m
[31m+   "rating 58 at 42, top 96: 51",[39m
[31m+   "rating 59 at 42, top 96: 52",[39m
[31m+   "rating 60 at 42, top 96: 53",[39m
[31m+   "rating 61 at 42, top 96: 54",[39m
[31m+   "rating 62 at 42, top 96: 55",[39m
[31m+   "rating 63 at 42, top 96: 56",[39m
[31m+   "rating 64 at 42, top 96: 57",[39m
[31m+   "rating 65 at 42, top 96: 58",[39m
[31m+   "rating 66 at 42, top 96: 59",[39m
[31m+   "rating 67 at 42, top 96: 60",[39m
[31m+   "rating 68 at 42, top 96: 61",[39m
[31m+   "rating 69 at 42, top 96: 62",[39m
[31m+   "rating 70 at 42, top 96: 63",[39m
[31m+   "rating 71 at 42, top 96: 64",[39m
[31m+   "rating 72 at 42, top 96: 65",[39m
[31m+   "rating 73 at 42, top 96: 66",[39m
[31m+   "rating 74 at 42, top 96: 67",[39m
[31m+   "rating 75 at 42, top 96: 68",[39m
[31m+   "rating 76 at 42, top 96: 69",[39m
[31m+   "rating 77 at 42, top 96: 70",[39m
[31m+   "rating 78 at 42, top 96: 71",[39m
[31m+   "rating 79 at 42, top 96: 72",[39m
[31m+   "rating 80 at 42, top 96: 73",[39m
[31m+   "rating 81 at 42, top 96: 74",[39m
[31m+   "rating 82 at 42, top 96: 75",[39m
[31m+   "rating 83 at 42, top 96: 76",[39m
[31m+   "rating 84 at 42, top 96: 77",[39m
[31m+   "rating 85 at 42, top 96: 78",[39m
[31m+   "rating 86 at 42, top 96: 79",[39m
[31m+   "rating 87 at 42, top 96: 80",[39m
[31m+   "rating 88 at 42, top 96: 81",[39m
[31m+   "rating 89 at 42, top 96: 82",[39m
[31m+   "rating 90 at 42, top 96: 83",[39m
[31m+   "rating 91 at 42, top 96: 84",[39m
[31m+   "rating 92 at 42, top 96: 85",[39m
[31m+   "rating 93 at 42, top 96: 86",[39m
[31m+   "rating 94 at 42, top 96: 87",[39m
[31m+   "rating 95 at 42, top 96: 88",[39m
[31m+   "rating 96 at 42, top 96: 96",[39m
[31m+   "rating 56 at 43, top 96: 49",[39m
[31m+   "rating 57 at 43, top 96: 50",[39m
[31m+   "rating 58 at 43, top 96: 51",[39m
[31m+   "rating 59 at 43, top 96: 52",[39m
[31m+   "rating 60 at 43, top 96: 53",[39m
[31m+   "rating 61 at 43, top 96: 54",[39m
[31m+   "rating 62 at 43, top 96: 55",[39m
[31m+   "rating 63 at 43, top 96: 56",[39m
[31m+   "rating 64 at 43, top 96: 57",[39m
[31m+   "rating 65 at 43, top 96: 58",[39m
[31m+   "rating 66 at 43, top 96: 59",[39m
[31m+   "rating 67 at 43, top 96: 60",[39m
[31m+   "rating 68 at 43, top 96: 61",[39m
[31m+   "rating 69 at 43, top 96: 62",[39m
[31m+   "rating 70 at 43, top 96: 63",[39m
[31m+   "rating 71 at 43, top 96: 64",[39m
[31m+   "rating 72 at 43, top 96: 65",[39m
[31m+   "rating 73 at 43, top 96: 66",[39m
[31m+   "rating 74 at 43, top 96: 67",[39m
[31m+   "rating 75 at 43, top 96: 68",[39m
[31m+   "rating 76 at 43, top 96: 69",[39m
[31m+   "rating 77 at 43, top 96: 70",[39m
[31m+   "rating 78 at 43, top 96: 71",[39m
[31m+   "rating 79 at 43, top 96: 72",[39m
[31m+   "rating 80 at 43, top 96: 73",[39m
[31m+   "rating 81 at 43, top 96: 74",[39m
[31m+   "rating 82 at 43, top 96: 75",[39m
[31m+   "rating 83 at 43, top 96: 76",[39m
[31m+   "rating 84 at 43, top 96: 77",[39m
[31m+   "rating 85 at 43, top 96: 78",[39m
[31m+   "rating 86 at 43, top 96: 79",[39m
[31m+   "rating 87 at 43, top 96: 80",[39m
[31m+   "rating 88 at 43, top 96: 81",[39m
[31m+   "rating 89 at 43, top 96: 82",[39m
[31m+   "rating 90 at 43, top 96: 83",[39m
[31m+   "rating 91 at 43, top 96: 84",[39m
[31m+   "rating 92 at 43, top 96: 85",[39m
[31m+   "rating 93 at 43, top 96: 86",[39m
[31m+   "rating 94 at 43, top 96: 87",[39m
[31m+   "rating 95 at 43, top 96: 88",[39m
[31m+   "rating 96 at 43, top 96: 96",[39m
[31m+   "rating 56 at 44, top 96: 49",[39m
[31m+   "rating 57 at 44, top 96: 50",[39m
[31m+   "rating 58 at 44, top 96: 51",[39m
[31m+   "rating 59 at 44, top 96: 52",[39m
[31m+   "rating 60 at 44, top 96: 53",[39m
[31m+   "rating 61 at 44, top 96: 54",[39m
[31m+   "rating 62 at 44, top 96: 55",[39m
[31m+   "rating 63 at 44, top 96: 56",[39m
[31m+   "rating 64 at 44, top 96: 57",[39m
[31m+   "rating 65 at 44, top 96: 58",[39m
[31m+   "rating 66 at 44, top 96: 59",[39m
[31m+   "rating 67 at 44, top 96: 60",[39m
[31m+   "rating 68 at 44, top 96: 61",[39m
[31m+   "rating 69 at 44, top 96: 62",[39m
[31m+   "rating 70 at 44, top 96: 63",[39m
[31m+   "rating 71 at 44, top 96: 64",[39m
[31m+   "rating 72 at 44, top 96: 65",[39m
[31m+   "rating 73 at 44, top 96: 66",[39m
[31m+   "rating 74 at 44, top 96: 67",[39m
[31m+   "rating 75 at 44, top 96: 68",[39m
[31m+   "rating 76 at 44, top 96: 69",[39m
[31m+   "rating 77 at 44, top 96: 70",[39m
[31m+   "rating 78 at 44, top 96: 71",[39m
[31m+   "rating 79 at 44, top 96: 72",[39m
[31m+   "rating 80 at 44, top 96: 73",[39m
[31m+   "rating 81 at 44, top 96: 74",[39m
[31m+   "rating 82 at 44, top 96: 75",[39m
[31m+   "rating 83 at 44, top 96: 76",[39m
[31m+   "rating 84 at 44, top 96: 77",[39m
[31m+   "rating 85 at 44, top 96: 78",[39m
[31m+   "rating 86 at 44, top 96: 79",[39m
[31m+   "rating 87 at 44, top 96: 80",[39m
[31m+   "rating 88 at 44, top 96: 81",[39m
[31m+   "rating 89 at 44, top 96: 82",[39m
[31m+   "rating 90 at 44, top 96: 83",[39m
[31m+   "rating 91 at 44, top 96: 84",[39m
[31m+   "rating 92 at 44, top 96: 85",[39m
[31m+   "rating 93 at 44, top 96: 86",[39m
[31m+   "rating 94 at 44, top 96: 87",[39m
[31m+   "rating 95 at 44, top 96: 88",[39m
[31m+   "rating 96 at 44, top 96: 96",[39m
[31m+   "rating 56 at 45, top 96: 49",[39m
[31m+   "rating 57 at 45, top 96: 50",[39m
[31m+   "rating 58 at 45, top 96: 51",[39m
[31m+   "rating 59 at 45, top 96: 52",[39m
[31m+   "rating 60 at 45, top 96: 53",[39m
[31m+   "rating 61 at 45, top 96: 54",[39m
[31m+   "rating 62 at 45, top 96: 55",[39m
[31m+   "rating 63 at 45, top 96: 56",[39m
[31m+   "rating 64 at 45, top 96: 57",[39m
[31m+   "rating 65 at 45, top 96: 58",[39m
[31m+   "rating 66 at 45, top 96: 59",[39m
[31m+   "rating 67 at 45, top 96: 60",[39m
[31m+   "rating 68 at 45, top 96: 61",[39m
[31m+   "rating 69 at 45, top 96: 62",[39m
[31m+   "rating 70 at 45, top 96: 63",[39m
[31m+   "rating 71 at 45, top 96: 64",[39m
[31m+   "rating 72 at 45, top 96: 65",[39m
[31m+   "rating 73 at 45, top 96: 66",[39m
[31m+   "rating 74 at 45, top 96: 67",[39m
[31m+   "rating 75 at 45, top 96: 68",[39m
[31m+   "rating 76 at 45, top 96: 69",[39m
[31m+   "rating 77 at 45, top 96: 70",[39m
[31m+   "rating 78 at 45, top 96: 71",[39m
[31m+   "rating 79 at 45, top 96: 72",[39m
[31m+   "rating 80 at 45, top 96: 73",[39m
[31m+   "rating 81 at 45, top 96: 74",[39m
[31m+   "rating 82 at 45, top 96: 75",[39m
[31m+   "rating 83 at 45, top 96: 76",[39m
[31m+   "rating 84 at 45, top 96: 77",[39m
[31m+   "rating 85 at 45, top 96: 78",[39m
[31m+   "rating 86 at 45, top 96: 79",[39m
[31m+   "rating 87 at 45, top 96: 80",[39m
[31m+   "rating 88 at 45, top 96: 81",[39m
[31m+   "rating 89 at 45, top 96: 82",[39m
[31m+   "rating 90 at 45, top 96: 83",[39m
[31m+   "rating 91 at 45, top 96: 84",[39m
[31m+   "rating 92 at 45, top 96: 85",[39m
[31m+   "rating 93 at 45, top 96: 86",[39m
[31m+   "rating 94 at 45, top 96: 87",[39m
[31m+   "rating 95 at 45, top 96: 88",[39m
[31m+   "rating 96 at 45, top 96: 96",[39m
[31m+   "rating 48 at 14, top 97: 55",[39m
[31m+   "rating 49 at 14, top 97: 56",[39m
[31m+   "rating 50 at 14, top 97: 57",[39m
[31m+   "rating 51 at 14, top 97: 58",[39m
[31m+   "rating 52 at 14, top 97: 59",[39m
[31m+   "rating 53 at 14, top 97: 60",[39m
[31m+   "rating 54 at 14, top 97: 61",[39m
[31m+   "rating 55 at 14, top 97: 62",[39m
[31m+   "rating 56 at 14, top 97: 63",[39m
[31m+   "rating 57 at 14, top 97: 64",[39m
[31m+   "rating 58 at 14, top 97: 65",[39m
[31m+   "rating 59 at 14, top 97: 66",[39m
[31m+   "rating 60 at 14, top 97: 67",[39m
[31m+   "rating 61 at 14, top 97: 68",[39m
[31m+   "rating 62 at 14, top 97: 69",[39m
[31m+   "rating 63 at 14, top 97: 70",[39m
[31m+   "rating 64 at 14, top 97: 71",[39m
[31m+   "rating 65 at 14, top 97: 72",[39m
[31m+   "rating 66 at 14, top 97: 73",[39m
[31m+   "rating 67 at 14, top 97: 74",[39m
[31m+   "rating 68 at 14, top 97: 75",[39m
[31m+   "rating 69 at 14, top 97: 76",[39m
[31m+   "rating 70 at 14, top 97: 77",[39m
[31m+   "rating 71 at 14, top 97: 78",[39m
[31m+   "rating 72 at 14, top 97: 79",[39m
[31m+   "rating 73 at 14, top 97: 80",[39m
[31m+   "rating 74 at 14, top 97: 81",[39m
[31m+   "rating 75 at 14, top 97: 82",[39m
[31m+   "rating 76 at 14, top 97: 83",[39m
[31m+   "rating 77 at 14, top 97: 84",[39m
[31m+   "rating 78 at 14, top 97: 85",[39m
[31m+   "rating 79 at 14, top 97: 86",[39m
[31m+   "rating 81 at 14, top 97: 87",[39m
[31m+   "rating 82 at 14, top 97: 88",[39m
[31m+   "rating 84 at 14, top 97: 89",[39m
[31m+   "rating 85 at 14, top 97: 90",[39m
[31m+   "rating 87 at 14, top 97: 91",[39m
[31m+   "rating 88 at 14, top 97: 92",[39m
[31m+   "rating 90 at 14, top 97: 93",[39m
[31m+   "rating 91 at 14, top 97: 94",[39m
[31m+   "rating 93 at 14, top 97: 95",[39m
[31m+   "rating 94 at 14, top 97: 96",[39m
[31m+   "rating 96 at 14, top 97: 97",[39m
[31m+   "rating 48 at 15, top 97: 55",[39m
[31m+   "rating 49 at 15, top 97: 56",[39m
[31m+   "rating 50 at 15, top 97: 57",[39m
[31m+   "rating 51 at 15, top 97: 58",[39m
[31m+   "rating 52 at 15, top 97: 59",[39m
[31m+   "rating 53 at 15, top 97: 60",[39m
[31m+   "rating 54 at 15, top 97: 61",[39m
[31m+   "rating 55 at 15, top 97: 62",[39m
[31m+   "rating 56 at 15, top 97: 63",[39m
[31m+   "rating 57 at 15, top 97: 64",[39m
[31m+   "rating 58 at 15, top 97: 65",[39m
[31m+   "rating 59 at 15, top 97: 66",[39m
[31m+   "rating 60 at 15, top 97: 67",[39m
[31m+   "rating 61 at 15, top 97: 68",[39m
[31m+   "rating 62 at 15, top 97: 69",[39m
[31m+   "rating 63 at 15, top 97: 70",[39m
[31m+   "rating 64 at 15, top 97: 71",[39m
[31m+   "rating 65 at 15, top 97: 72",[39m
[31m+   "rating 66 at 15, top 97: 73",[39m
[31m+   "rating 67 at 15, top 97: 74",[39m
[31m+   "rating 68 at 15, top 97: 75",[39m
[31m+   "rating 69 at 15, top 97: 76",[39m
[31m+   "rating 70 at 15, top 97: 77",[39m
[31m+   "rating 71 at 15, top 97: 78",[39m
[31m+   "rating 72 at 15, top 97: 79",[39m
[31m+   "rating 73 at 15, top 97: 80",[39m
[31m+   "rating 74 at 15, top 97: 81",[39m
[31m+   "rating 75 at 15, top 97: 82",[39m
[31m+   "rating 76 at 15, top 97: 83",[39m
[31m+   "rating 77 at 15, top 97: 84",[39m
[31m+   "rating 78 at 15, top 97: 85",[39m
[31m+   "rating 79 at 15, top 97: 86",[39m
[31m+   "rating 81 at 15, top 97: 87",[39m
[31m+   "rating 82 at 15, top 97: 88",[39m
[31m+   "rating 84 at 15, top 97: 89",[39m
[31m+   "rating 85 at 15, top 97: 90",[39m
[31m+   "rating 87 at 15, top 97: 91",[39m
[31m+   "rating 88 at 15, top 97: 92",[39m
[31m+   "rating 90 at 15, top 97: 93",[39m
[31m+   "rating 91 at 15, top 97: 94",[39m
[31m+   "rating 93 at 15, top 97: 95",[39m
[31m+   "rating 94 at 15, top 97: 96",[39m
[31m+   "rating 96 at 15, top 97: 97",[39m
[31m+   "rating 48 at 16, top 97: 55",[39m
[31m+   "rating 49 at 16, top 97: 56",[39m
[31m+   "rating 50 at 16, top 97: 57",[39m
[31m+   "rating 51 at 16, top 97: 58",[39m
[31m+   "rating 52 at 16, top 97: 59",[39m
[31m+   "rating 53 at 16, top 97: 60",[39m
[31m+   "rating 54 at 16, top 97: 61",[39m
[31m+   "rating 55 at 16, top 97: 62",[39m
[31m+   "rating 56 at 16, top 97: 63",[39m
[31m+   "rating 57 at 16, top 97: 64",[39m
[31m+   "rating 58 at 16, top 97: 65",[39m
[31m+   "rating 59 at 16, top 97: 66",[39m
[31m+   "rating 60 at 16, top 97: 67",[39m
[31m+   "rating 61 at 16, top 97: 68",[39m
[31m+   "rating 62 at 16, top 97: 69",[39m
[31m+   "rating 63 at 16, top 97: 70",[39m
[31m+   "rating 64 at 16, top 97: 71",[39m
[31m+   "rating 65 at 16, top 97: 72",[39m
[31m+   "rating 66 at 16, top 97: 73",[39m
[31m+   "rating 67 at 16, top 97: 74",[39m
[31m+   "rating 68 at 16, top 97: 75",[39m
[31m+   "rating 69 at 16, top 97: 76",[39m
[31m+   "rating 70 at 16, top 97: 77",[39m
[31m+   "rating 71 at 16, top 97: 78",[39m
[31m+   "rating 72 at 16, top 97: 79",[39m
[31m+   "rating 73 at 16, top 97: 80",[39m
[31m+   "rating 74 at 16, top 97: 81",[39m
[31m+   "rating 75 at 16, top 97: 82",[39m
[31m+   "rating 76 at 16, top 97: 83",[39m
[31m+   "rating 77 at 16, top 97: 84",[39m
[31m+   "rating 78 at 16, top 97: 85",[39m
[31m+   "rating 79 at 16, top 97: 86",[39m
[31m+   "rating 81 at 16, top 97: 87",[39m
[31m+   "rating 82 at 16, top 97: 88",[39m
[31m+   "rating 84 at 16, top 97: 89",[39m
[31m+   "rating 85 at 16, top 97: 90",[39m
[31m+   "rating 87 at 16, top 97: 91",[39m
[31m+   "rating 88 at 16, top 97: 92",[39m
[31m+   "rating 90 at 16, top 97: 93",[39m
[31m+   "rating 91 at 16, top 97: 94",[39m
[31m+   "rating 93 at 16, top 97: 95",[39m
[31m+   "rating 94 at 16, top 97: 96",[39m
[31m+   "rating 96 at 16, top 97: 97",[39m
[31m+   "rating 48 at 17, top 97: 55",[39m
[31m+   "rating 49 at 17, top 97: 56",[39m
[31m+   "rating 50 at 17, top 97: 57",[39m
[31m+   "rating 51 at 17, top 97: 58",[39m
[31m+   "rating 52 at 17, top 97: 59",[39m
[31m+   "rating 53 at 17, top 97: 60",[39m
[31m+   "rating 54 at 17, top 97: 61",[39m
[31m+   "rating 55 at 17, top 97: 62",[39m
[31m+   "rating 56 at 17, top 97: 63",[39m
[31m+   "rating 57 at 17, top 97: 64",[39m
[31m+   "rating 58 at 17, top 97: 65",[39m
[31m+   "rating 59 at 17, top 97: 66",[39m
[31m+   "rating 60 at 17, top 97: 67",[39m
[31m+   "rating 61 at 17, top 97: 68",[39m
[31m+   "rating 62 at 17, top 97: 69",[39m
[31m+   "rating 63 at 17, top 97: 70",[39m
[31m+   "rating 64 at 17, top 97: 71",[39m
[31m+   "rating 65 at 17, top 97: 72",[39m
[31m+   "rating 66 at 17, top 97: 73",[39m
[31m+   "rating 67 at 17, top 97: 74",[39m
[31m+   "rating 68 at 17, top 97: 75",[39m
[31m+   "rating 69 at 17, top 97: 76",[39m
[31m+   "rating 70 at 17, top 97: 77",[39m
[31m+   "rating 71 at 17, top 97: 78",[39m
[31m+   "rating 72 at 17, top 97: 79",[39m
[31m+   "rating 73 at 17, top 97: 80",[39m
[31m+   "rating 74 at 17, top 97: 81",[39m
[31m+   "rating 75 at 17, top 97: 82",[39m
[31m+   "rating 76 at 17, top 97: 83",[39m
[31m+   "rating 77 at 17, top 97: 84",[39m
[31m+   "rating 78 at 17, top 97: 85",[39m
[31m+   "rating 79 at 17, top 97: 86",[39m
[31m+   "rating 81 at 17, top 97: 87",[39m
[31m+   "rating 82 at 17, top 97: 88",[39m
[31m+   "rating 84 at 17, top 97: 89",[39m
[31m+   "rating 85 at 17, top 97: 90",[39m
[31m+   "rating 87 at 17, top 97: 91",[39m
[31m+   "rating 88 at 17, top 97: 92",[39m
[31m+   "rating 90 at 17, top 97: 93",[39m
[31m+   "rating 91 at 17, top 97: 94",[39m
[31m+   "rating 93 at 17, top 97: 95",[39m
[31m+   "rating 94 at 17, top 97: 96",[39m
[31m+   "rating 96 at 17, top 97: 97",[39m
[31m+   "rating 48 at 18, top 97: 55",[39m
[31m+   "rating 49 at 18, top 97: 56",[39m
[31m+   "rating 50 at 18, top 97: 57",[39m
[31m+   "rating 51 at 18, top 97: 58",[39m
[31m+   "rating 52 at 18, top 97: 59",[39m
[31m+   "rating 53 at 18, top 97: 60",[39m
[31m+   "rating 54 at 18, top 97: 61",[39m
[31m+   "rating 55 at 18, top 97: 62",[39m
[31m+   "rating 56 at 18, top 97: 63",[39m
[31m+   "rating 57 at 18, top 97: 64",[39m
[31m+   "rating 58 at 18, top 97: 65",[39m
[31m+   "rating 59 at 18, top 97: 66",[39m
[31m+   "rating 60 at 18, top 97: 67",[39m
[31m+   "rating 61 at 18, top 97: 68",[39m
[31m+   "rating 62 at 18, top 97: 69",[39m
[31m+   "rating 63 at 18, top 97: 70",[39m
[31m+   "rating 64 at 18, top 97: 71",[39m
[31m+   "rating 65 at 18, top 97: 72",[39m
[31m+   "rating 66 at 18, top 97: 73",[39m
[31m+   "rating 67 at 18, top 97: 74",[39m
[31m+   "rating 68 at 18, top 97: 75",[39m
[31m+   "rating 69 at 18, top 97: 76",[39m
[31m+   "rating 70 at 18, top 97: 77",[39m
[31m+   "rating 71 at 18, top 97: 78",[39m
[31m+   "rating 72 at 18, top 97: 79",[39m
[31m+   "rating 73 at 18, top 97: 80",[39m
[31m+   "rating 74 at 18, top 97: 81",[39m
[31m+   "rating 75 at 18, top 97: 82",[39m
[31m+   "rating 76 at 18, top 97: 83",[39m
[31m+   "rating 77 at 18, top 97: 84",[39m
[31m+   "rating 78 at 18, top 97: 85",[39m
[31m+   "rating 79 at 18, top 97: 86",[39m
[31m+   "rating 81 at 18, top 97: 87",[39m
[31m+   "rating 82 at 18, top 97: 88",[39m
[31m+   "rating 84 at 18, top 97: 89",[39m
[31m+   "rating 85 at 18, top 97: 90",[39m
[31m+   "rating 87 at 18, top 97: 91",[39m
[31m+   "rating 88 at 18, top 97: 92",[39m
[31m+   "rating 90 at 18, top 97: 93",[39m
[31m+   "rating 91 at 18, top 97: 94",[39m
[31m+   "rating 93 at 18, top 97: 95",[39m
[31m+   "rating 94 at 18, top 97: 96",[39m
[31m+   "rating 96 at 18, top 97: 97",[39m
[31m+   "rating 48 at 19, top 97: 54",[39m
[31m+   "rating 49 at 19, top 97: 55",[39m
[31m+   "rating 50 at 19, top 97: 56",[39m
[31m+   "rating 51 at 19, top 97: 57",[39m
[31m+   "rating 52 at 19, top 97: 58",[39m
[31m+   "rating 53 at 19, top 97: 59",[39m
[31m+   "rating 54 at 19, top 97: 60",[39m
[31m+   "rating 55 at 19, top 97: 61",[39m
[31m+   "rating 56 at 19, top 97: 62",[39m
[31m+   "rating 57 at 19, top 97: 63",[39m
[31m+   "rating 58 at 19, top 97: 64",[39m
[31m+   "rating 59 at 19, top 97: 65",[39m
[31m+   "rating 60 at 19, top 97: 66",[39m
[31m+   "rating 61 at 19, top 97: 67",[39m
[31m+   "rating 62 at 19, top 97: 68",[39m
[31m+   "rating 63 at 19, top 97: 69",[39m
[31m+   "rating 64 at 19, top 97: 70",[39m
[31m+   "rating 65 at 19, top 97: 71",[39m
[31m+   "rating 66 at 19, top 97: 72",[39m
[31m+   "rating 67 at 19, top 97: 73",[39m
[31m+   "rating 68 at 19, top 97: 74",[39m
[31m+   "rating 69 at 19, top 97: 75",[39m
[31m+   "rating 70 at 19, top 97: 76",[39m
[31m+   "rating 71 at 19, top 97: 77",[39m
[31m+   "rating 72 at 19, top 97: 78",[39m
[31m+   "rating 73 at 19, top 97: 79",[39m
[31m+   "rating 74 at 19, top 97: 80",[39m
[31m+   "rating 75 at 19, top 97: 81",[39m
[31m+   "rating 76 at 19, top 97: 82",[39m
[31m+   "rating 77 at 19, top 97: 83",[39m
[31m+   "rating 78 at 19, top 97: 84",[39m
[31m+   "rating 79 at 19, top 97: 85",[39m
[31m+   "rating 80 at 19, top 97: 86",[39m
[31m+   "rating 81 at 19, top 97: 87",[39m
[31m+   "rating 82 at 19, top 97: 88",[39m
[31m+   "rating 84 at 19, top 97: 89",[39m
[31m+   "rating 85 at 19, top 97: 90",[39m
[31m+   "rating 87 at 19, top 97: 91",[39m
[31m+   "rating 88 at 19, top 97: 92",[39m
[31m+   "rating 90 at 19, top 97: 93",[39m
[31m+   "rating 91 at 19, top 97: 94",[39m
[31m+   "rating 93 at 19, top 97: 95",[39m
[31m+   "rating 94 at 19, top 97: 96",[39m
[31m+   "rating 96 at 19, top 97: 97",[39m
[31m+   "rating 48 at 20, top 97: 53",[39m
[31m+   "rating 49 at 20, top 97: 54",[39m
[31m+   "rating 50 at 20, top 97: 55",[39m
[31m+   "rating 51 at 20, top 97: 56",[39m
[31m+   "rating 52 at 20, top 97: 57",[39m
[31m+   "rating 53 at 20, top 97: 58",[39m
[31m+   "rating 54 at 20, top 97: 59",[39m
[31m+   "rating 55 at 20, top 97: 60",[39m
[31m+   "rating 56 at 20, top 97: 61",[39m
[31m+   "rating 57 at 20, top 97: 62",[39m
[31m+   "rating 58 at 20, top 97: 63",[39m
[31m+   "rating 59 at 20, top 97: 64",[39m
[31m+   "rating 60 at 20, top 97: 65",[39m
[31m+   "rating 61 at 20, top 97: 66",[39m
[31m+   "rating 62 at 20, top 97: 67",[39m
[31m+   "rating 63 at 20, top 97: 68",[39m
[31m+   "rating 64 at 20, top 97: 69",[39m
[31m+   "rating 65 at 20, top 97: 70",[39m
[31m+   "rating 66 at 20, top 97: 71",[39m
[31m+   "rating 67 at 20, top 97: 72",[39m
[31m+   "rating 68 at 20, top 97: 73",[39m
[31m+   "rating 69 at 20, top 97: 74",[39m
[31m+   "rating 70 at 20, top 97: 75",[39m
[31m+   "rating 71 at 20, top 97: 76",[39m
[31m+   "rating 72 at 20, top 97: 77",[39m
[31m+   "rating 73 at 20, top 97: 78",[39m
[31m+   "rating 74 at 20, top 97: 79",[39m
[31m+   "rating 75 at 20, top 97: 80",[39m
[31m+   "rating 76 at 20, top 97: 81",[39m
[31m+   "rating 77 at 20, top 97: 82",[39m
[31m+   "rating 78 at 20, top 97: 83",[39m
[31m+   "rating 79 at 20, top 97: 84",[39m
[31m+   "rating 80 at 20, top 97: 85",[39m
[31m+   "rating 81 at 20, top 97: 86",[39m
[31m+   "rating 82 at 20, top 97: 87",[39m
[31m+   "rating 83 at 20, top 97: 88",[39m
[31m+   "rating 84 at 20, top 97: 89",[39m
[31m+   "rating 85 at 20, top 97: 90",[39m
[31m+   "rating 87 at 20, top 97: 91",[39m
[31m+   "rating 88 at 20, top 97: 92",[39m
[31m+   "rating 90 at 20, top 97: 93",[39m
[31m+   "rating 91 at 20, top 97: 94",[39m
[31m+   "rating 93 at 20, top 97: 95",[39m
[31m+   "rating 94 at 20, top 97: 96",[39m
[31m+   "rating 96 at 20, top 97: 97",[39m
[31m+   "rating 48 at 21, top 97: 52",[39m
[31m+   "rating 49 at 21, top 97: 53",[39m
[31m+   "rating 50 at 21, top 97: 54",[39m
[31m+   "rating 51 at 21, top 97: 55",[39m
[31m+   "rating 52 at 21, top 97: 56",[39m
[31m+   "rating 53 at 21, top 97: 57",[39m
[31m+   "rating 54 at 21, top 97: 58",[39m
[31m+   "rating 55 at 21, top 97: 59",[39m
[31m+   "rating 56 at 21, top 97: 60",[39m
[31m+   "rating 57 at 21, top 97: 61",[39m
[31m+   "rating 58 at 21, top 97: 62",[39m
[31m+   "rating 59 at 21, top 97: 63",[39m
[31m+   "rating 60 at 21, top 97: 64",[39m
[31m+   "rating 61 at 21, top 97: 65",[39m
[31m+   "rating 62 at 21, top 97: 66",[39m
[31m+   "rating 63 at 21, top 97: 67",[39m
[31m+   "rating 64 at 21, top 97: 68",[39m
[31m+   "rating 65 at 21, top 97: 69",[39m
[31m+   "rating 66 at 21, top 97: 70",[39m
[31m+   "rating 67 at 21, top 97: 71",[39m
[31m+   "rating 68 at 21, top 97: 72",[39m
[31m+   "rating 69 at 21, top 97: 73",[39m
[31m+   "rating 70 at 21, top 97: 74",[39m
[31m+   "rating 71 at 21, top 97: 75",[39m
[31m+   "rating 72 at 21, top 97: 76",[39m
[31m+   "rating 73 at 21, top 97: 77",[39m
[31m+   "rating 74 at 21, top 97: 78",[39m
[31m+   "rating 75 at 21, top 97: 79",[39m
[31m+   "rating 76 at 21, top 97: 80",[39m
[31m+   "rating 77 at 21, top 97: 81",[39m
[31m+   "rating 78 at 21, top 97: 82",[39m
[31m+   "rating 79 at 21, top 97: 83",[39m
[31m+   "rating 80 at 21, top 97: 84",[39m
[31m+   "rating 81 at 21, top 97: 85",[39m
[31m+   "rating 82 at 21, top 97: 86",[39m
[31m+   "rating 83 at 21, top 97: 87",[39m
[31m+   "rating 84 at 21, top 97: 88",[39m
[31m+   "rating 85 at 21, top 97: 89",[39m
[31m+   "rating 86 at 21, top 97: 90",[39m
[31m+   "rating 87 at 21, top 97: 91",[39m
[31m+   "rating 88 at 21, top 97: 92",[39m
[31m+   "rating 90 at 21, top 97: 93",[39m
[31m+   "rating 91 at 21, top 97: 94",[39m
[31m+   "rating 93 at 21, top 97: 95",[39m
[31m+   "rating 94 at 21, top 97: 96",[39m
[31m+   "rating 96 at 21, top 97: 97",[39m
[31m+   "rating 48 at 22, top 97: 51",[39m
[31m+   "rating 49 at 22, top 97: 52",[39m
[31m+   "rating 50 at 22, top 97: 53",[39m
[31m+   "rating 51 at 22, top 97: 54",[39m
[31m+   "rating 52 at 22, top 97: 55",[39m
[31m+   "rating 53 at 22, top 97: 56",[39m
[31m+   "rating 54 at 22, top 97: 57",[39m
[31m+   "rating 55 at 22, top 97: 58",[39m
[31m+   "rating 56 at 22, top 97: 59",[39m
[31m+   "rating 57 at 22, top 97: 60",[39m
[31m+   "rating 58 at 22, top 97: 61",[39m
[31m+   "rating 59 at 22, top 97: 62",[39m
[31m+   "rating 60 at 22, top 97: 63",[39m
[31m+   "rating 61 at 22, top 97: 64",[39m
[31m+   "rating 62 at 22, top 97: 65",[39m
[31m+   "rating 63 at 22, top 97: 66",[39m
[31m+   "rating 64 at 22, top 97: 67",[39m
[31m+   "rating 65 at 22, top 97: 68",[39m
[31m+   "rating 66 at 22, top 97: 69",[39m
[31m+   "rating 67 at 22, top 97: 70",[39m
[31m+   "rating 68 at 22, top 97: 71",[39m
[31m+   "rating 69 at 22, top 97: 72",[39m
[31m+   "rating 70 at 22, top 97: 73",[39m
[31m+   "rating 71 at 22, top 97: 74",[39m
[31m+   "rating 72 at 22, top 97: 75",[39m
[31m+   "rating 73 at 22, top 97: 76",[39m
[31m+   "rating 74 at 22, top 97: 77",[39m
[31m+   "rating 75 at 22, top 97: 78",[39m
[31m+   "rating 76 at 22, top 97: 79",[39m
[31m+   "rating 77 at 22, top 97: 80",[39m
[31m+   "rating 78 at 22, top 97: 81",[39m
[31m+   "rating 79 at 22, top 97: 82",[39m
[31m+   "rating 80 at 22, top 97: 83",[39m
[31m+   "rating 81 at 22, top 97: 84",[39m
[31m+   "rating 82 at 22, top 97: 85",[39m
[31m+   "rating 83 at 22, top 97: 86",[39m
[31m+   "rating 84 at 22, top 97: 87",[39m
[31m+   "rating 85 at 22, top 97: 88",[39m
[31m+   "rating 86 at 22, top 97: 89",[39m
[31m+   "rating 87 at 22, top 97: 90",[39m
[31m+   "rating 88 at 22, top 97: 91",[39m
[31m+   "rating 89 at 22, top 97: 92",[39m
[31m+   "rating 90 at 22, top 97: 93",[39m
[31m+   "rating 91 at 22, top 97: 94",[39m
[31m+   "rating 93 at 22, top 97: 95",[39m
[31m+   "rating 94 at 22, top 97: 96",[39m
[31m+   "rating 96 at 22, top 97: 97",[39m
[31m+   "rating 48 at 23, top 97: 50",[39m
[31m+   "rating 49 at 23, top 97: 51",[39m
[31m+   "rating 50 at 23, top 97: 52",[39m
[31m+   "rating 51 at 23, top 97: 53",[39m
[31m+   "rating 52 at 23, top 97: 54",[39m
[31m+   "rating 53 at 23, top 97: 55",[39m
[31m+   "rating 54 at 23, top 97: 56",[39m
[31m+   "rating 55 at 23, top 97: 57",[39m
[31m+   "rating 56 at 23, top 97: 58",[39m
[31m+   "rating 57 at 23, top 97: 59",[39m
[31m+   "rating 58 at 23, top 97: 60",[39m
[31m+   "rating 59 at 23, top 97: 61",[39m
[31m+   "rating 60 at 23, top 97: 62",[39m
[31m+   "rating 61 at 23, top 97: 63",[39m
[31m+   "rating 62 at 23, top 97: 64",[39m
[31m+   "rating 63 at 23, top 97: 65",[39m
[31m+   "rating 64 at 23, top 97: 66",[39m
[31m+   "rating 65 at 23, top 97: 67",[39m
[31m+   "rating 66 at 23, top 97: 68",[39m
[31m+   "rating 67 at 23, top 97: 69",[39m
[31m+   "rating 68 at 23, top 97: 70",[39m
[31m+   "rating 69 at 23, top 97: 71",[39m
[31m+   "rating 70 at 23, top 97: 72",[39m
[31m+   "rating 71 at 23, top 97: 73",[39m
[31m+   "rating 72 at 23, top 97: 74",[39m
[31m+   "rating 73 at 23, top 97: 75",[39m
[31m+   "rating 74 at 23, top 97: 76",[39m
[31m+   "rating 75 at 23, top 97: 77",[39m
[31m+   "rating 76 at 23, top 97: 78",[39m
[31m+   "rating 77 at 23, top 97: 79",[39m
[31m+   "rating 78 at 23, top 97: 80",[39m
[31m+   "rating 79 at 23, top 97: 81",[39m
[31m+   "rating 80 at 23, top 97: 82",[39m
[31m+   "rating 81 at 23, top 97: 83",[39m
[31m+   "rating 82 at 23, top 97: 84",[39m
[31m+   "rating 83 at 23, top 97: 85",[39m
[31m+   "rating 84 at 23, top 97: 86",[39m
[31m+   "rating 85 at 23, top 97: 87",[39m
[31m+   "rating 86 at 23, top 97: 88",[39m
[31m+   "rating 87 at 23, top 97: 89",[39m
[31m+   "rating 88 at 23, top 97: 90",[39m
[31m+   "rating 89 at 23, top 97: 91",[39m
[31m+   "rating 90 at 23, top 97: 92",[39m
[31m+   "rating 91 at 23, top 97: 93",[39m
[31m+   "rating 92 at 23, top 97: 94",[39m
[31m+   "rating 93 at 23, top 97: 95",[39m
[31m+   "rating 94 at 23, top 97: 96",[39m
[31m+   "rating 96 at 23, top 97: 97",[39m
[31m+   "rating 48 at 24, top 97: 49",[39m
[31m+   "rating 49 at 24, top 97: 50",[39m
[31m+   "rating 50 at 24, top 97: 51",[39m
[31m+   "rating 51 at 24, top 97: 52",[39m
[31m+   "rating 52 at 24, top 97: 53",[39m
[31m+   "rating 53 at 24, top 97: 54",[39m
[31m+   "rating 54 at 24, top 97: 55",[39m
[31m+   "rating 55 at 24, top 97: 56",[39m
[31m+   "rating 56 at 24, top 97: 57",[39m
[31m+   "rating 57 at 24, top 97: 58",[39m
[31m+   "rating 58 at 24, top 97: 59",[39m
[31m+   "rating 59 at 24, top 97: 60",[39m
[31m+   "rating 60 at 24, top 97: 61",[39m
[31m+   "rating 61 at 24, top 97: 62",[39m
[31m+   "rating 62 at 24, top 97: 63",[39m
[31m+   "rating 63 at 24, top 97: 64",[39m
[31m+   "rating 64 at 24, top 97: 65",[39m
[31m+   "rating 65 at 24, top 97: 66",[39m
[31m+   "rating 66 at 24, top 97: 67",[39m
[31m+   "rating 67 at 24, top 97: 68",[39m
[31m+   "rating 68 at 24, top 97: 69",[39m
[31m+   "rating 69 at 24, top 97: 70",[39m
[31m+   "rating 70 at 24, top 97: 71",[39m
[31m+   "rating 71 at 24, top 97: 72",[39m
[31m+   "rating 72 at 24, top 97: 73",[39m
[31m+   "rating 73 at 24, top 97: 74",[39m
[31m+   "rating 74 at 24, top 97: 75",[39m
[31m+   "rating 75 at 24, top 97: 76",[39m
[31m+   "rating 76 at 24, top 97: 77",[39m
[31m+   "rating 77 at 24, top 97: 78",[39m
[31m+   "rating 78 at 24, top 97: 79",[39m
[31m+   "rating 79 at 24, top 97: 80",[39m
[31m+   "rating 80 at 24, top 97: 81",[39m
[31m+   "rating 81 at 24, top 97: 82",[39m
[31m+   "rating 82 at 24, top 97: 83",[39m
[31m+   "rating 83 at 24, top 97: 84",[39m
[31m+   "rating 84 at 24, top 97: 85",[39m
[31m+   "rating 85 at 24, top 97: 86",[39m
[31m+   "rating 86 at 24, top 97: 87",[39m
[31m+   "rating 87 at 24, top 97: 88",[39m
[31m+   "rating 88 at 24, top 97: 89",[39m
[31m+   "rating 89 at 24, top 97: 90",[39m
[31m+   "rating 90 at 24, top 97: 91",[39m
[31m+   "rating 91 at 24, top 97: 92",[39m
[31m+   "rating 92 at 24, top 97: 93",[39m
[31m+   "rating 93 at 24, top 97: 94",[39m
[31m+   "rating 94 at 24, top 97: 95",[39m
[31m+   "rating 95 at 24, top 97: 96",[39m
[31m+   "rating 96 at 24, top 97: 97",[39m
[31m+   "rating 48 at 25, top 97: 49",[39m
[31m+   "rating 49 at 25, top 97: 50",[39m
[31m+   "rating 50 at 25, top 97: 51",[39m
[31m+   "rating 51 at 25, top 97: 52",[39m
[31m+   "rating 52 at 25, top 97: 53",[39m
[31m+   "rating 53 at 25, top 97: 54",[39m
[31m+   "rating 54 at 25, top 97: 55",[39m
[31m+   "rating 55 at 25, top 97: 56",[39m
[31m+   "rating 56 at 25, top 97: 57",[39m
[31m+   "rating 57 at 25, top 97: 58",[39m
[31m+   "rating 58 at 25, top 97: 59",[39m
[31m+   "rating 59 at 25, top 97: 60",[39m
[31m+   "rating 60 at 25, top 97: 61",[39m
[31m+   "rating 61 at 25, top 97: 62",[39m
[31m+   "rating 62 at 25, top 97: 63",[39m
[31m+   "rating 63 at 25, top 97: 64",[39m
[31m+   "rating 64 at 25, top 97: 65",[39m
[31m+   "rating 65 at 25, top 97: 66",[39m
[31m+   "rating 66 at 25, top 97: 67",[39m
[31m+   "rating 67 at 25, top 97: 68",[39m
[31m+   "rating 68 at 25, top 97: 69",[39m
[31m+   "rating 69 at 25, top 97: 70",[39m
[31m+   "rating 70 at 25, top 97: 71",[39m
[31m+   "rating 71 at 25, top 97: 72",[39m
[31m+   "rating 72 at 25, top 97: 73",[39m
[31m+   "rating 73 at 25, top 97: 74",[39m
[31m+   "rating 74 at 25, top 97: 75",[39m
[31m+   "rating 75 at 25, top 97: 76",[39m
[31m+   "rating 76 at 25, top 97: 77",[39m
[31m+   "rating 77 at 25, top 97: 78",[39m
[31m+   "rating 78 at 25, top 97: 79",[39m
[31m+   "rating 79 at 25, top 97: 80",[39m
[31m+   "rating 80 at 25, top 97: 81",[39m
[31m+   "rating 81 at 25, top 97: 82",[39m
[31m+   "rating 82 at 25, top 97: 83",[39m
[31m+   "rating 83 at 25, top 97: 84",[39m
[31m+   "rating 84 at 25, top 97: 85",[39m
[31m+   "rating 85 at 25, top 97: 86",[39m
[31m+   "rating 86 at 25, top 97: 87",[39m
[31m+   "rating 87 at 25, top 97: 88",[39m
[31m+   "rating 88 at 25, top 97: 89",[39m
[31m+   "rating 89 at 25, top 97: 90",[39m
[31m+   "rating 90 at 25, top 97: 91",[39m
[31m+   "rating 91 at 25, top 97: 92",[39m
[31m+   "rating 92 at 25, top 97: 93",[39m
[31m+   "rating 93 at 25, top 97: 94",[39m
[31m+   "rating 94 at 25, top 97: 95",[39m
[31m+   "rating 95 at 25, top 97: 96",[39m
[31m+   "rating 96 at 25, top 97: 97",[39m
[31m+   "rating 48 at 26, top 97: 49",[39m
[31m+   "rating 49 at 26, top 97: 50",[39m
[31m+   "rating 50 at 26, top 97: 51",[39m
[31m+   "rating 51 at 26, top 97: 52",[39m
[31m+   "rating 52 at 26, top 97: 53",[39m
[31m+   "rating 53 at 26, top 97: 54",[39m
[31m+   "rating 54 at 26, top 97: 55",[39m
[31m+   "rating 55 at 26, top 97: 56",[39m
[31m+   "rating 56 at 26, top 97: 57",[39m
[31m+   "rating 57 at 26, top 97: 58",[39m
[31m+   "rating 58 at 26, top 97: 59",[39m
[31m+   "rating 59 at 26, top 97: 60",[39m
[31m+   "rating 60 at 26, top 97: 61",[39m
[31m+   "rating 61 at 26, top 97: 62",[39m
[31m+   "rating 62 at 26, top 97: 63",[39m
[31m+   "rating 63 at 26, top 97: 64",[39m
[31m+   "rating 64 at 26, top 97: 65",[39m
[31m+   "rating 65 at 26, top 97: 66",[39m
[31m+   "rating 66 at 26, top 97: 67",[39m
[31m+   "rating 67 at 26, top 97: 68",[39m
[31m+   "rating 68 at 26, top 97: 69",[39m
[31m+   "rating 69 at 26, top 97: 70",[39m
[31m+   "rating 70 at 26, top 97: 71",[39m
[31m+   "rating 71 at 26, top 97: 72",[39m
[31m+   "rating 72 at 26, top 97: 73",[39m
[31m+   "rating 73 at 26, top 97: 74",[39m
[31m+   "rating 74 at 26, top 97: 75",[39m
[31m+   "rating 75 at 26, top 97: 76",[39m
[31m+   "rating 76 at 26, top 97: 77",[39m
[31m+   "rating 77 at 26, top 97: 78",[39m
[31m+   "rating 78 at 26, top 97: 79",[39m
[31m+   "rating 79 at 26, top 97: 80",[39m
[31m+   "rating 80 at 26, top 97: 81",[39m
[31m+   "rating 81 at 26, top 97: 82",[39m
[31m+   "rating 82 at 26, top 97: 83",[39m
[31m+   "rating 83 at 26, top 97: 84",[39m
[31m+   "rating 84 at 26, top 97: 85",[39m
[31m+   "rating 85 at 26, top 97: 86",[39m
[31m+   "rating 86 at 26, top 97: 87",[39m
[31m+   "rating 87 at 26, top 97: 88",[39m
[31m+   "rating 88 at 26, top 97: 89",[39m
[31m+   "rating 89 at 26, top 97: 90",[39m
[31m+   "rating 90 at 26, top 97: 91",[39m
[31m+   "rating 91 at 26, top 97: 92",[39m
[31m+   "rating 92 at 26, top 97: 93",[39m
[31m+   "rating 93 at 26, top 97: 94",[39m
[31m+   "rating 94 at 26, top 97: 95",[39m
[31m+   "rating 95 at 26, top 97: 96",[39m
[31m+   "rating 96 at 26, top 97: 97",[39m
[31m+   "rating 48 at 27, top 97: 49",[39m
[31m+   "rating 49 at 27, top 97: 50",[39m
[31m+   "rating 50 at 27, top 97: 51",[39m
[31m+   "rating 51 at 27, top 97: 52",[39m
[31m+   "rating 52 at 27, top 97: 53",[39m
[31m+   "rating 53 at 27, top 97: 54",[39m
[31m+   "rating 54 at 27, top 97: 55",[39m
[31m+   "rating 55 at 27, top 97: 56",[39m
[31m+   "rating 56 at 27, top 97: 57",[39m
[31m+   "rating 57 at 27, top 97: 58",[39m
[31m+   "rating 58 at 27, top 97: 59",[39m
[31m+   "rating 59 at 27, top 97: 60",[39m
[31m+   "rating 60 at 27, top 97: 61",[39m
[31m+   "rating 61 at 27, top 97: 62",[39m
[31m+   "rating 62 at 27, top 97: 63",[39m
[31m+   "rating 63 at 27, top 97: 64",[39m
[31m+   "rating 64 at 27, top 97: 65",[39m
[31m+   "rating 65 at 27, top 97: 66",[39m
[31m+   "rating 66 at 27, top 97: 67",[39m
[31m+   "rating 67 at 27, top 97: 68",[39m
[31m+   "rating 68 at 27, top 97: 69",[39m
[31m+   "rating 69 at 27, top 97: 70",[39m
[31m+   "rating 70 at 27, top 97: 71",[39m
[31m+   "rating 71 at 27, top 97: 72",[39m
[31m+   "rating 72 at 27, top 97: 73",[39m
[31m+   "rating 73 at 27, top 97: 74",[39m
[31m+   "rating 74 at 27, top 97: 75",[39m
[31m+   "rating 75 at 27, top 97: 76",[39m
[31m+   "rating 76 at 27, top 97: 77",[39m
[31m+   "rating 77 at 27, top 97: 78",[39m
[31m+   "rating 78 at 27, top 97: 79",[39m
[31m+   "rating 79 at 27, top 97: 80",[39m
[31m+   "rating 80 at 27, top 97: 81",[39m
[31m+   "rating 81 at 27, top 97: 82",[39m
[31m+   "rating 82 at 27, top 97: 83",[39m
[31m+   "rating 83 at 27, top 97: 84",[39m
[31m+   "rating 84 at 27, top 97: 85",[39m
[31m+   "rating 85 at 27, top 97: 86",[39m
[31m+   "rating 86 at 27, top 97: 87",[39m
[31m+   "rating 87 at 27, top 97: 88",[39m
[31m+   "rating 88 at 27, top 97: 89",[39m
[31m+   "rating 89 at 27, top 97: 90",[39m
[31m+   "rating 90 at 27, top 97: 91",[39m
[31m+   "rating 91 at 27, top 97: 92",[39m
[31m+   "rating 92 at 27, top 97: 93",[39m
[31m+   "rating 93 at 27, top 97: 94",[39m
[31m+   "rating 94 at 27, top 97: 95",[39m
[31m+   "rating 95 at 27, top 97: 96",[39m
[31m+   "rating 96 at 27, top 97: 97",[39m
[31m+   "rating 48 at 28, top 97: 49",[39m
[31m+   "rating 49 at 28, top 97: 50",[39m
[31m+   "rating 50 at 28, top 97: 51",[39m
[31m+   "rating 51 at 28, top 97: 52",[39m
[31m+   "rating 52 at 28, top 97: 53",[39m
[31m+   "rating 53 at 28, top 97: 54",[39m
[31m+   "rating 54 at 28, top 97: 55",[39m
[31m+   "rating 55 at 28, top 97: 56",[39m
[31m+   "rating 56 at 28, top 97: 57",[39m
[31m+   "rating 57 at 28, top 97: 58",[39m
[31m+   "rating 58 at 28, top 97: 59",[39m
[31m+   "rating 59 at 28, top 97: 60",[39m
[31m+   "rating 60 at 28, top 97: 61",[39m
[31m+   "rating 61 at 28, top 97: 62",[39m
[31m+   "rating 62 at 28, top 97: 63",[39m
[31m+   "rating 63 at 28, top 97: 64",[39m
[31m+   "rating 64 at 28, top 97: 65",[39m
[31m+   "rating 65 at 28, top 97: 66",[39m
[31m+   "rating 66 at 28, top 97: 67",[39m
[31m+   "rating 67 at 28, top 97: 68",[39m
[31m+   "rating 68 at 28, top 97: 69",[39m
[31m+   "rating 69 at 28, top 97: 70",[39m
[31m+   "rating 70 at 28, top 97: 71",[39m
[31m+   "rating 71 at 28, top 97: 72",[39m
[31m+   "rating 72 at 28, top 97: 73",[39m
[31m+   "rating 73 at 28, top 97: 74",[39m
[31m+   "rating 74 at 28, top 97: 75",[39m
[31m+   "rating 75 at 28, top 97: 76",[39m
[31m+   "rating 76 at 28, top 97: 77",[39m
[31m+   "rating 77 at 28, top 97: 78",[39m
[31m+   "rating 78 at 28, top 97: 79",[39m
[31m+   "rating 79 at 28, top 97: 80",[39m
[31m+   "rating 80 at 28, top 97: 81",[39m
[31m+   "rating 81 at 28, top 97: 82",[39m
[31m+   "rating 82 at 28, top 97: 83",[39m
[31m+   "rating 83 at 28, top 97: 84",[39m
[31m+   "rating 84 at 28, top 97: 85",[39m
[31m+   "rating 85 at 28, top 97: 86",[39m
[31m+   "rating 86 at 28, top 97: 87",[39m
[31m+   "rating 87 at 28, top 97: 88",[39m
[31m+   "rating 88 at 28, top 97: 89",[39m
[31m+   "rating 89 at 28, top 97: 90",[39m
[31m+   "rating 90 at 28, top 97: 91",[39m
[31m+   "rating 91 at 28, top 97: 92",[39m
[31m+   "rating 92 at 28, top 97: 93",[39m
[31m+   "rating 93 at 28, top 97: 94",[39m
[31m+   "rating 94 at 28, top 97: 95",[39m
[31m+   "rating 95 at 28, top 97: 96",[39m
[31m+   "rating 96 at 28, top 97: 97",[39m
[31m+   "rating 48 at 29, top 97: 49",[39m
[31m+   "rating 49 at 29, top 97: 50",[39m
[31m+   "rating 50 at 29, top 97: 51",[39m
[31m+   "rating 51 at 29, top 97: 52",[39m
[31m+   "rating 52 at 29, top 97: 53",[39m
[31m+   "rating 53 at 29, top 97: 54",[39m
[31m+   "rating 54 at 29, top 97: 55",[39m
[31m+   "rating 55 at 29, top 97: 56",[39m
[31m+   "rating 56 at 29, top 97: 57",[39m
[31m+   "rating 57 at 29, top 97: 58",[39m
[31m+   "rating 58 at 29, top 97: 59",[39m
[31m+   "rating 59 at 29, top 97: 60",[39m
[31m+   "rating 60 at 29, top 97: 61",[39m
[31m+   "rating 61 at 29, top 97: 62",[39m
[31m+   "rating 62 at 29, top 97: 63",[39m
[31m+   "rating 63 at 29, top 97: 64",[39m
[31m+   "rating 64 at 29, top 97: 65",[39m
[31m+   "rating 65 at 29, top 97: 66",[39m
[31m+   "rating 66 at 29, top 97: 67",[39m
[31m+   "rating 67 at 29, top 97: 68",[39m
[31m+   "rating 68 at 29, top 97: 69",[39m
[31m+   "rating 69 at 29, top 97: 70",[39m
[31m+   "rating 70 at 29, top 97: 71",[39m
[31m+   "rating 71 at 29, top 97: 72",[39m
[31m+   "rating 72 at 29, top 97: 73",[39m
[31m+   "rating 73 at 29, top 97: 74",[39m
[31m+   "rating 74 at 29, top 97: 75",[39m
[31m+   "rating 75 at 29, top 97: 76",[39m
[31m+   "rating 76 at 29, top 97: 77",[39m
[31m+   "rating 77 at 29, top 97: 78",[39m
[31m+   "rating 78 at 29, top 97: 79",[39m
[31m+   "rating 79 at 29, top 97: 80",[39m
[31m+   "rating 80 at 29, top 97: 81",[39m
[31m+   "rating 81 at 29, top 97: 82",[39m
[31m+   "rating 82 at 29, top 97: 83",[39m
[31m+   "rating 83 at 29, top 97: 84",[39m
[31m+   "rating 84 at 29, top 97: 85",[39m
[31m+   "rating 85 at 29, top 97: 86",[39m
[31m+   "rating 86 at 29, top 97: 87",[39m
[31m+   "rating 87 at 29, top 97: 88",[39m
[31m+   "rating 88 at 29, top 97: 89",[39m
[31m+   "rating 89 at 29, top 97: 90",[39m
[31m+   "rating 90 at 29, top 97: 91",[39m
[31m+   "rating 91 at 29, top 97: 92",[39m
[31m+   "rating 92 at 29, top 97: 93",[39m
[31m+   "rating 93 at 29, top 97: 94",[39m
[31m+   "rating 94 at 29, top 97: 95",[39m
[31m+   "rating 95 at 29, top 97: 96",[39m
[31m+   "rating 96 at 29, top 97: 97",[39m
[31m+   "rating 49 at 30, top 97: 49",[39m
[31m+   "rating 50 at 30, top 97: 50",[39m
[31m+   "rating 51 at 30, top 97: 51",[39m
[31m+   "rating 52 at 30, top 97: 52",[39m
[31m+   "rating 53 at 30, top 97: 53",[39m
[31m+   "rating 54 at 30, top 97: 54",[39m
[31m+   "rating 55 at 30, top 97: 55",[39m
[31m+   "rating 56 at 30, top 97: 56",[39m
[31m+   "rating 57 at 30, top 97: 57",[39m
[31m+   "rating 58 at 30, top 97: 58",[39m
[31m+   "rating 59 at 30, top 97: 59",[39m
[31m+   "rating 60 at 30, top 97: 60",[39m
[31m+   "rating 61 at 30, top 97: 61",[39m
[31m+   "rating 62 at 30, top 97: 62",[39m
[31m+   "rating 63 at 30, top 97: 63",[39m
[31m+   "rating 64 at 30, top 97: 64",[39m
[31m+   "rating 65 at 30, top 97: 65",[39m
[31m+   "rating 66 at 30, top 97: 66",[39m
[31m+   "rating 67 at 30, top 97: 67",[39m
[31m+   "rating 68 at 30, top 97: 68",[39m
[31m+   "rating 69 at 30, top 97: 69",[39m
[31m+   "rating 70 at 30, top 97: 70",[39m
[31m+   "rating 71 at 30, top 97: 71",[39m
[31m+   "rating 72 at 30, top 97: 72",[39m
[31m+   "rating 73 at 30, top 97: 73",[39m
[31m+   "rating 74 at 30, top 97: 74",[39m
[31m+   "rating 75 at 30, top 97: 75",[39m
[31m+   "rating 76 at 30, top 97: 76",[39m
[31m+   "rating 77 at 30, top 97: 77",[39m
[31m+   "rating 78 at 30, top 97: 78",[39m
[31m+   "rating 79 at 30, top 97: 79",[39m
[31m+   "rating 80 at 30, top 97: 80",[39m
[31m+   "rating 81 at 30, top 97: 81",[39m
[31m+   "rating 82 at 30, top 97: 82",[39m
[31m+   "rating 83 at 30, top 97: 83",[39m
[31m+   "rating 84 at 30, top 97: 84",[39m
[31m+   "rating 85 at 30, top 97: 85",[39m
[31m+   "rating 86 at 30, top 97: 86",[39m
[31m+   "rating 87 at 30, top 97: 87",[39m
[31m+   "rating 88 at 30, top 97: 88",[39m
[31m+   "rating 89 at 30, top 97: 89",[39m
[31m+   "rating 90 at 30, top 97: 90",[39m
[31m+   "rating 91 at 30, top 97: 91",[39m
[31m+   "rating 92 at 30, top 97: 92",[39m
[31m+   "rating 93 at 30, top 97: 93",[39m
[31m+   "rating 94 at 30, top 97: 94",[39m
[31m+   "rating 95 at 30, top 97: 95",[39m
[31m+   "rating 96 at 30, top 97: 96",[39m
[31m+   "rating 97 at 30, top 97: 97",[39m
[31m+   "rating 50 at 31, top 97: 49",[39m
[31m+   "rating 51 at 31, top 97: 50",[39m
[31m+   "rating 52 at 31, top 97: 51",[39m
[31m+   "rating 53 at 31, top 97: 52",[39m
[31m+   "rating 54 at 31, top 97: 53",[39m
[31m+   "rating 55 at 31, top 97: 54",[39m
[31m+   "rating 56 at 31, top 97: 55",[39m
[31m+   "rating 57 at 31, top 97: 56",[39m
[31m+   "rating 58 at 31, top 97: 57",[39m
[31m+   "rating 59 at 31, top 97: 58",[39m
[31m+   "rating 60 at 31, top 97: 59",[39m
[31m+   "rating 61 at 31, top 97: 60",[39m
[31m+   "rating 62 at 31, top 97: 61",[39m
[31m+   "rating 63 at 31, top 97: 62",[39m
[31m+   "rating 64 at 31, top 97: 63",[39m
[31m+   "rating 65 at 31, top 97: 64",[39m
[31m+   "rating 66 at 31, top 97: 65",[39m
[31m+   "rating 67 at 31, top 97: 66",[39m
[31m+   "rating 68 at 31, top 97: 67",[39m
[31m+   "rating 69 at 31, top 97: 68",[39m
[31m+   "rating 70 at 31, top 97: 69",[39m
[31m+   "rating 71 at 31, top 97: 70",[39m
[31m+   "rating 72 at 31, top 97: 71",[39m
[31m+   "rating 73 at 31, top 97: 72",[39m
[31m+   "rating 74 at 31, top 97: 73",[39m
[31m+   "rating 75 at 31, top 97: 74",[39m
[31m+   "rating 76 at 31, top 97: 75",[39m
[31m+   "rating 77 at 31, top 97: 76",[39m
[31m+   "rating 78 at 31, top 97: 77",[39m
[31m+   "rating 79 at 31, top 97: 78",[39m
[31m+   "rating 80 at 31, top 97: 79",[39m
[31m+   "rating 81 at 31, top 97: 80",[39m
[31m+   "rating 82 at 31, top 97: 81",[39m
[31m+   "rating 83 at 31, top 97: 82",[39m
[31m+   "rating 84 at 31, top 97: 83",[39m
[31m+   "rating 85 at 31, top 97: 84",[39m
[31m+   "rating 86 at 31, top 97: 85",[39m
[31m+   "rating 87 at 31, top 97: 86",[39m
[31m+   "rating 88 at 31, top 97: 87",[39m
[31m+   "rating 89 at 31, top 97: 88",[39m
[31m+   "rating 90 at 31, top 97: 89",[39m
[31m+   "rating 91 at 31, top 97: 90",[39m
[31m+   "rating 92 at 31, top 97: 91",[39m
[31m+   "rating 93 at 31, top 97: 92",[39m
[31m+   "rating 94 at 31, top 97: 93",[39m
[31m+   "rating 95 at 31, top 97: 94",[39m
[31m+   "rating 96 at 31, top 97: 95",[39m
[31m+   "rating 97 at 31, top 97: 97",[39m
[31m+   "rating 50 at 32, top 97: 49",[39m
[31m+   "rating 51 at 32, top 97: 50",[39m
[31m+   "rating 52 at 32, top 97: 51",[39m
[31m+   "rating 53 at 32, top 97: 52",[39m
[31m+   "rating 54 at 32, top 97: 53",[39m
[31m+   "rating 55 at 32, top 97: 54",[39m
[31m+   "rating 56 at 32, top 97: 55",[39m
[31m+   "rating 57 at 32, top 97: 56",[39m
[31m+   "rating 58 at 32, top 97: 57",[39m
[31m+   "rating 59 at 32, top 97: 58",[39m
[31m+   "rating 60 at 32, top 97: 59",[39m
[31m+   "rating 61 at 32, top 97: 60",[39m
[31m+   "rating 62 at 32, top 97: 61",[39m
[31m+   "rating 63 at 32, top 97: 62",[39m
[31m+   "rating 64 at 32, top 97: 63",[39m
[31m+   "rating 65 at 32, top 97: 64",[39m
[31m+   "rating 66 at 32, top 97: 65",[39m
[31m+   "rating 67 at 32, top 97: 66",[39m
[31m+   "rating 68 at 32, top 97: 67",[39m
[31m+   "rating 69 at 32, top 97: 68",[39m
[31m+   "rating 70 at 32, top 97: 69",[39m
[31m+   "rating 71 at 32, top 97: 70",[39m
[31m+   "rating 72 at 32, top 97: 71",[39m
[31m+   "rating 73 at 32, top 97: 72",[39m
[31m+   "rating 74 at 32, top 97: 73",[39m
[31m+   "rating 75 at 32, top 97: 74",[39m
[31m+   "rating 76 at 32, top 97: 75",[39m
[31m+   "rating 77 at 32, top 97: 76",[39m
[31m+   "rating 78 at 32, top 97: 77",[39m
[31m+   "rating 79 at 32, top 97: 78",[39m
[31m+   "rating 80 at 32, top 97: 79",[39m
[31m+   "rating 81 at 32, top 97: 80",[39m
[31m+   "rating 82 at 32, top 97: 81",[39m
[31m+   "rating 83 at 32, top 97: 82",[39m
[31m+   "rating 84 at 32, top 97: 83",[39m
[31m+   "rating 85 at 32, top 97: 84",[39m
[31m+   "rating 86 at 32, top 97: 85",[39m
[31m+   "rating 87 at 32, top 97: 86",[39m
[31m+   "rating 88 at 32, top 97: 87",[39m
[31m+   "rating 89 at 32, top 97: 88",[39m
[31m+   "rating 90 at 32, top 97: 89",[39m
[31m+   "rating 91 at 32, top 97: 90",[39m
[31m+   "rating 92 at 32, top 97: 91",[39m
[31m+   "rating 93 at 32, top 97: 92",[39m
[31m+   "rating 94 at 32, top 97: 93",[39m
[31m+   "rating 95 at 32, top 97: 94",[39m
[31m+   "rating 96 at 32, top 97: 95",[39m
[31m+   "rating 97 at 32, top 97: 97",[39m
[31m+   "rating 51 at 33, top 97: 49",[39m
[31m+   "rating 52 at 33, top 97: 50",[39m
[31m+   "rating 53 at 33, top 97: 51",[39m
[31m+   "rating 54 at 33, top 97: 52",[39m
[31m+   "rating 55 at 33, top 97: 53",[39m
[31m+   "rating 56 at 33, top 97: 54",[39m
[31m+   "rating 57 at 33, top 97: 55",[39m
[31m+   "rating 58 at 33, top 97: 56",[39m
[31m+   "rating 59 at 33, top 97: 57",[39m
[31m+   "rating 60 at 33, top 97: 58",[39m
[31m+   "rating 61 at 33, top 97: 59",[39m
[31m+   "rating 62 at 33, top 97: 60",[39m
[31m+   "rating 63 at 33, top 97: 61",[39m
[31m+   "rating 64 at 33, top 97: 62",[39m
[31m+   "rating 65 at 33, top 97: 63",[39m
[31m+   "rating 66 at 33, top 97: 64",[39m
[31m+   "rating 67 at 33, top 97: 65",[39m
[31m+   "rating 68 at 33, top 97: 66",[39m
[31m+   "rating 69 at 33, top 97: 67",[39m
[31m+   "rating 70 at 33, top 97: 68",[39m
[31m+   "rating 71 at 33, top 97: 69",[39m
[31m+   "rating 72 at 33, top 97: 70",[39m
[31m+   "rating 73 at 33, top 97: 71",[39m
[31m+   "rating 74 at 33, top 97: 72",[39m
[31m+   "rating 75 at 33, top 97: 73",[39m
[31m+   "rating 76 at 33, top 97: 74",[39m
[31m+   "rating 77 at 33, top 97: 75",[39m
[31m+   "rating 78 at 33, top 97: 76",[39m
[31m+   "rating 79 at 33, top 97: 77",[39m
[31m+   "rating 80 at 33, top 97: 78",[39m
[31m+   "rating 81 at 33, top 97: 79",[39m
[31m+   "rating 82 at 33, top 97: 80",[39m
[31m+   "rating 83 at 33, top 97: 81",[39m
[31m+   "rating 84 at 33, top 97: 82",[39m
[31m+   "rating 85 at 33, top 97: 83",[39m
[31m+   "rating 86 at 33, top 97: 84",[39m
[31m+   "rating 87 at 33, top 97: 85",[39m
[31m+   "rating 88 at 33, top 97: 86",[39m
[31m+   "rating 89 at 33, top 97: 87",[39m
[31m+   "rating 90 at 33, top 97: 88",[39m
[31m+   "rating 91 at 33, top 97: 89",[39m
[31m+   "rating 92 at 33, top 97: 90",[39m
[31m+   "rating 93 at 33, top 97: 91",[39m
[31m+   "rating 94 at 33, top 97: 92",[39m
[31m+   "rating 95 at 33, top 97: 93",[39m
[31m+   "rating 96 at 33, top 97: 94",[39m
[31m+   "rating 97 at 33, top 97: 97",[39m
[31m+   "rating 52 at 34, top 97: 49",[39m
[31m+   "rating 53 at 34, top 97: 50",[39m
[31m+   "rating 54 at 34, top 97: 51",[39m
[31m+   "rating 55 at 34, top 97: 52",[39m
[31m+   "rating 56 at 34, top 97: 53",[39m
[31m+   "rating 57 at 34, top 97: 54",[39m
[31m+   "rating 58 at 34, top 97: 55",[39m
[31m+   "rating 59 at 34, top 97: 56",[39m
[31m+   "rating 60 at 34, top 97: 57",[39m
[31m+   "rating 61 at 34, top 97: 58",[39m
[31m+   "rating 62 at 34, top 97: 59",[39m
[31m+   "rating 63 at 34, top 97: 60",[39m
[31m+   "rating 64 at 34, top 97: 61",[39m
[31m+   "rating 65 at 34, top 97: 62",[39m
[31m+   "rating 66 at 34, top 97: 63",[39m
[31m+   "rating 67 at 34, top 97: 64",[39m
[31m+   "rating 68 at 34, top 97: 65",[39m
[31m+   "rating 69 at 34, top 97: 66",[39m
[31m+   "rating 70 at 34, top 97: 67",[39m
[31m+   "rating 71 at 34, top 97: 68",[39m
[31m+   "rating 72 at 34, top 97: 69",[39m
[31m+   "rating 73 at 34, top 97: 70",[39m
[31m+   "rating 74 at 34, top 97: 71",[39m
[31m+   "rating 75 at 34, top 97: 72",[39m
[31m+   "rating 76 at 34, top 97: 73",[39m
[31m+   "rating 77 at 34, top 97: 74",[39m
[31m+   "rating 78 at 34, top 97: 75",[39m
[31m+   "rating 79 at 34, top 97: 76",[39m
[31m+   "rating 80 at 34, top 97: 77",[39m
[31m+   "rating 81 at 34, top 97: 78",[39m
[31m+   "rating 82 at 34, top 97: 79",[39m
[31m+   "rating 83 at 34, top 97: 80",[39m
[31m+   "rating 84 at 34, top 97: 81",[39m
[31m+   "rating 85 at 34, top 97: 82",[39m
[31m+   "rating 86 at 34, top 97: 83",[39m
[31m+   "rating 87 at 34, top 97: 84",[39m
[31m+   "rating 88 at 34, top 97: 85",[39m
[31m+   "rating 89 at 34, top 97: 86",[39m
[31m+   "rating 90 at 34, top 97: 87",[39m
[31m+   "rating 91 at 34, top 97: 88",[39m
[31m+   "rating 92 at 34, top 97: 89",[39m
[31m+   "rating 93 at 34, top 97: 90",[39m
[31m+   "rating 94 at 34, top 97: 91",[39m
[31m+   "rating 95 at 34, top 97: 92",[39m
[31m+   "rating 96 at 34, top 97: 93",[39m
[31m+   "rating 97 at 34, top 97: 97",[39m
[31m+   "rating 53 at 35, top 97: 49",[39m
[31m+   "rating 54 at 35, top 97: 50",[39m
[31m+   "rating 55 at 35, top 97: 51",[39m
[31m+   "rating 56 at 35, top 97: 52",[39m
[31m+   "rating 57 at 35, top 97: 53",[39m
[31m+   "rating 58 at 35, top 97: 54",[39m
[31m+   "rating 59 at 35, top 97: 55",[39m
[31m+   "rating 60 at 35, top 97: 56",[39m
[31m+   "rating 61 at 35, top 97: 57",[39m
[31m+   "rating 62 at 35, top 97: 58",[39m
[31m+   "rating 63 at 35, top 97: 59",[39m
[31m+   "rating 64 at 35, top 97: 60",[39m
[31m+   "rating 65 at 35, top 97: 61",[39m
[31m+   "rating 66 at 35, top 97: 62",[39m
[31m+   "rating 67 at 35, top 97: 63",[39m
[31m+   "rating 68 at 35, top 97: 64",[39m
[31m+   "rating 69 at 35, top 97: 65",[39m
[31m+   "rating 70 at 35, top 97: 66",[39m
[31m+   "rating 71 at 35, top 97: 67",[39m
[31m+   "rating 72 at 35, top 97: 68",[39m
[31m+   "rating 73 at 35, top 97: 69",[39m
[31m+   "rating 74 at 35, top 97: 70",[39m
[31m+   "rating 75 at 35, top 97: 71",[39m
[31m+   "rating 76 at 35, top 97: 72",[39m
[31m+   "rating 77 at 35, top 97: 73",[39m
[31m+   "rating 78 at 35, top 97: 74",[39m
[31m+   "rating 79 at 35, top 97: 75",[39m
[31m+   "rating 80 at 35, top 97: 76",[39m
[31m+   "rating 81 at 35, top 97: 77",[39m
[31m+   "rating 82 at 35, top 97: 78",[39m
[31m+   "rating 83 at 35, top 97: 79",[39m
[31m+   "rating 84 at 35, top 97: 80",[39m
[31m+   "rating 85 at 35, top 97: 81",[39m
[31m+   "rating 86 at 35, top 97: 82",[39m
[31m+   "rating 87 at 35, top 97: 83",[39m
[31m+   "rating 88 at 35, top 97: 84",[39m
[31m+   "rating 89 at 35, top 97: 85",[39m
[31m+   "rating 90 at 35, top 97: 86",[39m
[31m+   "rating 91 at 35, top 97: 87",[39m
[31m+   "rating 92 at 35, top 97: 88",[39m
[31m+   "rating 93 at 35, top 97: 89",[39m
[31m+   "rating 94 at 35, top 97: 90",[39m
[31m+   "rating 95 at 35, top 97: 91",[39m
[31m+   "rating 96 at 35, top 97: 92",[39m
[31m+   "rating 97 at 35, top 97: 97",[39m
[31m+   "rating 54 at 36, top 97: 49",[39m
[31m+   "rating 55 at 36, top 97: 50",[39m
[31m+   "rating 56 at 36, top 97: 51",[39m
[31m+   "rating 57 at 36, top 97: 52",[39m
[31m+   "rating 58 at 36, top 97: 53",[39m
[31m+   "rating 59 at 36, top 97: 54",[39m
[31m+   "rating 60 at 36, top 97: 55",[39m
[31m+   "rating 61 at 36, top 97: 56",[39m
[31m+   "rating 62 at 36, top 97: 57",[39m
[31m+   "rating 63 at 36, top 97: 58",[39m
[31m+   "rating 64 at 36, top 97: 59",[39m
[31m+   "rating 65 at 36, top 97: 60",[39m
[31m+   "rating 66 at 36, top 97: 61",[39m
[31m+   "rating 67 at 36, top 97: 62",[39m
[31m+   "rating 68 at 36, top 97: 63",[39m
[31m+   "rating 69 at 36, top 97: 64",[39m
[31m+   "rating 70 at 36, top 97: 65",[39m
[31m+   "rating 71 at 36, top 97: 66",[39m
[31m+   "rating 72 at 36, top 97: 67",[39m
[31m+   "rating 73 at 36, top 97: 68",[39m
[31m+   "rating 74 at 36, top 97: 69",[39m
[31m+   "rating 75 at 36, top 97: 70",[39m
[31m+   "rating 76 at 36, top 97: 71",[39m
[31m+   "rating 77 at 36, top 97: 72",[39m
[31m+   "rating 78 at 36, top 97: 73",[39m
[31m+   "rating 79 at 36, top 97: 74",[39m
[31m+   "rating 80 at 36, top 97: 75",[39m
[31m+   "rating 81 at 36, top 97: 76",[39m
[31m+   "rating 82 at 36, top 97: 77",[39m
[31m+   "rating 83 at 36, top 97: 78",[39m
[31m+   "rating 84 at 36, top 97: 79",[39m
[31m+   "rating 85 at 36, top 97: 80",[39m
[31m+   "rating 86 at 36, top 97: 81",[39m
[31m+   "rating 87 at 36, top 97: 82",[39m
[31m+   "rating 88 at 36, top 97: 83",[39m
[31m+   "rating 89 at 36, top 97: 84",[39m
[31m+   "rating 90 at 36, top 97: 85",[39m
[31m+   "rating 91 at 36, top 97: 86",[39m
[31m+   "rating 92 at 36, top 97: 87",[39m
[31m+   "rating 93 at 36, top 97: 88",[39m
[31m+   "rating 94 at 36, top 97: 89",[39m
[31m+   "rating 95 at 36, top 97: 90",[39m
[31m+   "rating 96 at 36, top 97: 91",[39m
[31m+   "rating 97 at 36, top 97: 97",[39m
[31m+   "rating 55 at 37, top 97: 49",[39m
[31m+   "rating 56 at 37, top 97: 50",[39m
[31m+   "rating 57 at 37, top 97: 51",[39m
[31m+   "rating 58 at 37, top 97: 52",[39m
[31m+   "rating 59 at 37, top 97: 53",[39m
[31m+   "rating 60 at 37, top 97: 54",[39m
[31m+   "rating 61 at 37, top 97: 55",[39m
[31m+   "rating 62 at 37, top 97: 56",[39m
[31m+   "rating 63 at 37, top 97: 57",[39m
[31m+   "rating 64 at 37, top 97: 58",[39m
[31m+   "rating 65 at 37, top 97: 59",[39m
[31m+   "rating 66 at 37, top 97: 60",[39m
[31m+   "rating 67 at 37, top 97: 61",[39m
[31m+   "rating 68 at 37, top 97: 62",[39m
[31m+   "rating 69 at 37, top 97: 63",[39m
[31m+   "rating 70 at 37, top 97: 64",[39m
[31m+   "rating 71 at 37, top 97: 65",[39m
[31m+   "rating 72 at 37, top 97: 66",[39m
[31m+   "rating 73 at 37, top 97: 67",[39m
[31m+   "rating 74 at 37, top 97: 68",[39m
[31m+   "rating 75 at 37, top 97: 69",[39m
[31m+   "rating 76 at 37, top 97: 70",[39m
[31m+   "rating 77 at 37, top 97: 71",[39m
[31m+   "rating 78 at 37, top 97: 72",[39m
[31m+   "rating 79 at 37, top 97: 73",[39m
[31m+   "rating 80 at 37, top 97: 74",[39m
[31m+   "rating 81 at 37, top 97: 75",[39m
[31m+   "rating 82 at 37, top 97: 76",[39m
[31m+   "rating 83 at 37, top 97: 77",[39m
[31m+   "rating 84 at 37, top 97: 78",[39m
[31m+   "rating 85 at 37, top 97: 79",[39m
[31m+   "rating 86 at 37, top 97: 80",[39m
[31m+   "rating 87 at 37, top 97: 81",[39m
[31m+   "rating 88 at 37, top 97: 82",[39m
[31m+   "rating 89 at 37, top 97: 83",[39m
[31m+   "rating 90 at 37, top 97: 84",[39m
[31m+   "rating 91 at 37, top 97: 85",[39m
[31m+   "rating 92 at 37, top 97: 86",[39m
[31m+   "rating 93 at 37, top 97: 87",[39m
[31m+   "rating 94 at 37, top 97: 88",[39m
[31m+   "rating 95 at 37, top 97: 89",[39m
[31m+   "rating 96 at 37, top 97: 90",[39m
[31m+   "rating 97 at 37, top 97: 97",[39m
[31m+   "rating 56 at 38, top 97: 49",[39m
[31m+   "rating 57 at 38, top 97: 50",[39m
[31m+   "rating 58 at 38, top 97: 51",[39m
[31m+   "rating 59 at 38, top 97: 52",[39m
[31m+   "rating 60 at 38, top 97: 53",[39m
[31m+   "rating 61 at 38, top 97: 54",[39m
[31m+   "rating 62 at 38, top 97: 55",[39m
[31m+   "rating 63 at 38, top 97: 56",[39m
[31m+   "rating 64 at 38, top 97: 57",[39m
[31m+   "rating 65 at 38, top 97: 58",[39m
[31m+   "rating 66 at 38, top 97: 59",[39m
[31m+   "rating 67 at 38, top 97: 60",[39m
[31m+   "rating 68 at 38, top 97: 61",[39m
[31m+   "rating 69 at 38, top 97: 62",[39m
[31m+   "rating 70 at 38, top 97: 63",[39m
[31m+   "rating 71 at 38, top 97: 64",[39m
[31m+   "rating 72 at 38, top 97: 65",[39m
[31m+   "rating 73 at 38, top 97: 66",[39m
[31m+   "rating 74 at 38, top 97: 67",[39m
[31m+   "rating 75 at 38, top 97: 68",[39m
[31m+   "rating 76 at 38, top 97: 69",[39m
[31m+   "rating 77 at 38, top 97: 70",[39m
[31m+   "rating 78 at 38, top 97: 71",[39m
[31m+   "rating 79 at 38, top 97: 72",[39m
[31m+   "rating 80 at 38, top 97: 73",[39m
[31m+   "rating 81 at 38, top 97: 74",[39m
[31m+   "rating 82 at 38, top 97: 75",[39m
[31m+   "rating 83 at 38, top 97: 76",[39m
[31m+   "rating 84 at 38, top 97: 77",[39m
[31m+   "rating 85 at 38, top 97: 78",[39m
[31m+   "rating 86 at 38, top 97: 79",[39m
[31m+   "rating 87 at 38, top 97: 80",[39m
[31m+   "rating 88 at 38, top 97: 81",[39m
[31m+   "rating 89 at 38, top 97: 82",[39m
[31m+   "rating 90 at 38, top 97: 83",[39m
[31m+   "rating 91 at 38, top 97: 84",[39m
[31m+   "rating 92 at 38, top 97: 85",[39m
[31m+   "rating 93 at 38, top 97: 86",[39m
[31m+   "rating 94 at 38, top 97: 87",[39m
[31m+   "rating 95 at 38, top 97: 88",[39m
[31m+   "rating 96 at 38, top 97: 89",[39m
[31m+   "rating 97 at 38, top 97: 97",[39m
[31m+   "rating 56 at 39, top 97: 49",[39m
[31m+   "rating 57 at 39, top 97: 50",[39m
[31m+   "rating 58 at 39, top 97: 51",[39m
[31m+   "rating 59 at 39, top 97: 52",[39m
[31m+   "rating 60 at 39, top 97: 53",[39m
[31m+   "rating 61 at 39, top 97: 54",[39m
[31m+   "rating 62 at 39, top 97: 55",[39m
[31m+   "rating 63 at 39, top 97: 56",[39m
[31m+   "rating 64 at 39, top 97: 57",[39m
[31m+   "rating 65 at 39, top 97: 58",[39m
[31m+   "rating 66 at 39, top 97: 59",[39m
[31m+   "rating 67 at 39, top 97: 60",[39m
[31m+   "rating 68 at 39, top 97: 61",[39m
[31m+   "rating 69 at 39, top 97: 62",[39m
[31m+   "rating 70 at 39, top 97: 63",[39m
[31m+   "rating 71 at 39, top 97: 64",[39m
[31m+   "rating 72 at 39, top 97: 65",[39m
[31m+   "rating 73 at 39, top 97: 66",[39m
[31m+   "rating 74 at 39, top 97: 67",[39m
[31m+   "rating 75 at 39, top 97: 68",[39m
[31m+   "rating 76 at 39, top 97: 69",[39m
[31m+   "rating 77 at 39, top 97: 70",[39m
[31m+   "rating 78 at 39, top 97: 71",[39m
[31m+   "rating 79 at 39, top 97: 72",[39m
[31m+   "rating 80 at 39, top 97: 73",[39m
[31m+   "rating 81 at 39, top 97: 74",[39m
[31m+   "rating 82 at 39, top 97: 75",[39m
[31m+   "rating 83 at 39, top 97: 76",[39m
[31m+   "rating 84 at 39, top 97: 77",[39m
[31m+   "rating 85 at 39, top 97: 78",[39m
[31m+   "rating 86 at 39, top 97: 79",[39m
[31m+   "rating 87 at 39, top 97: 80",[39m
[31m+   "rating 88 at 39, top 97: 81",[39m
[31m+   "rating 89 at 39, top 97: 82",[39m
[31m+   "rating 90 at 39, top 97: 83",[39m
[31m+   "rating 91 at 39, top 97: 84",[39m
[31m+   "rating 92 at 39, top 97: 85",[39m
[31m+   "rating 93 at 39, top 97: 86",[39m
[31m+   "rating 94 at 39, top 97: 87",[39m
[31m+   "rating 95 at 39, top 97: 88",[39m
[31m+   "rating 96 at 39, top 97: 89",[39m
[31m+   "rating 97 at 39, top 97: 97",[39m
[31m+   "rating 56 at 40, top 97: 49",[39m
[31m+   "rating 57 at 40, top 97: 50",[39m
[31m+   "rating 58 at 40, top 97: 51",[39m
[31m+   "rating 59 at 40, top 97: 52",[39m
[31m+   "rating 60 at 40, top 97: 53",[39m
[31m+   "rating 61 at 40, top 97: 54",[39m
[31m+   "rating 62 at 40, top 97: 55",[39m
[31m+   "rating 63 at 40, top 97: 56",[39m
[31m+   "rating 64 at 40, top 97: 57",[39m
[31m+   "rating 65 at 40, top 97: 58",[39m
[31m+   "rating 66 at 40, top 97: 59",[39m
[31m+   "rating 67 at 40, top 97: 60",[39m
[31m+   "rating 68 at 40, top 97: 61",[39m
[31m+   "rating 69 at 40, top 97: 62",[39m
[31m+   "rating 70 at 40, top 97: 63",[39m
[31m+   "rating 71 at 40, top 97: 64",[39m
[31m+   "rating 72 at 40, top 97: 65",[39m
[31m+   "rating 73 at 40, top 97: 66",[39m
[31m+   "rating 74 at 40, top 97: 67",[39m
[31m+   "rating 75 at 40, top 97: 68",[39m
[31m+   "rating 76 at 40, top 97: 69",[39m
[31m+   "rating 77 at 40, top 97: 70",[39m
[31m+   "rating 78 at 40, top 97: 71",[39m
[31m+   "rating 79 at 40, top 97: 72",[39m
[31m+   "rating 80 at 40, top 97: 73",[39m
[31m+   "rating 81 at 40, top 97: 74",[39m
[31m+   "rating 82 at 40, top 97: 75",[39m
[31m+   "rating 83 at 40, top 97: 76",[39m
[31m+   "rating 84 at 40, top 97: 77",[39m
[31m+   "rating 85 at 40, top 97: 78",[39m
[31m+   "rating 86 at 40, top 97: 79",[39m
[31m+   "rating 87 at 40, top 97: 80",[39m
[31m+   "rating 88 at 40, top 97: 81",[39m
[31m+   "rating 89 at 40, top 97: 82",[39m
[31m+   "rating 90 at 40, top 97: 83",[39m
[31m+   "rating 91 at 40, top 97: 84",[39m
[31m+   "rating 92 at 40, top 97: 85",[39m
[31m+   "rating 93 at 40, top 97: 86",[39m
[31m+   "rating 94 at 40, top 97: 87",[39m
[31m+   "rating 95 at 40, top 97: 88",[39m
[31m+   "rating 96 at 40, top 97: 89",[39m
[31m+   "rating 97 at 40, top 97: 97",[39m
[31m+   "rating 56 at 41, top 97: 49",[39m
[31m+   "rating 57 at 41, top 97: 50",[39m
[31m+   "rating 58 at 41, top 97: 51",[39m
[31m+   "rating 59 at 41, top 97: 52",[39m
[31m+   "rating 60 at 41, top 97: 53",[39m
[31m+   "rating 61 at 41, top 97: 54",[39m
[31m+   "rating 62 at 41, top 97: 55",[39m
[31m+   "rating 63 at 41, top 97: 56",[39m
[31m+   "rating 64 at 41, top 97: 57",[39m
[31m+   "rating 65 at 41, top 97: 58",[39m
[31m+   "rating 66 at 41, top 97: 59",[39m
[31m+   "rating 67 at 41, top 97: 60",[39m
[31m+   "rating 68 at 41, top 97: 61",[39m
[31m+   "rating 69 at 41, top 97: 62",[39m
[31m+   "rating 70 at 41, top 97: 63",[39m
[31m+   "rating 71 at 41, top 97: 64",[39m
[31m+   "rating 72 at 41, top 97: 65",[39m
[31m+   "rating 73 at 41, top 97: 66",[39m
[31m+   "rating 74 at 41, top 97: 67",[39m
[31m+   "rating 75 at 41, top 97: 68",[39m
[31m+   "rating 76 at 41, top 97: 69",[39m
[31m+   "rating 77 at 41, top 97: 70",[39m
[31m+   "rating 78 at 41, top 97: 71",[39m
[31m+   "rating 79 at 41, top 97: 72",[39m
[31m+   "rating 80 at 41, top 97: 73",[39m
[31m+   "rating 81 at 41, top 97: 74",[39m
[31m+   "rating 82 at 41, top 97: 75",[39m
[31m+   "rating 83 at 41, top 97: 76",[39m
[31m+   "rating 84 at 41, top 97: 77",[39m
[31m+   "rating 85 at 41, top 97: 78",[39m
[31m+   "rating 86 at 41, top 97: 79",[39m
[31m+   "rating 87 at 41, top 97: 80",[39m
[31m+   "rating 88 at 41, top 97: 81",[39m
[31m+   "rating 89 at 41, top 97: 82",[39m
[31m+   "rating 90 at 41, top 97: 83",[39m
[31m+   "rating 91 at 41, top 97: 84",[39m
[31m+   "rating 92 at 41, top 97: 85",[39m
[31m+   "rating 93 at 41, top 97: 86",[39m
[31m+   "rating 94 at 41, top 97: 87",[39m
[31m+   "rating 95 at 41, top 97: 88",[39m
[31m+   "rating 96 at 41, top 97: 89",[39m
[31m+   "rating 97 at 41, top 97: 97",[39m
[31m+   "rating 56 at 42, top 97: 49",[39m
[31m+   "rating 57 at 42, top 97: 50",[39m
[31m+   "rating 58 at 42, top 97: 51",[39m
[31m+   "rating 59 at 42, top 97: 52",[39m
[31m+   "rating 60 at 42, top 97: 53",[39m
[31m+   "rating 61 at 42, top 97: 54",[39m
[31m+   "rating 62 at 42, top 97: 55",[39m
[31m+   "rating 63 at 42, top 97: 56",[39m
[31m+   "rating 64 at 42, top 97: 57",[39m
[31m+   "rating 65 at 42, top 97: 58",[39m
[31m+   "rating 66 at 42, top 97: 59",[39m
[31m+   "rating 67 at 42, top 97: 60",[39m
[31m+   "rating 68 at 42, top 97: 61",[39m
[31m+   "rating 69 at 42, top 97: 62",[39m
[31m+   "rating 70 at 42, top 97: 63",[39m
[31m+   "rating 71 at 42, top 97: 64",[39m
[31m+   "rating 72 at 42, top 97: 65",[39m
[31m+   "rating 73 at 42, top 97: 66",[39m
[31m+   "rating 74 at 42, top 97: 67",[39m
[31m+   "rating 75 at 42, top 97: 68",[39m
[31m+   "rating 76 at 42, top 97: 69",[39m
[31m+   "rating 77 at 42, top 97: 70",[39m
[31m+   "rating 78 at 42, top 97: 71",[39m
[31m+   "rating 79 at 42, top 97: 72",[39m
[31m+   "rating 80 at 42, top 97: 73",[39m
[31m+   "rating 81 at 42, top 97: 74",[39m
[31m+   "rating 82 at 42, top 97: 75",[39m
[31m+   "rating 83 at 42, top 97: 76",[39m
[31m+   "rating 84 at 42, top 97: 77",[39m
[31m+   "rating 85 at 42, top 97: 78",[39m
[31m+   "rating 86 at 42, top 97: 79",[39m
[31m+   "rating 87 at 42, top 97: 80",[39m
[31m+   "rating 88 at 42, top 97: 81",[39m
[31m+   "rating 89 at 42, top 97: 82",[39m
[31m+   "rating 90 at 42, top 97: 83",[39m
[31m+   "rating 91 at 42, top 97: 84",[39m
[31m+   "rating 92 at 42, top 97: 85",[39m
[31m+   "rating 93 at 42, top 97: 86",[39m
[31m+   "rating 94 at 42, top 97: 87",[39m
[31m+   "rating 95 at 42, top 97: 88",[39m
[31m+   "rating 96 at 42, top 97: 89",[39m
[31m+   "rating 97 at 42, top 97: 97",[39m
[31m+   "rating 56 at 43, top 97: 49",[39m
[31m+   "rating 57 at 43, top 97: 50",[39m
[31m+   "rating 58 at 43, top 97: 51",[39m
[31m+   "rating 59 at 43, top 97: 52",[39m
[31m+   "rating 60 at 43, top 97: 53",[39m
[31m+   "rating 61 at 43, top 97: 54",[39m
[31m+   "rating 62 at 43, top 97: 55",[39m
[31m+   "rating 63 at 43, top 97: 56",[39m
[31m+   "rating 64 at 43, top 97: 57",[39m
[31m+   "rating 65 at 43, top 97: 58",[39m
[31m+   "rating 66 at 43, top 97: 59",[39m
[31m+   "rating 67 at 43, top 97: 60",[39m
[31m+   "rating 68 at 43, top 97: 61",[39m
[31m+   "rating 69 at 43, top 97: 62",[39m
[31m+   "rating 70 at 43, top 97: 63",[39m
[31m+   "rating 71 at 43, top 97: 64",[39m
[31m+   "rating 72 at 43, top 97: 65",[39m
[31m+   "rating 73 at 43, top 97: 66",[39m
[31m+   "rating 74 at 43, top 97: 67",[39m
[31m+   "rating 75 at 43, top 97: 68",[39m
[31m+   "rating 76 at 43, top 97: 69",[39m
[31m+   "rating 77 at 43, top 97: 70",[39m
[31m+   "rating 78 at 43, top 97: 71",[39m
[31m+   "rating 79 at 43, top 97: 72",[39m
[31m+   "rating 80 at 43, top 97: 73",[39m
[31m+   "rating 81 at 43, top 97: 74",[39m
[31m+   "rating 82 at 43, top 97: 75",[39m
[31m+   "rating 83 at 43, top 97: 76",[39m
[31m+   "rating 84 at 43, top 97: 77",[39m
[31m+   "rating 85 at 43, top 97: 78",[39m
[31m+   "rating 86 at 43, top 97: 79",[39m
[31m+   "rating 87 at 43, top 97: 80",[39m
[31m+   "rating 88 at 43, top 97: 81",[39m
[31m+   "rating 89 at 43, top 97: 82",[39m
[31m+   "rating 90 at 43, top 97: 83",[39m
[31m+   "rating 91 at 43, top 97: 84",[39m
[31m+   "rating 92 at 43, top 97: 85",[39m
[31m+   "rating 93 at 43, top 97: 86",[39m
[31m+   "rating 94 at 43, top 97: 87",[39m
[31m+   "rating 95 at 43, top 97: 88",[39m
[31m+   "rating 96 at 43, top 97: 89",[39m
[31m+   "rating 97 at 43, top 97: 97",[39m
[31m+   "rating 56 at 44, top 97: 49",[39m
[31m+   "rating 57 at 44, top 97: 50",[39m
[31m+   "rating 58 at 44, top 97: 51",[39m
[31m+   "rating 59 at 44, top 97: 52",[39m
[31m+   "rating 60 at 44, top 97: 53",[39m
[31m+   "rating 61 at 44, top 97: 54",[39m
[31m+   "rating 62 at 44, top 97: 55",[39m
[31m+   "rating 63 at 44, top 97: 56",[39m
[31m+   "rating 64 at 44, top 97: 57",[39m
[31m+   "rating 65 at 44, top 97: 58",[39m
[31m+   "rating 66 at 44, top 97: 59",[39m
[31m+   "rating 67 at 44, top 97: 60",[39m
[31m+   "rating 68 at 44, top 97: 61",[39m
[31m+   "rating 69 at 44, top 97: 62",[39m
[31m+   "rating 70 at 44, top 97: 63",[39m
[31m+   "rating 71 at 44, top 97: 64",[39m
[31m+   "rating 72 at 44, top 97: 65",[39m
[31m+   "rating 73 at 44, top 97: 66",[39m
[31m+   "rating 74 at 44, top 97: 67",[39m
[31m+   "rating 75 at 44, top 97: 68",[39m
[31m+   "rating 76 at 44, top 97: 69",[39m
[31m+   "rating 77 at 44, top 97: 70",[39m
[31m+   "rating 78 at 44, top 97: 71",[39m
[31m+   "rating 79 at 44, top 97: 72",[39m
[31m+   "rating 80 at 44, top 97: 73",[39m
[31m+   "rating 81 at 44, top 97: 74",[39m
[31m+   "rating 82 at 44, top 97: 75",[39m
[31m+   "rating 83 at 44, top 97: 76",[39m
[31m+   "rating 84 at 44, top 97: 77",[39m
[31m+   "rating 85 at 44, top 97: 78",[39m
[31m+   "rating 86 at 44, top 97: 79",[39m
[31m+   "rating 87 at 44, top 97: 80",[39m
[31m+   "rating 88 at 44, top 97: 81",[39m
[31m+   "rating 89 at 44, top 97: 82",[39m
[31m+   "rating 90 at 44, top 97: 83",[39m
[31m+   "rating 91 at 44, top 97: 84",[39m
[31m+   "rating 92 at 44, top 97: 85",[39m
[31m+   "rating 93 at 44, top 97: 86",[39m
[31m+   "rating 94 at 44, top 97: 87",[39m
[31m+   "rating 95 at 44, top 97: 88",[39m
[31m+   "rating 96 at 44, top 97: 89",[39m
[31m+   "rating 97 at 44, top 97: 97",[39m
[31m+   "rating 56 at 45, top 97: 49",[39m
[31m+   "rating 57 at 45, top 97: 50",[39m
[31m+   "rating 58 at 45, top 97: 51",[39m
[31m+   "rating 59 at 45, top 97: 52",[39m
[31m+   "rating 60 at 45, top 97: 53",[39m
[31m+   "rating 61 at 45, top 97: 54",[39m
[31m+   "rating 62 at 45, top 97: 55",[39m
[31m+   "rating 63 at 45, top 97: 56",[39m
[31m+   "rating 64 at 45, top 97: 57",[39m
[31m+   "rating 65 at 45, top 97: 58",[39m
[31m+   "rating 66 at 45, top 97: 59",[39m
[31m+   "rating 67 at 45, top 97: 60",[39m
[31m+   "rating 68 at 45, top 97: 61",[39m
[31m+   "rating 69 at 45, top 97: 62",[39m
[31m+   "rating 70 at 45, top 97: 63",[39m
[31m+   "rating 71 at 45, top 97: 64",[39m
[31m+   "rating 72 at 45, top 97: 65",[39m
[31m+   "rating 73 at 45, top 97: 66",[39m
[31m+   "rating 74 at 45, top 97: 67",[39m
[31m+   "rating 75 at 45, top 97: 68",[39m
[31m+   "rating 76 at 45, top 97: 69",[39m
[31m+   "rating 77 at 45, top 97: 70",[39m
[31m+   "rating 78 at 45, top 97: 71",[39m
[31m+   "rating 79 at 45, top 97: 72",[39m
[31m+   "rating 80 at 45, top 97: 73",[39m
[31m+   "rating 81 at 45, top 97: 74",[39m
[31m+   "rating 82 at 45, top 97: 75",[39m
[31m+   "rating 83 at 45, top 97: 76",[39m
[31m+   "rating 84 at 45, top 97: 77",[39m
[31m+   "rating 85 at 45, top 97: 78",[39m
[31m+   "rating 86 at 45, top 97: 79",[39m
[31m+   "rating 87 at 45, top 97: 80",[39m
[31m+   "rating 88 at 45, top 97: 81",[39m
[31m+   "rating 89 at 45, top 97: 82",[39m
[31m+   "rating 90 at 45, top 97: 83",[39m
[31m+   "rating 91 at 45, top 97: 84",[39m
[31m+   "rating 92 at 45, top 97: 85",[39m
[31m+   "rating 93 at 45, top 97: 86",[39m
[31m+   "rating 94 at 45, top 97: 87",[39m
[31m+   "rating 95 at 45, top 97: 88",[39m
[31m+   "rating 96 at 45, top 97: 89",[39m
[31m+   "rating 97 at 45, top 97: 97",[39m
[31m+   "rating 48 at 14, top 98: 55",[39m
[31m+   "rating 49 at 14, top 98: 56",[39m
[31m+   "rating 50 at 14, top 98: 57",[39m
[31m+   "rating 51 at 14, top 98: 58",[39m
[31m+   "rating 52 at 14, top 98: 59",[39m
[31m+   "rating 53 at 14, top 98: 60",[39m
[31m+   "rating 54 at 14, top 98: 61",[39m
[31m+   "rating 55 at 14, top 98: 62",[39m
[31m+   "rating 56 at 14, top 98: 63",[39m
[31m+   "rating 57 at 14, top 98: 64",[39m
[31m+   "rating 58 at 14, top 98: 65",[39m
[31m+   "rating 59 at 14, top 98: 66",[39m
[31m+   "rating 60 at 14, top 98: 67",[39m
[31m+   "rating 61 at 14, top 98: 68",[39m
[31m+   "rating 62 at 14, top 98: 69",[39m
[31m+   "rating 63 at 14, top 98: 70",[39m
[31m+   "rating 64 at 14, top 98: 71",[39m
[31m+   "rating 65 at 14, top 98: 72",[39m
[31m+   "rating 66 at 14, top 98: 73",[39m
[31m+   "rating 67 at 14, top 98: 74",[39m
[31m+   "rating 68 at 14, top 98: 75",[39m
[31m+   "rating 69 at 14, top 98: 76",[39m
[31m+   "rating 70 at 14, top 98: 77",[39m
[31m+   "rating 71 at 14, top 98: 78",[39m
[31m+   "rating 72 at 14, top 98: 79",[39m
[31m+   "rating 73 at 14, top 98: 80",[39m
[31m+   "rating 74 at 14, top 98: 81",[39m
[31m+   "rating 75 at 14, top 98: 82",[39m
[31m+   "rating 76 at 14, top 98: 83",[39m
[31m+   "rating 77 at 14, top 98: 84",[39m
[31m+   "rating 78 at 14, top 98: 85",[39m
[31m+   "rating 79 at 14, top 98: 86",[39m
[31m+   "rating 80 at 14, top 98: 87",[39m
[31m+   "rating 82 at 14, top 98: 88",[39m
[31m+   "rating 83 at 14, top 98: 89",[39m
[31m+   "rating 85 at 14, top 98: 90",[39m
[31m+   "rating 86 at 14, top 98: 91",[39m
[31m+   "rating 88 at 14, top 98: 92",[39m
[31m+   "rating 89 at 14, top 98: 93",[39m
[31m+   "rating 91 at 14, top 98: 94",[39m
[31m+   "rating 92 at 14, top 98: 95",[39m
[31m+   "rating 94 at 14, top 98: 96",[39m
[31m+   "rating 95 at 14, top 98: 97",[39m
[31m+   "rating 97 at 14, top 98: 98",[39m
[31m+   "rating 48 at 15, top 98: 55",[39m
[31m+   "rating 49 at 15, top 98: 56",[39m
[31m+   "rating 50 at 15, top 98: 57",[39m
[31m+   "rating 51 at 15, top 98: 58",[39m
[31m+   "rating 52 at 15, top 98: 59",[39m
[31m+   "rating 53 at 15, top 98: 60",[39m
[31m+   "rating 54 at 15, top 98: 61",[39m
[31m+   "rating 55 at 15, top 98: 62",[39m
[31m+   "rating 56 at 15, top 98: 63",[39m
[31m+   "rating 57 at 15, top 98: 64",[39m
[31m+   "rating 58 at 15, top 98: 65",[39m
[31m+   "rating 59 at 15, top 98: 66",[39m
[31m+   "rating 60 at 15, top 98: 67",[39m
[31m+   "rating 61 at 15, top 98: 68",[39m
[31m+   "rating 62 at 15, top 98: 69",[39m
[31m+   "rating 63 at 15, top 98: 70",[39m
[31m+   "rating 64 at 15, top 98: 71",[39m
[31m+   "rating 65 at 15, top 98: 72",[39m
[31m+   "rating 66 at 15, top 98: 73",[39m
[31m+   "rating 67 at 15, top 98: 74",[39m
[31m+   "rating 68 at 15, top 98: 75",[39m
[31m+   "rating 69 at 15, top 98: 76",[39m
[31m+   "rating 70 at 15, top 98: 77",[39m
[31m+   "rating 71 at 15, top 98: 78",[39m
[31m+   "rating 72 at 15, top 98: 79",[39m
[31m+   "rating 73 at 15, top 98: 80",[39m
[31m+   "rating 74 at 15, top 98: 81",[39m
[31m+   "rating 75 at 15, top 98: 82",[39m
[31m+   "rating 76 at 15, top 98: 83",[39m
[31m+   "rating 77 at 15, top 98: 84",[39m
[31m+   "rating 78 at 15, top 98: 85",[39m
[31m+   "rating 79 at 15, top 98: 86",[39m
[31m+   "rating 80 at 15, top 98: 87",[39m
[31m+   "rating 82 at 15, top 98: 88",[39m
[31m+   "rating 83 at 15, top 98: 89",[39m
[31m+   "rating 85 at 15, top 98: 90",[39m
[31m+   "rating 86 at 15, top 98: 91",[39m
[31m+   "rating 88 at 15, top 98: 92",[39m
[31m+   "rating 89 at 15, top 98: 93",[39m
[31m+   "rating 91 at 15, top 98: 94",[39m
[31m+   "rating 92 at 15, top 98: 95",[39m
[31m+   "rating 94 at 15, top 98: 96",[39m
[31m+   "rating 95 at 15, top 98: 97",[39m
[31m+   "rating 97 at 15, top 98: 98",[39m
[31m+   "rating 48 at 16, top 98: 55",[39m
[31m+   "rating 49 at 16, top 98: 56",[39m
[31m+   "rating 50 at 16, top 98: 57",[39m
[31m+   "rating 51 at 16, top 98: 58",[39m
[31m+   "rating 52 at 16, top 98: 59",[39m
[31m+   "rating 53 at 16, top 98: 60",[39m
[31m+   "rating 54 at 16, top 98: 61",[39m
[31m+   "rating 55 at 16, top 98: 62",[39m
[31m+   "rating 56 at 16, top 98: 63",[39m
[31m+   "rating 57 at 16, top 98: 64",[39m
[31m+   "rating 58 at 16, top 98: 65",[39m
[31m+   "rating 59 at 16, top 98: 66",[39m
[31m+   "rating 60 at 16, top 98: 67",[39m
[31m+   "rating 61 at 16, top 98: 68",[39m
[31m+   "rating 62 at 16, top 98: 69",[39m
[31m+   "rating 63 at 16, top 98: 70",[39m
[31m+   "rating 64 at 16, top 98: 71",[39m
[31m+   "rating 65 at 16, top 98: 72",[39m
[31m+   "rating 66 at 16, top 98: 73",[39m
[31m+   "rating 67 at 16, top 98: 74",[39m
[31m+   "rating 68 at 16, top 98: 75",[39m
[31m+   "rating 69 at 16, top 98: 76",[39m
[31m+   "rating 70 at 16, top 98: 77",[39m
[31m+   "rating 71 at 16, top 98: 78",[39m
[31m+   "rating 72 at 16, top 98: 79",[39m
[31m+   "rating 73 at 16, top 98: 80",[39m
[31m+   "rating 74 at 16, top 98: 81",[39m
[31m+   "rating 75 at 16, top 98: 82",[39m
[31m+   "rating 76 at 16, top 98: 83",[39m
[31m+   "rating 77 at 16, top 98: 84",[39m
[31m+   "rating 78 at 16, top 98: 85",[39m
[31m+   "rating 79 at 16, top 98: 86",[39m
[31m+   "rating 80 at 16, top 98: 87",[39m
[31m+   "rating 82 at 16, top 98: 88",[39m
[31m+   "rating 83 at 16, top 98: 89",[39m
[31m+   "rating 85 at 16, top 98: 90",[39m
[31m+   "rating 86 at 16, top 98: 91",[39m
[31m+   "rating 88 at 16, top 98: 92",[39m
[31m+   "rating 89 at 16, top 98: 93",[39m
[31m+   "rating 91 at 16, top 98: 94",[39m
[31m+   "rating 92 at 16, top 98: 95",[39m
[31m+   "rating 94 at 16, top 98: 96",[39m
[31m+   "rating 95 at 16, top 98: 97",[39m
[31m+   "rating 97 at 16, top 98: 98",[39m
[31m+   "rating 48 at 17, top 98: 55",[39m
[31m+   "rating 49 at 17, top 98: 56",[39m
[31m+   "rating 50 at 17, top 98: 57",[39m
[31m+   "rating 51 at 17, top 98: 58",[39m
[31m+   "rating 52 at 17, top 98: 59",[39m
[31m+   "rating 53 at 17, top 98: 60",[39m
[31m+   "rating 54 at 17, top 98: 61",[39m
[31m+   "rating 55 at 17, top 98: 62",[39m
[31m+   "rating 56 at 17, top 98: 63",[39m
[31m+   "rating 57 at 17, top 98: 64",[39m
[31m+   "rating 58 at 17, top 98: 65",[39m
[31m+   "rating 59 at 17, top 98: 66",[39m
[31m+   "rating 60 at 17, top 98: 67",[39m
[31m+   "rating 61 at 17, top 98: 68",[39m
[31m+   "rating 62 at 17, top 98: 69",[39m
[31m+   "rating 63 at 17, top 98: 70",[39m
[31m+   "rating 64 at 17, top 98: 71",[39m
[31m+   "rating 65 at 17, top 98: 72",[39m
[31m+   "rating 66 at 17, top 98: 73",[39m
[31m+   "rating 67 at 17, top 98: 74",[39m
[31m+   "rating 68 at 17, top 98: 75",[39m
[31m+   "rating 69 at 17, top 98: 76",[39m
[31m+   "rating 70 at 17, top 98: 77",[39m
[31m+   "rating 71 at 17, top 98: 78",[39m
[31m+   "rating 72 at 17, top 98: 79",[39m
[31m+   "rating 73 at 17, top 98: 80",[39m
[31m+   "rating 74 at 17, top 98: 81",[39m
[31m+   "rating 75 at 17, top 98: 82",[39m
[31m+   "rating 76 at 17, top 98: 83",[39m
[31m+   "rating 77 at 17, top 98: 84",[39m
[31m+   "rating 78 at 17, top 98: 85",[39m
[31m+   "rating 79 at 17, top 98: 86",[39m
[31m+   "rating 80 at 17, top 98: 87",[39m
[31m+   "rating 82 at 17, top 98: 88",[39m
[31m+   "rating 83 at 17, top 98: 89",[39m
[31m+   "rating 85 at 17, top 98: 90",[39m
[31m+   "rating 86 at 17, top 98: 91",[39m
[31m+   "rating 88 at 17, top 98: 92",[39m
[31m+   "rating 89 at 17, top 98: 93",[39m
[31m+   "rating 91 at 17, top 98: 94",[39m
[31m+   "rating 92 at 17, top 98: 95",[39m
[31m+   "rating 94 at 17, top 98: 96",[39m
[31m+   "rating 95 at 17, top 98: 97",[39m
[31m+   "rating 97 at 17, top 98: 98",[39m
[31m+   "rating 48 at 18, top 98: 55",[39m
[31m+   "rating 49 at 18, top 98: 56",[39m
[31m+   "rating 50 at 18, top 98: 57",[39m
[31m+   "rating 51 at 18, top 98: 58",[39m
[31m+   "rating 52 at 18, top 98: 59",[39m
[31m+   "rating 53 at 18, top 98: 60",[39m
[31m+   "rating 54 at 18, top 98: 61",[39m
[31m+   "rating 55 at 18, top 98: 62",[39m
[31m+   "rating 56 at 18, top 98: 63",[39m
[31m+   "rating 57 at 18, top 98: 64",[39m
[31m+   "rating 58 at 18, top 98: 65",[39m
[31m+   "rating 59 at 18, top 98: 66",[39m
[31m+   "rating 60 at 18, top 98: 67",[39m
[31m+   "rating 61 at 18, top 98: 68",[39m
[31m+   "rating 62 at 18, top 98: 69",[39m
[31m+   "rating 63 at 18, top 98: 70",[39m
[31m+   "rating 64 at 18, top 98: 71",[39m
[31m+   "rating 65 at 18, top 98: 72",[39m
[31m+   "rating 66 at 18, top 98: 73",[39m
[31m+   "rating 67 at 18, top 98: 74",[39m
[31m+   "rating 68 at 18, top 98: 75",[39m
[31m+   "rating 69 at 18, top 98: 76",[39m
[31m+   "rating 70 at 18, top 98: 77",[39m
[31m+   "rating 71 at 18, top 98: 78",[39m
[31m+   "rating 72 at 18, top 98: 79",[39m
[31m+   "rating 73 at 18, top 98: 80",[39m
[31m+   "rating 74 at 18, top 98: 81",[39m
[31m+   "rating 75 at 18, top 98: 82",[39m
[31m+   "rating 76 at 18, top 98: 83",[39m
[31m+   "rating 77 at 18, top 98: 84",[39m
[31m+   "rating 78 at 18, top 98: 85",[39m
[31m+   "rating 79 at 18, top 98: 86",[39m
[31m+   "rating 80 at 18, top 98: 87",[39m
[31m+   "rating 82 at 18, top 98: 88",[39m
[31m+   "rating 83 at 18, top 98: 89",[39m
[31m+   "rating 85 at 18, top 98: 90",[39m
[31m+   "rating 86 at 18, top 98: 91",[39m
[31m+   "rating 88 at 18, top 98: 92",[39m
[31m+   "rating 89 at 18, top 98: 93",[39m
[31m+   "rating 91 at 18, top 98: 94",[39m
[31m+   "rating 92 at 18, top 98: 95",[39m
[31m+   "rating 94 at 18, top 98: 96",[39m
[31m+   "rating 95 at 18, top 98: 97",[39m
[31m+   "rating 97 at 18, top 98: 98",[39m
[31m+   "rating 48 at 19, top 98: 54",[39m
[31m+   "rating 49 at 19, top 98: 55",[39m
[31m+   "rating 50 at 19, top 98: 56",[39m
[31m+   "rating 51 at 19, top 98: 57",[39m
[31m+   "rating 52 at 19, top 98: 58",[39m
[31m+   "rating 53 at 19, top 98: 59",[39m
[31m+   "rating 54 at 19, top 98: 60",[39m
[31m+   "rating 55 at 19, top 98: 61",[39m
[31m+   "rating 56 at 19, top 98: 62",[39m
[31m+   "rating 57 at 19, top 98: 63",[39m
[31m+   "rating 58 at 19, top 98: 64",[39m
[31m+   "rating 59 at 19, top 98: 65",[39m
[31m+   "rating 60 at 19, top 98: 66",[39m
[31m+   "rating 61 at 19, top 98: 67",[39m
[31m+   "rating 62 at 19, top 98: 68",[39m
[31m+   "rating 63 at 19, top 98: 69",[39m
[31m+   "rating 64 at 19, top 98: 70",[39m
[31m+   "rating 65 at 19, top 98: 71",[39m
[31m+   "rating 66 at 19, top 98: 72",[39m
[31m+   "rating 67 at 19, top 98: 73",[39m
[31m+   "rating 68 at 19, top 98: 74",[39m
[31m+   "rating 69 at 19, top 98: 75",[39m
[31m+   "rating 70 at 19, top 98: 76",[39m
[31m+   "rating 71 at 19, top 98: 77",[39m
[31m+   "rating 72 at 19, top 98: 78",[39m
[31m+   "rating 73 at 19, top 98: 79",[39m
[31m+   "rating 74 at 19, top 98: 80",[39m
[31m+   "rating 75 at 19, top 98: 81",[39m
[31m+   "rating 76 at 19, top 98: 82",[39m
[31m+   "rating 77 at 19, top 98: 83",[39m
[31m+   "rating 78 at 19, top 98: 84",[39m
[31m+   "rating 79 at 19, top 98: 85",[39m
[31m+   "rating 80 at 19, top 98: 86",[39m
[31m+   "rating 81 at 19, top 98: 87",[39m
[31m+   "rating 82 at 19, top 98: 88",[39m
[31m+   "rating 83 at 19, top 98: 89",[39m
[31m+   "rating 85 at 19, top 98: 90",[39m
[31m+   "rating 86 at 19, top 98: 91",[39m
[31m+   "rating 88 at 19, top 98: 92",[39m
[31m+   "rating 89 at 19, top 98: 93",[39m
[31m+   "rating 91 at 19, top 98: 94",[39m
[31m+   "rating 92 at 19, top 98: 95",[39m
[31m+   "rating 94 at 19, top 98: 96",[39m
[31m+   "rating 95 at 19, top 98: 97",[39m
[31m+   "rating 97 at 19, top 98: 98",[39m
[31m+   "rating 48 at 20, top 98: 53",[39m
[31m+   "rating 49 at 20, top 98: 54",[39m
[31m+   "rating 50 at 20, top 98: 55",[39m
[31m+   "rating 51 at 20, top 98: 56",[39m
[31m+   "rating 52 at 20, top 98: 57",[39m
[31m+   "rating 53 at 20, top 98: 58",[39m
[31m+   "rating 54 at 20, top 98: 59",[39m
[31m+   "rating 55 at 20, top 98: 60",[39m
[31m+   "rating 56 at 20, top 98: 61",[39m
[31m+   "rating 57 at 20, top 98: 62",[39m
[31m+   "rating 58 at 20, top 98: 63",[39m
[31m+   "rating 59 at 20, top 98: 64",[39m
[31m+   "rating 60 at 20, top 98: 65",[39m
[31m+   "rating 61 at 20, top 98: 66",[39m
[31m+   "rating 62 at 20, top 98: 67",[39m
[31m+   "rating 63 at 20, top 98: 68",[39m
[31m+   "rating 64 at 20, top 98: 69",[39m
[31m+   "rating 65 at 20, top 98: 70",[39m
[31m+   "rating 66 at 20, top 98: 71",[39m
[31m+   "rating 67 at 20, top 98: 72",[39m
[31m+   "rating 68 at 20, top 98: 73",[39m
[31m+   "rating 69 at 20, top 98: 74",[39m
[31m+   "rating 70 at 20, top 98: 75",[39m
[31m+   "rating 71 at 20, top 98: 76",[39m
[31m+   "rating 72 at 20, top 98: 77",[39m
[31m+   "rating 73 at 20, top 98: 78",[39m
[31m+   "rating 74 at 20, top 98: 79",[39m
[31m+   "rating 75 at 20, top 98: 80",[39m
[31m+   "rating 76 at 20, top 98: 81",[39m
[31m+   "rating 77 at 20, top 98: 82",[39m
[31m+   "rating 78 at 20, top 98: 83",[39m
[31m+   "rating 79 at 20, top 98: 84",[39m
[31m+   "rating 80 at 20, top 98: 85",[39m
[31m+   "rating 81 at 20, top 98: 86",[39m
[31m+   "rating 82 at 20, top 98: 87",[39m
[31m+   "rating 83 at 20, top 98: 88",[39m
[31m+   "rating 84 at 20, top 98: 89",[39m
[31m+   "rating 85 at 20, top 98: 90",[39m
[31m+   "rating 86 at 20, top 98: 91",[39m
[31m+   "rating 88 at 20, top 98: 92",[39m
[31m+   "rating 89 at 20, top 98: 93",[39m
[31m+   "rating 91 at 20, top 98: 94",[39m
[31m+   "rating 92 at 20, top 98: 95",[39m
[31m+   "rating 94 at 20, top 98: 96",[39m
[31m+   "rating 95 at 20, top 98: 97",[39m
[31m+   "rating 97 at 20, top 98: 98",[39m
[31m+   "rating 48 at 21, top 98: 52",[39m
[31m+   "rating 49 at 21, top 98: 53",[39m
[31m+   "rating 50 at 21, top 98: 54",[39m
[31m+   "rating 51 at 21, top 98: 55",[39m
[31m+   "rating 52 at 21, top 98: 56",[39m
[31m+   "rating 53 at 21, top 98: 57",[39m
[31m+   "rating 54 at 21, top 98: 58",[39m
[31m+   "rating 55 at 21, top 98: 59",[39m
[31m+   "rating 56 at 21, top 98: 60",[39m
[31m+   "rating 57 at 21, top 98: 61",[39m
[31m+   "rating 58 at 21, top 98: 62",[39m
[31m+   "rating 59 at 21, top 98: 63",[39m
[31m+   "rating 60 at 21, top 98: 64",[39m
[31m+   "rating 61 at 21, top 98: 65",[39m
[31m+   "rating 62 at 21, top 98: 66",[39m
[31m+   "rating 63 at 21, top 98: 67",[39m
[31m+   "rating 64 at 21, top 98: 68",[39m
[31m+   "rating 65 at 21, top 98: 69",[39m
[31m+   "rating 66 at 21, top 98: 70",[39m
[31m+   "rating 67 at 21, top 98: 71",[39m
[31m+   "rating 68 at 21, top 98: 72",[39m
[31m+   "rating 69 at 21, top 98: 73",[39m
[31m+   "rating 70 at 21, top 98: 74",[39m
[31m+   "rating 71 at 21, top 98: 75",[39m
[31m+   "rating 72 at 21, top 98: 76",[39m
[31m+   "rating 73 at 21, top 98: 77",[39m
[31m+   "rating 74 at 21, top 98: 78",[39m
[31m+   "rating 75 at 21, top 98: 79",[39m
[31m+   "rating 76 at 21, top 98: 80",[39m
[31m+   "rating 77 at 21, top 98: 81",[39m
[31m+   "rating 78 at 21, top 98: 82",[39m
[31m+   "rating 79 at 21, top 98: 83",[39m
[31m+   "rating 80 at 21, top 98: 84",[39m
[31m+   "rating 81 at 21, top 98: 85",[39m
[31m+   "rating 82 at 21, top 98: 86",[39m
[31m+   "rating 83 at 21, top 98: 87",[39m
[31m+   "rating 84 at 21, top 98: 88",[39m
[31m+   "rating 85 at 21, top 98: 89",[39m
[31m+   "rating 86 at 21, top 98: 90",[39m
[31m+   "rating 87 at 21, top 98: 91",[39m
[31m+   "rating 88 at 21, top 98: 92",[39m
[31m+   "rating 89 at 21, top 98: 93",[39m
[31m+   "rating 91 at 21, top 98: 94",[39m
[31m+   "rating 92 at 21, top 98: 95",[39m
[31m+   "rating 94 at 21, top 98: 96",[39m
[31m+   "rating 95 at 21, top 98: 97",[39m
[31m+   "rating 97 at 21, top 98: 98",[39m
[31m+   "rating 48 at 22, top 98: 51",[39m
[31m+   "rating 49 at 22, top 98: 52",[39m
[31m+   "rating 50 at 22, top 98: 53",[39m
[31m+   "rating 51 at 22, top 98: 54",[39m
[31m+   "rating 52 at 22, top 98: 55",[39m
[31m+   "rating 53 at 22, top 98: 56",[39m
[31m+   "rating 54 at 22, top 98: 57",[39m
[31m+   "rating 55 at 22, top 98: 58",[39m
[31m+   "rating 56 at 22, top 98: 59",[39m
[31m+   "rating 57 at 22, top 98: 60",[39m
[31m+   "rating 58 at 22, top 98: 61",[39m
[31m+   "rating 59 at 22, top 98: 62",[39m
[31m+   "rating 60 at 22, top 98: 63",[39m
[31m+   "rating 61 at 22, top 98: 64",[39m
[31m+   "rating 62 at 22, top 98: 65",[39m
[31m+   "rating 63 at 22, top 98: 66",[39m
[31m+   "rating 64 at 22, top 98: 67",[39m
[31m+   "rating 65 at 22, top 98: 68",[39m
[31m+   "rating 66 at 22, top 98: 69",[39m
[31m+   "rating 67 at 22, top 98: 70",[39m
[31m+   "rating 68 at 22, top 98: 71",[39m
[31m+   "rating 69 at 22, top 98: 72",[39m
[31m+   "rating 70 at 22, top 98: 73",[39m
[31m+   "rating 71 at 22, top 98: 74",[39m
[31m+   "rating 72 at 22, top 98: 75",[39m
[31m+   "rating 73 at 22, top 98: 76",[39m
[31m+   "rating 74 at 22, top 98: 77",[39m
[31m+   "rating 75 at 22, top 98: 78",[39m
[31m+   "rating 76 at 22, top 98: 79",[39m
[31m+   "rating 77 at 22, top 98: 80",[39m
[31m+   "rating 78 at 22, top 98: 81",[39m
[31m+   "rating 79 at 22, top 98: 82",[39m
[31m+   "rating 80 at 22, top 98: 83",[39m
[31m+   "rating 81 at 22, top 98: 84",[39m
[31m+   "rating 82 at 22, top 98: 85",[39m
[31m+   "rating 83 at 22, top 98: 86",[39m
[31m+   "rating 84 at 22, top 98: 87",[39m
[31m+   "rating 85 at 22, top 98: 88",[39m
[31m+   "rating 86 at 22, top 98: 89",[39m
[31m+   "rating 87 at 22, top 98: 90",[39m
[31m+   "rating 88 at 22, top 98: 91",[39m
[31m+   "rating 89 at 22, top 98: 92",[39m
[31m+   "rating 90 at 22, top 98: 93",[39m
[31m+   "rating 91 at 22, top 98: 94",[39m
[31m+   "rating 92 at 22, top 98: 95",[39m
[31m+   "rating 94 at 22, top 98: 96",[39m
[31m+   "rating 95 at 22, top 98: 97",[39m
[31m+   "rating 97 at 22, top 98: 98",[39m
[31m+   "rating 48 at 23, top 98: 50",[39m
[31m+   "rating 49 at 23, top 98: 51",[39m
[31m+   "rating 50 at 23, top 98: 52",[39m
[31m+   "rating 51 at 23, top 98: 53",[39m
[31m+   "rating 52 at 23, top 98: 54",[39m
[31m+   "rating 53 at 23, top 98: 55",[39m
[31m+   "rating 54 at 23, top 98: 56",[39m
[31m+   "rating 55 at 23, top 98: 57",[39m
[31m+   "rating 56 at 23, top 98: 58",[39m
[31m+   "rating 57 at 23, top 98: 59",[39m
[31m+   "rating 58 at 23, top 98: 60",[39m
[31m+   "rating 59 at 23, top 98: 61",[39m
[31m+   "rating 60 at 23, top 98: 62",[39m
[31m+   "rating 61 at 23, top 98: 63",[39m
[31m+   "rating 62 at 23, top 98: 64",[39m
[31m+   "rating 63 at 23, top 98: 65",[39m
[31m+   "rating 64 at 23, top 98: 66",[39m
[31m+   "rating 65 at 23, top 98: 67",[39m
[31m+   "rating 66 at 23, top 98: 68",[39m
[31m+   "rating 67 at 23, top 98: 69",[39m
[31m+   "rating 68 at 23, top 98: 70",[39m
[31m+   "rating 69 at 23, top 98: 71",[39m
[31m+   "rating 70 at 23, top 98: 72",[39m
[31m+   "rating 71 at 23, top 98: 73",[39m
[31m+   "rating 72 at 23, top 98: 74",[39m
[31m+   "rating 73 at 23, top 98: 75",[39m
[31m+   "rating 74 at 23, top 98: 76",[39m
[31m+   "rating 75 at 23, top 98: 77",[39m
[31m+   "rating 76 at 23, top 98: 78",[39m
[31m+   "rating 77 at 23, top 98: 79",[39m
[31m+   "rating 78 at 23, top 98: 80",[39m
[31m+   "rating 79 at 23, top 98: 81",[39m
[31m+   "rating 80 at 23, top 98: 82",[39m
[31m+   "rating 81 at 23, top 98: 83",[39m
[31m+   "rating 82 at 23, top 98: 84",[39m
[31m+   "rating 83 at 23, top 98: 85",[39m
[31m+   "rating 84 at 23, top 98: 86",[39m
[31m+   "rating 85 at 23, top 98: 87",[39m
[31m+   "rating 86 at 23, top 98: 88",[39m
[31m+   "rating 87 at 23, top 98: 89",[39m
[31m+   "rating 88 at 23, top 98: 90",[39m
[31m+   "rating 89 at 23, top 98: 91",[39m
[31m+   "rating 90 at 23, top 98: 92",[39m
[31m+   "rating 91 at 23, top 98: 93",[39m
[31m+   "rating 92 at 23, top 98: 94",[39m
[31m+   "rating 93 at 23, top 98: 95",[39m
[31m+   "rating 94 at 23, top 98: 96",[39m
[31m+   "rating 95 at 23, top 98: 97",[39m
[31m+   "rating 97 at 23, top 98: 98",[39m
[31m+   "rating 48 at 24, top 98: 49",[39m
[31m+   "rating 49 at 24, top 98: 50",[39m
[31m+   "rating 50 at 24, top 98: 51",[39m
[31m+   "rating 51 at 24, top 98: 52",[39m
[31m+   "rating 52 at 24, top 98: 53",[39m
[31m+   "rating 53 at 24, top 98: 54",[39m
[31m+   "rating 54 at 24, top 98: 55",[39m
[31m+   "rating 55 at 24, top 98: 56",[39m
[31m+   "rating 56 at 24, top 98: 57",[39m
[31m+   "rating 57 at 24, top 98: 58",[39m
[31m+   "rating 58 at 24, top 98: 59",[39m
[31m+   "rating 59 at 24, top 98: 60",[39m
[31m+   "rating 60 at 24, top 98: 61",[39m
[31m+   "rating 61 at 24, top 98: 62",[39m
[31m+   "rating 62 at 24, top 98: 63",[39m
[31m+   "rating 63 at 24, top 98: 64",[39m
[31m+   "rating 64 at 24, top 98: 65",[39m
[31m+   "rating 65 at 24, top 98: 66",[39m
[31m+   "rating 66 at 24, top 98: 67",[39m
[31m+   "rating 67 at 24, top 98: 68",[39m
[31m+   "rating 68 at 24, top 98: 69",[39m
[31m+   "rating 69 at 24, top 98: 70",[39m
[31m+   "rating 70 at 24, top 98: 71",[39m
[31m+   "rating 71 at 24, top 98: 72",[39m
[31m+   "rating 72 at 24, top 98: 73",[39m
[31m+   "rating 73 at 24, top 98: 74",[39m
[31m+   "rating 74 at 24, top 98: 75",[39m
[31m+   "rating 75 at 24, top 98: 76",[39m
[31m+   "rating 76 at 24, top 98: 77",[39m
[31m+   "rating 77 at 24, top 98: 78",[39m
[31m+   "rating 78 at 24, top 98: 79",[39m
[31m+   "rating 79 at 24, top 98: 80",[39m
[31m+   "rating 80 at 24, top 98: 81",[39m
[31m+   "rating 81 at 24, top 98: 82",[39m
[31m+   "rating 82 at 24, top 98: 83",[39m
[31m+   "rating 83 at 24, top 98: 84",[39m
[31m+   "rating 84 at 24, top 98: 85",[39m
[31m+   "rating 85 at 24, top 98: 86",[39m
[31m+   "rating 86 at 24, top 98: 87",[39m
[31m+   "rating 87 at 24, top 98: 88",[39m
[31m+   "rating 88 at 24, top 98: 89",[39m
[31m+   "rating 89 at 24, top 98: 90",[39m
[31m+   "rating 90 at 24, top 98: 91",[39m
[31m+   "rating 91 at 24, top 98: 92",[39m
[31m+   "rating 92 at 24, top 98: 93",[39m
[31m+   "rating 93 at 24, top 98: 94",[39m
[31m+   "rating 94 at 24, top 98: 95",[39m
[31m+   "rating 95 at 24, top 98: 96",[39m
[31m+   "rating 96 at 24, top 98: 97",[39m
[31m+   "rating 97 at 24, top 98: 98",[39m
[31m+   "rating 48 at 25, top 98: 49",[39m
[31m+   "rating 49 at 25, top 98: 50",[39m
[31m+   "rating 50 at 25, top 98: 51",[39m
[31m+   "rating 51 at 25, top 98: 52",[39m
[31m+   "rating 52 at 25, top 98: 53",[39m
[31m+   "rating 53 at 25, top 98: 54",[39m
[31m+   "rating 54 at 25, top 98: 55",[39m
[31m+   "rating 55 at 25, top 98: 56",[39m
[31m+   "rating 56 at 25, top 98: 57",[39m
[31m+   "rating 57 at 25, top 98: 58",[39m
[31m+   "rating 58 at 25, top 98: 59",[39m
[31m+   "rating 59 at 25, top 98: 60",[39m
[31m+   "rating 60 at 25, top 98: 61",[39m
[31m+   "rating 61 at 25, top 98: 62",[39m
[31m+   "rating 62 at 25, top 98: 63",[39m
[31m+   "rating 63 at 25, top 98: 64",[39m
[31m+   "rating 64 at 25, top 98: 65",[39m
[31m+   "rating 65 at 25, top 98: 66",[39m
[31m+   "rating 66 at 25, top 98: 67",[39m
[31m+   "rating 67 at 25, top 98: 68",[39m
[31m+   "rating 68 at 25, top 98: 69",[39m
[31m+   "rating 69 at 25, top 98: 70",[39m
[31m+   "rating 70 at 25, top 98: 71",[39m
[31m+   "rating 71 at 25, top 98: 72",[39m
[31m+   "rating 72 at 25, top 98: 73",[39m
[31m+   "rating 73 at 25, top 98: 74",[39m
[31m+   "rating 74 at 25, top 98: 75",[39m
[31m+   "rating 75 at 25, top 98: 76",[39m
[31m+   "rating 76 at 25, top 98: 77",[39m
[31m+   "rating 77 at 25, top 98: 78",[39m
[31m+   "rating 78 at 25, top 98: 79",[39m
[31m+   "rating 79 at 25, top 98: 80",[39m
[31m+   "rating 80 at 25, top 98: 81",[39m
[31m+   "rating 81 at 25, top 98: 82",[39m
[31m+   "rating 82 at 25, top 98: 83",[39m
[31m+   "rating 83 at 25, top 98: 84",[39m
[31m+   "rating 84 at 25, top 98: 85",[39m
[31m+   "rating 85 at 25, top 98: 86",[39m
[31m+   "rating 86 at 25, top 98: 87",[39m
[31m+   "rating 87 at 25, top 98: 88",[39m
[31m+   "rating 88 at 25, top 98: 89",[39m
[31m+   "rating 89 at 25, top 98: 90",[39m
[31m+   "rating 90 at 25, top 98: 91",[39m
[31m+   "rating 91 at 25, top 98: 92",[39m
[31m+   "rating 92 at 25, top 98: 93",[39m
[31m+   "rating 93 at 25, top 98: 94",[39m
[31m+   "rating 94 at 25, top 98: 95",[39m
[31m+   "rating 95 at 25, top 98: 96",[39m
[31m+   "rating 96 at 25, top 98: 97",[39m
[31m+   "rating 97 at 25, top 98: 98",[39m
[31m+   "rating 48 at 26, top 98: 49",[39m
[31m+   "rating 49 at 26, top 98: 50",[39m
[31m+   "rating 50 at 26, top 98: 51",[39m
[31m+   "rating 51 at 26, top 98: 52",[39m
[31m+   "rating 52 at 26, top 98: 53",[39m
[31m+   "rating 53 at 26, top 98: 54",[39m
[31m+   "rating 54 at 26, top 98: 55",[39m
[31m+   "rating 55 at 26, top 98: 56",[39m
[31m+   "rating 56 at 26, top 98: 57",[39m
[31m+   "rating 57 at 26, top 98: 58",[39m
[31m+   "rating 58 at 26, top 98: 59",[39m
[31m+   "rating 59 at 26, top 98: 60",[39m
[31m+   "rating 60 at 26, top 98: 61",[39m
[31m+   "rating 61 at 26, top 98: 62",[39m
[31m+   "rating 62 at 26, top 98: 63",[39m
[31m+   "rating 63 at 26, top 98: 64",[39m
[31m+   "rating 64 at 26, top 98: 65",[39m
[31m+   "rating 65 at 26, top 98: 66",[39m
[31m+   "rating 66 at 26, top 98: 67",[39m
[31m+   "rating 67 at 26, top 98: 68",[39m
[31m+   "rating 68 at 26, top 98: 69",[39m
[31m+   "rating 69 at 26, top 98: 70",[39m
[31m+   "rating 70 at 26, top 98: 71",[39m
[31m+   "rating 71 at 26, top 98: 72",[39m
[31m+   "rating 72 at 26, top 98: 73",[39m
[31m+   "rating 73 at 26, top 98: 74",[39m
[31m+   "rating 74 at 26, top 98: 75",[39m
[31m+   "rating 75 at 26, top 98: 76",[39m
[31m+   "rating 76 at 26, top 98: 77",[39m
[31m+   "rating 77 at 26, top 98: 78",[39m
[31m+   "rating 78 at 26, top 98: 79",[39m
[31m+   "rating 79 at 26, top 98: 80",[39m
[31m+   "rating 80 at 26, top 98: 81",[39m
[31m+   "rating 81 at 26, top 98: 82",[39m
[31m+   "rating 82 at 26, top 98: 83",[39m
[31m+   "rating 83 at 26, top 98: 84",[39m
[31m+   "rating 84 at 26, top 98: 85",[39m
[31m+   "rating 85 at 26, top 98: 86",[39m
[31m+   "rating 86 at 26, top 98: 87",[39m
[31m+   "rating 87 at 26, top 98: 88",[39m
[31m+   "rating 88 at 26, top 98: 89",[39m
[31m+   "rating 89 at 26, top 98: 90",[39m
[31m+   "rating 90 at 26, top 98: 91",[39m
[31m+   "rating 91 at 26, top 98: 92",[39m
[31m+   "rating 92 at 26, top 98: 93",[39m
[31m+   "rating 93 at 26, top 98: 94",[39m
[31m+   "rating 94 at 26, top 98: 95",[39m
[31m+   "rating 95 at 26, top 98: 96",[39m
[31m+   "rating 96 at 26, top 98: 97",[39m
[31m+   "rating 97 at 26, top 98: 98",[39m
[31m+   "rating 48 at 27, top 98: 49",[39m
[31m+   "rating 49 at 27, top 98: 50",[39m
[31m+   "rating 50 at 27, top 98: 51",[39m
[31m+   "rating 51 at 27, top 98: 52",[39m
[31m+   "rating 52 at 27, top 98: 53",[39m
[31m+   "rating 53 at 27, top 98: 54",[39m
[31m+   "rating 54 at 27, top 98: 55",[39m
[31m+   "rating 55 at 27, top 98: 56",[39m
[31m+   "rating 56 at 27, top 98: 57",[39m
[31m+   "rating 57 at 27, top 98: 58",[39m
[31m+   "rating 58 at 27, top 98: 59",[39m
[31m+   "rating 59 at 27, top 98: 60",[39m
[31m+   "rating 60 at 27, top 98: 61",[39m
[31m+   "rating 61 at 27, top 98: 62",[39m
[31m+   "rating 62 at 27, top 98: 63",[39m
[31m+   "rating 63 at 27, top 98: 64",[39m
[31m+   "rating 64 at 27, top 98: 65",[39m
[31m+   "rating 65 at 27, top 98: 66",[39m
[31m+   "rating 66 at 27, top 98: 67",[39m
[31m+   "rating 67 at 27, top 98: 68",[39m
[31m+   "rating 68 at 27, top 98: 69",[39m
[31m+   "rating 69 at 27, top 98: 70",[39m
[31m+   "rating 70 at 27, top 98: 71",[39m
[31m+   "rating 71 at 27, top 98: 72",[39m
[31m+   "rating 72 at 27, top 98: 73",[39m
[31m+   "rating 73 at 27, top 98: 74",[39m
[31m+   "rating 74 at 27, top 98: 75",[39m
[31m+   "rating 75 at 27, top 98: 76",[39m
[31m+   "rating 76 at 27, top 98: 77",[39m
[31m+   "rating 77 at 27, top 98: 78",[39m
[31m+   "rating 78 at 27, top 98: 79",[39m
[31m+   "rating 79 at 27, top 98: 80",[39m
[31m+   "rating 80 at 27, top 98: 81",[39m
[31m+   "rating 81 at 27, top 98: 82",[39m
[31m+   "rating 82 at 27, top 98: 83",[39m
[31m+   "rating 83 at 27, top 98: 84",[39m
[31m+   "rating 84 at 27, top 98: 85",[39m
[31m+   "rating 85 at 27, top 98: 86",[39m
[31m+   "rating 86 at 27, top 98: 87",[39m
[31m+   "rating 87 at 27, top 98: 88",[39m
[31m+   "rating 88 at 27, top 98: 89",[39m
[31m+   "rating 89 at 27, top 98: 90",[39m
[31m+   "rating 90 at 27, top 98: 91",[39m
[31m+   "rating 91 at 27, top 98: 92",[39m
[31m+   "rating 92 at 27, top 98: 93",[39m
[31m+   "rating 93 at 27, top 98: 94",[39m
[31m+   "rating 94 at 27, top 98: 95",[39m
[31m+   "rating 95 at 27, top 98: 96",[39m
[31m+   "rating 96 at 27, top 98: 97",[39m
[31m+   "rating 97 at 27, top 98: 98",[39m
[31m+   "rating 48 at 28, top 98: 49",[39m
[31m+   "rating 49 at 28, top 98: 50",[39m
[31m+   "rating 50 at 28, top 98: 51",[39m
[31m+   "rating 51 at 28, top 98: 52",[39m
[31m+   "rating 52 at 28, top 98: 53",[39m
[31m+   "rating 53 at 28, top 98: 54",[39m
[31m+   "rating 54 at 28, top 98: 55",[39m
[31m+   "rating 55 at 28, top 98: 56",[39m
[31m+   "rating 56 at 28, top 98: 57",[39m
[31m+   "rating 57 at 28, top 98: 58",[39m
[31m+   "rating 58 at 28, top 98: 59",[39m
[31m+   "rating 59 at 28, top 98: 60",[39m
[31m+   "rating 60 at 28, top 98: 61",[39m
[31m+   "rating 61 at 28, top 98: 62",[39m
[31m+   "rating 62 at 28, top 98: 63",[39m
[31m+   "rating 63 at 28, top 98: 64",[39m
[31m+   "rating 64 at 28, top 98: 65",[39m
[31m+   "rating 65 at 28, top 98: 66",[39m
[31m+   "rating 66 at 28, top 98: 67",[39m
[31m+   "rating 67 at 28, top 98: 68",[39m
[31m+   "rating 68 at 28, top 98: 69",[39m
[31m+   "rating 69 at 28, top 98: 70",[39m
[31m+   "rating 70 at 28, top 98: 71",[39m
[31m+   "rating 71 at 28, top 98: 72",[39m
[31m+   "rating 72 at 28, top 98: 73",[39m
[31m+   "rating 73 at 28, top 98: 74",[39m
[31m+   "rating 74 at 28, top 98: 75",[39m
[31m+   "rating 75 at 28, top 98: 76",[39m
[31m+   "rating 76 at 28, top 98: 77",[39m
[31m+   "rating 77 at 28, top 98: 78",[39m
[31m+   "rating 78 at 28, top 98: 79",[39m
[31m+   "rating 79 at 28, top 98: 80",[39m
[31m+   "rating 80 at 28, top 98: 81",[39m
[31m+   "rating 81 at 28, top 98: 82",[39m
[31m+   "rating 82 at 28, top 98: 83",[39m
[31m+   "rating 83 at 28, top 98: 84",[39m
[31m+   "rating 84 at 28, top 98: 85",[39m
[31m+   "rating 85 at 28, top 98: 86",[39m
[31m+   "rating 86 at 28, top 98: 87",[39m
[31m+   "rating 87 at 28, top 98: 88",[39m
[31m+   "rating 88 at 28, top 98: 89",[39m
[31m+   "rating 89 at 28, top 98: 90",[39m
[31m+   "rating 90 at 28, top 98: 91",[39m
[31m+   "rating 91 at 28, top 98: 92",[39m
[31m+   "rating 92 at 28, top 98: 93",[39m
[31m+   "rating 93 at 28, top 98: 94",[39m
[31m+   "rating 94 at 28, top 98: 95",[39m
[31m+   "rating 95 at 28, top 98: 96",[39m
[31m+   "rating 96 at 28, top 98: 97",[39m
[31m+   "rating 97 at 28, top 98: 98",[39m
[31m+   "rating 48 at 29, top 98: 49",[39m
[31m+   "rating 49 at 29, top 98: 50",[39m
[31m+   "rating 50 at 29, top 98: 51",[39m
[31m+   "rating 51 at 29, top 98: 52",[39m
[31m+   "rating 52 at 29, top 98: 53",[39m
[31m+   "rating 53 at 29, top 98: 54",[39m
[31m+   "rating 54 at 29, top 98: 55",[39m
[31m+   "rating 55 at 29, top 98: 56",[39m
[31m+   "rating 56 at 29, top 98: 57",[39m
[31m+   "rating 57 at 29, top 98: 58",[39m
[31m+   "rating 58 at 29, top 98: 59",[39m
[31m+   "rating 59 at 29, top 98: 60",[39m
[31m+   "rating 60 at 29, top 98: 61",[39m
[31m+   "rating 61 at 29, top 98: 62",[39m
[31m+   "rating 62 at 29, top 98: 63",[39m
[31m+   "rating 63 at 29, top 98: 64",[39m
[31m+   "rating 64 at 29, top 98: 65",[39m
[31m+   "rating 65 at 29, top 98: 66",[39m
[31m+   "rating 66 at 29, top 98: 67",[39m
[31m+   "rating 67 at 29, top 98: 68",[39m
[31m+   "rating 68 at 29, top 98: 69",[39m
[31m+   "rating 69 at 29, top 98: 70",[39m
[31m+   "rating 70 at 29, top 98: 71",[39m
[31m+   "rating 71 at 29, top 98: 72",[39m
[31m+   "rating 72 at 29, top 98: 73",[39m
[31m+   "rating 73 at 29, top 98: 74",[39m
[31m+   "rating 74 at 29, top 98: 75",[39m
[31m+   "rating 75 at 29, top 98: 76",[39m
[31m+   "rating 76 at 29, top 98: 77",[39m
[31m+   "rating 77 at 29, top 98: 78",[39m
[31m+   "rating 78 at 29, top 98: 79",[39m
[31m+   "rating 79 at 29, top 98: 80",[39m
[31m+   "rating 80 at 29, top 98: 81",[39m
[31m+   "rating 81 at 29, top 98: 82",[39m
[31m+   "rating 82 at 29, top 98: 83",[39m
[31m+   "rating 83 at 29, top 98: 84",[39m
[31m+   "rating 84 at 29, top 98: 85",[39m
[31m+   "rating 85 at 29, top 98: 86",[39m
[31m+   "rating 86 at 29, top 98: 87",[39m
[31m+   "rating 87 at 29, top 98: 88",[39m
[31m+   "rating 88 at 29, top 98: 89",[39m
[31m+   "rating 89 at 29, top 98: 90",[39m
[31m+   "rating 90 at 29, top 98: 91",[39m
[31m+   "rating 91 at 29, top 98: 92",[39m
[31m+   "rating 92 at 29, top 98: 93",[39m
[31m+   "rating 93 at 29, top 98: 94",[39m
[31m+   "rating 94 at 29, top 98: 95",[39m
[31m+   "rating 95 at 29, top 98: 96",[39m
[31m+   "rating 96 at 29, top 98: 97",[39m
[31m+   "rating 97 at 29, top 98: 98",[39m
[31m+   "rating 49 at 30, top 98: 49",[39m
[31m+   "rating 50 at 30, top 98: 50",[39m
[31m+   "rating 51 at 30, top 98: 51",[39m
[31m+   "rating 52 at 30, top 98: 52",[39m
[31m+   "rating 53 at 30, top 98: 53",[39m
[31m+   "rating 54 at 30, top 98: 54",[39m
[31m+   "rating 55 at 30, top 98: 55",[39m
[31m+   "rating 56 at 30, top 98: 56",[39m
[31m+   "rating 57 at 30, top 98: 57",[39m
[31m+   "rating 58 at 30, top 98: 58",[39m
[31m+   "rating 59 at 30, top 98: 59",[39m
[31m+   "rating 60 at 30, top 98: 60",[39m
[31m+   "rating 61 at 30, top 98: 61",[39m
[31m+   "rating 62 at 30, top 98: 62",[39m
[31m+   "rating 63 at 30, top 98: 63",[39m
[31m+   "rating 64 at 30, top 98: 64",[39m
[31m+   "rating 65 at 30, top 98: 65",[39m
[31m+   "rating 66 at 30, top 98: 66",[39m
[31m+   "rating 67 at 30, top 98: 67",[39m
[31m+   "rating 68 at 30, top 98: 68",[39m
[31m+   "rating 69 at 30, top 98: 69",[39m
[31m+   "rating 70 at 30, top 98: 70",[39m
[31m+   "rating 71 at 30, top 98: 71",[39m
[31m+   "rating 72 at 30, top 98: 72",[39m
[31m+   "rating 73 at 30, top 98: 73",[39m
[31m+   "rating 74 at 30, top 98: 74",[39m
[31m+   "rating 75 at 30, top 98: 75",[39m
[31m+   "rating 76 at 30, top 98: 76",[39m
[31m+   "rating 77 at 30, top 98: 77",[39m
[31m+   "rating 78 at 30, top 98: 78",[39m
[31m+   "rating 79 at 30, top 98: 79",[39m
[31m+   "rating 80 at 30, top 98: 80",[39m
[31m+   "rating 81 at 30, top 98: 81",[39m
[31m+   "rating 82 at 30, top 98: 82",[39m
[31m+   "rating 83 at 30, top 98: 83",[39m
[31m+   "rating 84 at 30, top 98: 84",[39m
[31m+   "rating 85 at 30, top 98: 85",[39m
[31m+   "rating 86 at 30, top 98: 86",[39m
[31m+   "rating 87 at 30, top 98: 87",[39m
[31m+   "rating 88 at 30, top 98: 88",[39m
[31m+   "rating 89 at 30, top 98: 89",[39m
[31m+   "rating 90 at 30, top 98: 90",[39m
[31m+   "rating 91 at 30, top 98: 91",[39m
[31m+   "rating 92 at 30, top 98: 92",[39m
[31m+   "rating 93 at 30, top 98: 93",[39m
[31m+   "rating 94 at 30, top 98: 94",[39m
[31m+   "rating 95 at 30, top 98: 95",[39m
[31m+   "rating 96 at 30, top 98: 96",[39m
[31m+   "rating 97 at 30, top 98: 97",[39m
[31m+   "rating 98 at 30, top 98: 98",[39m
[31m+   "rating 50 at 31, top 98: 49",[39m
[31m+   "rating 51 at 31, top 98: 50",[39m
[31m+   "rating 52 at 31, top 98: 51",[39m
[31m+   "rating 53 at 31, top 98: 52",[39m
[31m+   "rating 54 at 31, top 98: 53",[39m
[31m+   "rating 55 at 31, top 98: 54",[39m
[31m+   "rating 56 at 31, top 98: 55",[39m
[31m+   "rating 57 at 31, top 98: 56",[39m
[31m+   "rating 58 at 31, top 98: 57",[39m
[31m+   "rating 59 at 31, top 98: 58",[39m
[31m+   "rating 60 at 31, top 98: 59",[39m
[31m+   "rating 61 at 31, top 98: 60",[39m
[31m+   "rating 62 at 31, top 98: 61",[39m
[31m+   "rating 63 at 31, top 98: 62",[39m
[31m+   "rating 64 at 31, top 98: 63",[39m
[31m+   "rating 65 at 31, top 98: 64",[39m
[31m+   "rating 66 at 31, top 98: 65",[39m
[31m+   "rating 67 at 31, top 98: 66",[39m
[31m+   "rating 68 at 31, top 98: 67",[39m
[31m+   "rating 69 at 31, top 98: 68",[39m
[31m+   "rating 70 at 31, top 98: 69",[39m
[31m+   "rating 71 at 31, top 98: 70",[39m
[31m+   "rating 72 at 31, top 98: 71",[39m
[31m+   "rating 73 at 31, top 98: 72",[39m
[31m+   "rating 74 at 31, top 98: 73",[39m
[31m+   "rating 75 at 31, top 98: 74",[39m
[31m+   "rating 76 at 31, top 98: 75",[39m
[31m+   "rating 77 at 31, top 98: 76",[39m
[31m+   "rating 78 at 31, top 98: 77",[39m
[31m+   "rating 79 at 31, top 98: 78",[39m
[31m+   "rating 80 at 31, top 98: 79",[39m
[31m+   "rating 81 at 31, top 98: 80",[39m
[31m+   "rating 82 at 31, top 98: 81",[39m
[31m+   "rating 83 at 31, top 98: 82",[39m
[31m+   "rating 84 at 31, top 98: 83",[39m
[31m+   "rating 85 at 31, top 98: 84",[39m
[31m+   "rating 86 at 31, top 98: 85",[39m
[31m+   "rating 87 at 31, top 98: 86",[39m
[31m+   "rating 88 at 31, top 98: 87",[39m
[31m+   "rating 89 at 31, top 98: 88",[39m
[31m+   "rating 90 at 31, top 98: 89",[39m
[31m+   "rating 91 at 31, top 98: 90",[39m
[31m+   "rating 92 at 31, top 98: 91",[39m
[31m+   "rating 93 at 31, top 98: 92",[39m
[31m+   "rating 94 at 31, top 98: 93",[39m
[31m+   "rating 95 at 31, top 98: 94",[39m
[31m+   "rating 96 at 31, top 98: 95",[39m
[31m+   "rating 97 at 31, top 98: 96",[39m
[31m+   "rating 98 at 31, top 98: 98",[39m
[31m+   "rating 50 at 32, top 98: 49",[39m
[31m+   "rating 51 at 32, top 98: 50",[39m
[31m+   "rating 52 at 32, top 98: 51",[39m
[31m+   "rating 53 at 32, top 98: 52",[39m
[31m+   "rating 54 at 32, top 98: 53",[39m
[31m+   "rating 55 at 32, top 98: 54",[39m
[31m+   "rating 56 at 32, top 98: 55",[39m
[31m+   "rating 57 at 32, top 98: 56",[39m
[31m+   "rating 58 at 32, top 98: 57",[39m
[31m+   "rating 59 at 32, top 98: 58",[39m
[31m+   "rating 60 at 32, top 98: 59",[39m
[31m+   "rating 61 at 32, top 98: 60",[39m
[31m+   "rating 62 at 32, top 98: 61",[39m
[31m+   "rating 63 at 32, top 98: 62",[39m
[31m+   "rating 64 at 32, top 98: 63",[39m
[31m+   "rating 65 at 32, top 98: 64",[39m
[31m+   "rating 66 at 32, top 98: 65",[39m
[31m+   "rating 67 at 32, top 98: 66",[39m
[31m+   "rating 68 at 32, top 98: 67",[39m
[31m+   "rating 69 at 32, top 98: 68",[39m
[31m+   "rating 70 at 32, top 98: 69",[39m
[31m+   "rating 71 at 32, top 98: 70",[39m
[31m+   "rating 72 at 32, top 98: 71",[39m
[31m+   "rating 73 at 32, top 98: 72",[39m
[31m+   "rating 74 at 32, top 98: 73",[39m
[31m+   "rating 75 at 32, top 98: 74",[39m
[31m+   "rating 76 at 32, top 98: 75",[39m
[31m+   "rating 77 at 32, top 98: 76",[39m
[31m+   "rating 78 at 32, top 98: 77",[39m
[31m+   "rating 79 at 32, top 98: 78",[39m
[31m+   "rating 80 at 32, top 98: 79",[39m
[31m+   "rating 81 at 32, top 98: 80",[39m
[31m+   "rating 82 at 32, top 98: 81",[39m
[31m+   "rating 83 at 32, top 98: 82",[39m
[31m+   "rating 84 at 32, top 98: 83",[39m
[31m+   "rating 85 at 32, top 98: 84",[39m
[31m+   "rating 86 at 32, top 98: 85",[39m
[31m+   "rating 87 at 32, top 98: 86",[39m
[31m+   "rating 88 at 32, top 98: 87",[39m
[31m+   "rating 89 at 32, top 98: 88",[39m
[31m+   "rating 90 at 32, top 98: 89",[39m
[31m+   "rating 91 at 32, top 98: 90",[39m
[31m+   "rating 92 at 32, top 98: 91",[39m
[31m+   "rating 93 at 32, top 98: 92",[39m
[31m+   "rating 94 at 32, top 98: 93",[39m
[31m+   "rating 95 at 32, top 98: 94",[39m
[31m+   "rating 96 at 32, top 98: 95",[39m
[31m+   "rating 97 at 32, top 98: 96",[39m
[31m+   "rating 98 at 32, top 98: 98",[39m
[31m+   "rating 51 at 33, top 98: 49",[39m
[31m+   "rating 52 at 33, top 98: 50",[39m
[31m+   "rating 53 at 33, top 98: 51",[39m
[31m+   "rating 54 at 33, top 98: 52",[39m
[31m+   "rating 55 at 33, top 98: 53",[39m
[31m+   "rating 56 at 33, top 98: 54",[39m
[31m+   "rating 57 at 33, top 98: 55",[39m
[31m+   "rating 58 at 33, top 98: 56",[39m
[31m+   "rating 59 at 33, top 98: 57",[39m
[31m+   "rating 60 at 33, top 98: 58",[39m
[31m+   "rating 61 at 33, top 98: 59",[39m
[31m+   "rating 62 at 33, top 98: 60",[39m
[31m+   "rating 63 at 33, top 98: 61",[39m
[31m+   "rating 64 at 33, top 98: 62",[39m
[31m+   "rating 65 at 33, top 98: 63",[39m
[31m+   "rating 66 at 33, top 98: 64",[39m
[31m+   "rating 67 at 33, top 98: 65",[39m
[31m+   "rating 68 at 33, top 98: 66",[39m
[31m+   "rating 69 at 33, top 98: 67",[39m
[31m+   "rating 70 at 33, top 98: 68",[39m
[31m+   "rating 71 at 33, top 98: 69",[39m
[31m+   "rating 72 at 33, top 98: 70",[39m
[31m+   "rating 73 at 33, top 98: 71",[39m
[31m+   "rating 74 at 33, top 98: 72",[39m
[31m+   "rating 75 at 33, top 98: 73",[39m
[31m+   "rating 76 at 33, top 98: 74",[39m
[31m+   "rating 77 at 33, top 98: 75",[39m
[31m+   "rating 78 at 33, top 98: 76",[39m
[31m+   "rating 79 at 33, top 98: 77",[39m
[31m+   "rating 80 at 33, top 98: 78",[39m
[31m+   "rating 81 at 33, top 98: 79",[39m
[31m+   "rating 82 at 33, top 98: 80",[39m
[31m+   "rating 83 at 33, top 98: 81",[39m
[31m+   "rating 84 at 33, top 98: 82",[39m
[31m+   "rating 85 at 33, top 98: 83",[39m
[31m+   "rating 86 at 33, top 98: 84",[39m
[31m+   "rating 87 at 33, top 98: 85",[39m
[31m+   "rating 88 at 33, top 98: 86",[39m
[31m+   "rating 89 at 33, top 98: 87",[39m
[31m+   "rating 90 at 33, top 98: 88",[39m
[31m+   "rating 91 at 33, top 98: 89",[39m
[31m+   "rating 92 at 33, top 98: 90",[39m
[31m+   "rating 93 at 33, top 98: 91",[39m
[31m+   "rating 94 at 33, top 98: 92",[39m
[31m+   "rating 95 at 33, top 98: 93",[39m
[31m+   "rating 96 at 33, top 98: 94",[39m
[31m+   "rating 97 at 33, top 98: 95",[39m
[31m+   "rating 98 at 33, top 98: 98",[39m
[31m+   "rating 52 at 34, top 98: 49",[39m
[31m+   "rating 53 at 34, top 98: 50",[39m
[31m+   "rating 54 at 34, top 98: 51",[39m
[31m+   "rating 55 at 34, top 98: 52",[39m
[31m+   "rating 56 at 34, top 98: 53",[39m
[31m+   "rating 57 at 34, top 98: 54",[39m
[31m+   "rating 58 at 34, top 98: 55",[39m
[31m+   "rating 59 at 34, top 98: 56",[39m
[31m+   "rating 60 at 34, top 98: 57",[39m
[31m+   "rating 61 at 34, top 98: 58",[39m
[31m+   "rating 62 at 34, top 98: 59",[39m
[31m+   "rating 63 at 34, top 98: 60",[39m
[31m+   "rating 64 at 34, top 98: 61",[39m
[31m+   "rating 65 at 34, top 98: 62",[39m
[31m+   "rating 66 at 34, top 98: 63",[39m
[31m+   "rating 67 at 34, top 98: 64",[39m
[31m+   "rating 68 at 34, top 98: 65",[39m
[31m+   "rating 69 at 34, top 98: 66",[39m
[31m+   "rating 70 at 34, top 98: 67",[39m
[31m+   "rating 71 at 34, top 98: 68",[39m
[31m+   "rating 72 at 34, top 98: 69",[39m
[31m+   "rating 73 at 34, top 98: 70",[39m
[31m+   "rating 74 at 34, top 98: 71",[39m
[31m+   "rating 75 at 34, top 98: 72",[39m
[31m+   "rating 76 at 34, top 98: 73",[39m
[31m+   "rating 77 at 34, top 98: 74",[39m
[31m+   "rating 78 at 34, top 98: 75",[39m
[31m+   "rating 79 at 34, top 98: 76",[39m
[31m+   "rating 80 at 34, top 98: 77",[39m
[31m+   "rating 81 at 34, top 98: 78",[39m
[31m+   "rating 82 at 34, top 98: 79",[39m
[31m+   "rating 83 at 34, top 98: 80",[39m
[31m+   "rating 84 at 34, top 98: 81",[39m
[31m+   "rating 85 at 34, top 98: 82",[39m
[31m+   "rating 86 at 34, top 98: 83",[39m
[31m+   "rating 87 at 34, top 98: 84",[39m
[31m+   "rating 88 at 34, top 98: 85",[39m
[31m+   "rating 89 at 34, top 98: 86",[39m
[31m+   "rating 90 at 34, top 98: 87",[39m
[31m+   "rating 91 at 34, top 98: 88",[39m
[31m+   "rating 92 at 34, top 98: 89",[39m
[31m+   "rating 93 at 34, top 98: 90",[39m
[31m+   "rating 94 at 34, top 98: 91",[39m
[31m+   "rating 95 at 34, top 98: 92",[39m
[31m+   "rating 96 at 34, top 98: 93",[39m
[31m+   "rating 97 at 34, top 98: 94",[39m
[31m+   "rating 98 at 34, top 98: 98",[39m
[31m+   "rating 53 at 35, top 98: 49",[39m
[31m+   "rating 54 at 35, top 98: 50",[39m
[31m+   "rating 55 at 35, top 98: 51",[39m
[31m+   "rating 56 at 35, top 98: 52",[39m
[31m+   "rating 57 at 35, top 98: 53",[39m
[31m+   "rating 58 at 35, top 98: 54",[39m
[31m+   "rating 59 at 35, top 98: 55",[39m
[31m+   "rating 60 at 35, top 98: 56",[39m
[31m+   "rating 61 at 35, top 98: 57",[39m
[31m+   "rating 62 at 35, top 98: 58",[39m
[31m+   "rating 63 at 35, top 98: 59",[39m
[31m+   "rating 64 at 35, top 98: 60",[39m
[31m+   "rating 65 at 35, top 98: 61",[39m
[31m+   "rating 66 at 35, top 98: 62",[39m
[31m+   "rating 67 at 35, top 98: 63",[39m
[31m+   "rating 68 at 35, top 98: 64",[39m
[31m+   "rating 69 at 35, top 98: 65",[39m
[31m+   "rating 70 at 35, top 98: 66",[39m
[31m+   "rating 71 at 35, top 98: 67",[39m
[31m+   "rating 72 at 35, top 98: 68",[39m
[31m+   "rating 73 at 35, top 98: 69",[39m
[31m+   "rating 74 at 35, top 98: 70",[39m
[31m+   "rating 75 at 35, top 98: 71",[39m
[31m+   "rating 76 at 35, top 98: 72",[39m
[31m+   "rating 77 at 35, top 98: 73",[39m
[31m+   "rating 78 at 35, top 98: 74",[39m
[31m+   "rating 79 at 35, top 98: 75",[39m
[31m+   "rating 80 at 35, top 98: 76",[39m
[31m+   "rating 81 at 35, top 98: 77",[39m
[31m+   "rating 82 at 35, top 98: 78",[39m
[31m+   "rating 83 at 35, top 98: 79",[39m
[31m+   "rating 84 at 35, top 98: 80",[39m
[31m+   "rating 85 at 35, top 98: 81",[39m
[31m+   "rating 86 at 35, top 98: 82",[39m
[31m+   "rating 87 at 35, top 98: 83",[39m
[31m+   "rating 88 at 35, top 98: 84",[39m
[31m+   "rating 89 at 35, top 98: 85",[39m
[31m+   "rating 90 at 35, top 98: 86",[39m
[31m+   "rating 91 at 35, top 98: 87",[39m
[31m+   "rating 92 at 35, top 98: 88",[39m
[31m+   "rating 93 at 35, top 98: 89",[39m
[31m+   "rating 94 at 35, top 98: 90",[39m
[31m+   "rating 95 at 35, top 98: 91",[39m
[31m+   "rating 96 at 35, top 98: 92",[39m
[31m+   "rating 97 at 35, top 98: 93",[39m
[31m+   "rating 98 at 35, top 98: 98",[39m
[31m+   "rating 54 at 36, top 98: 49",[39m
[31m+   "rating 55 at 36, top 98: 50",[39m
[31m+   "rating 56 at 36, top 98: 51",[39m
[31m+   "rating 57 at 36, top 98: 52",[39m
[31m+   "rating 58 at 36, top 98: 53",[39m
[31m+   "rating 59 at 36, top 98: 54",[39m
[31m+   "rating 60 at 36, top 98: 55",[39m
[31m+   "rating 61 at 36, top 98: 56",[39m
[31m+   "rating 62 at 36, top 98: 57",[39m
[31m+   "rating 63 at 36, top 98: 58",[39m
[31m+   "rating 64 at 36, top 98: 59",[39m
[31m+   "rating 65 at 36, top 98: 60",[39m
[31m+   "rating 66 at 36, top 98: 61",[39m
[31m+   "rating 67 at 36, top 98: 62",[39m
[31m+   "rating 68 at 36, top 98: 63",[39m
[31m+   "rating 69 at 36, top 98: 64",[39m
[31m+   "rating 70 at 36, top 98: 65",[39m
[31m+   "rating 71 at 36, top 98: 66",[39m
[31m+   "rating 72 at 36, top 98: 67",[39m
[31m+   "rating 73 at 36, top 98: 68",[39m
[31m+   "rating 74 at 36, top 98: 69",[39m
[31m+   "rating 75 at 36, top 98: 70",[39m
[31m+   "rating 76 at 36, top 98: 71",[39m
[31m+   "rating 77 at 36, top 98: 72",[39m
[31m+   "rating 78 at 36, top 98: 73",[39m
[31m+   "rating 79 at 36, top 98: 74",[39m
[31m+   "rating 80 at 36, top 98: 75",[39m
[31m+   "rating 81 at 36, top 98: 76",[39m
[31m+   "rating 82 at 36, top 98: 77",[39m
[31m+   "rating 83 at 36, top 98: 78",[39m
[31m+   "rating 84 at 36, top 98: 79",[39m
[31m+   "rating 85 at 36, top 98: 80",[39m
[31m+   "rating 86 at 36, top 98: 81",[39m
[31m+   "rating 87 at 36, top 98: 82",[39m
[31m+   "rating 88 at 36, top 98: 83",[39m
[31m+   "rating 89 at 36, top 98: 84",[39m
[31m+   "rating 90 at 36, top 98: 85",[39m
[31m+   "rating 91 at 36, top 98: 86",[39m
[31m+   "rating 92 at 36, top 98: 87",[39m
[31m+   "rating 93 at 36, top 98: 88",[39m
[31m+   "rating 94 at 36, top 98: 89",[39m
[31m+   "rating 95 at 36, top 98: 90",[39m
[31m+   "rating 96 at 36, top 98: 91",[39m
[31m+   "rating 97 at 36, top 98: 92",[39m
[31m+   "rating 98 at 36, top 98: 98",[39m
[31m+   "rating 55 at 37, top 98: 49",[39m
[31m+   "rating 56 at 37, top 98: 50",[39m
[31m+   "rating 57 at 37, top 98: 51",[39m
[31m+   "rating 58 at 37, top 98: 52",[39m
[31m+   "rating 59 at 37, top 98: 53",[39m
[31m+   "rating 60 at 37, top 98: 54",[39m
[31m+   "rating 61 at 37, top 98: 55",[39m
[31m+   "rating 62 at 37, top 98: 56",[39m
[31m+   "rating 63 at 37, top 98: 57",[39m
[31m+   "rating 64 at 37, top 98: 58",[39m
[31m+   "rating 65 at 37, top 98: 59",[39m
[31m+   "rating 66 at 37, top 98: 60",[39m
[31m+   "rating 67 at 37, top 98: 61",[39m
[31m+   "rating 68 at 37, top 98: 62",[39m
[31m+   "rating 69 at 37, top 98: 63",[39m
[31m+   "rating 70 at 37, top 98: 64",[39m
[31m+   "rating 71 at 37, top 98: 65",[39m
[31m+   "rating 72 at 37, top 98: 66",[39m
[31m+   "rating 73 at 37, top 98: 67",[39m
[31m+   "rating 74 at 37, top 98: 68",[39m
[31m+   "rating 75 at 37, top 98: 69",[39m
[31m+   "rating 76 at 37, top 98: 70",[39m
[31m+   "rating 77 at 37, top 98: 71",[39m
[31m+   "rating 78 at 37, top 98: 72",[39m
[31m+   "rating 79 at 37, top 98: 73",[39m
[31m+   "rating 80 at 37, top 98: 74",[39m
[31m+   "rating 81 at 37, top 98: 75",[39m
[31m+   "rating 82 at 37, top 98: 76",[39m
[31m+   "rating 83 at 37, top 98: 77",[39m
[31m+   "rating 84 at 37, top 98: 78",[39m
[31m+   "rating 85 at 37, top 98: 79",[39m
[31m+   "rating 86 at 37, top 98: 80",[39m
[31m+   "rating 87 at 37, top 98: 81",[39m
[31m+   "rating 88 at 37, top 98: 82",[39m
[31m+   "rating 89 at 37, top 98: 83",[39m
[31m+   "rating 90 at 37, top 98: 84",[39m
[31m+   "rating 91 at 37, top 98: 85",[39m
[31m+   "rating 92 at 37, top 98: 86",[39m
[31m+   "rating 93 at 37, top 98: 87",[39m
[31m+   "rating 94 at 37, top 98: 88",[39m
[31m+   "rating 95 at 37, top 98: 89",[39m
[31m+   "rating 96 at 37, top 98: 90",[39m
[31m+   "rating 97 at 37, top 98: 91",[39m
[31m+   "rating 98 at 37, top 98: 98",[39m
[31m+   "rating 56 at 38, top 98: 49",[39m
[31m+   "rating 57 at 38, top 98: 50",[39m
[31m+   "rating 58 at 38, top 98: 51",[39m
[31m+   "rating 59 at 38, top 98: 52",[39m
[31m+   "rating 60 at 38, top 98: 53",[39m
[31m+   "rating 61 at 38, top 98: 54",[39m
[31m+   "rating 62 at 38, top 98: 55",[39m
[31m+   "rating 63 at 38, top 98: 56",[39m
[31m+   "rating 64 at 38, top 98: 57",[39m
[31m+   "rating 65 at 38, top 98: 58",[39m
[31m+   "rating 66 at 38, top 98: 59",[39m
[31m+   "rating 67 at 38, top 98: 60",[39m
[31m+   "rating 68 at 38, top 98: 61",[39m
[31m+   "rating 69 at 38, top 98: 62",[39m
[31m+   "rating 70 at 38, top 98: 63",[39m
[31m+   "rating 71 at 38, top 98: 64",[39m
[31m+   "rating 72 at 38, top 98: 65",[39m
[31m+   "rating 73 at 38, top 98: 66",[39m
[31m+   "rating 74 at 38, top 98: 67",[39m
[31m+   "rating 75 at 38, top 98: 68",[39m
[31m+   "rating 76 at 38, top 98: 69",[39m
[31m+   "rating 77 at 38, top 98: 70",[39m
[31m+   "rating 78 at 38, top 98: 71",[39m
[31m+   "rating 79 at 38, top 98: 72",[39m
[31m+   "rating 80 at 38, top 98: 73",[39m
[31m+   "rating 81 at 38, top 98: 74",[39m
[31m+   "rating 82 at 38, top 98: 75",[39m
[31m+   "rating 83 at 38, top 98: 76",[39m
[31m+   "rating 84 at 38, top 98: 77",[39m
[31m+   "rating 85 at 38, top 98: 78",[39m
[31m+   "rating 86 at 38, top 98: 79",[39m
[31m+   "rating 87 at 38, top 98: 80",[39m
[31m+   "rating 88 at 38, top 98: 81",[39m
[31m+   "rating 89 at 38, top 98: 82",[39m
[31m+   "rating 90 at 38, top 98: 83",[39m
[31m+   "rating 91 at 38, top 98: 84",[39m
[31m+   "rating 92 at 38, top 98: 85",[39m
[31m+   "rating 93 at 38, top 98: 86",[39m
[31m+   "rating 94 at 38, top 98: 87",[39m
[31m+   "rating 95 at 38, top 98: 88",[39m
[31m+   "rating 96 at 38, top 98: 89",[39m
[31m+   "rating 97 at 38, top 98: 90",[39m
[31m+   "rating 98 at 38, top 98: 98",[39m
[31m+   "rating 56 at 39, top 98: 49",[39m
[31m+   "rating 57 at 39, top 98: 50",[39m
[31m+   "rating 58 at 39, top 98: 51",[39m
[31m+   "rating 59 at 39, top 98: 52",[39m
[31m+   "rating 60 at 39, top 98: 53",[39m
[31m+   "rating 61 at 39, top 98: 54",[39m
[31m+   "rating 62 at 39, top 98: 55",[39m
[31m+   "rating 63 at 39, top 98: 56",[39m
[31m+   "rating 64 at 39, top 98: 57",[39m
[31m+   "rating 65 at 39, top 98: 58",[39m
[31m+   "rating 66 at 39, top 98: 59",[39m
[31m+   "rating 67 at 39, top 98: 60",[39m
[31m+   "rating 68 at 39, top 98: 61",[39m
[31m+   "rating 69 at 39, top 98: 62",[39m
[31m+   "rating 70 at 39, top 98: 63",[39m
[31m+   "rating 71 at 39, top 98: 64",[39m
[31m+   "rating 72 at 39, top 98: 65",[39m
[31m+   "rating 73 at 39, top 98: 66",[39m
[31m+   "rating 74 at 39, top 98: 67",[39m
[31m+   "rating 75 at 39, top 98: 68",[39m
[31m+   "rating 76 at 39, top 98: 69",[39m
[31m+   "rating 77 at 39, top 98: 70",[39m
[31m+   "rating 78 at 39, top 98: 71",[39m
[31m+   "rating 79 at 39, top 98: 72",[39m
[31m+   "rating 80 at 39, top 98: 73",[39m
[31m+   "rating 81 at 39, top 98: 74",[39m
[31m+   "rating 82 at 39, top 98: 75",[39m
[31m+   "rating 83 at 39, top 98: 76",[39m
[31m+   "rating 84 at 39, top 98: 77",[39m
[31m+   "rating 85 at 39, top 98: 78",[39m
[31m+   "rating 86 at 39, top 98: 79",[39m
[31m+   "rating 87 at 39, top 98: 80",[39m
[31m+   "rating 88 at 39, top 98: 81",[39m
[31m+   "rating 89 at 39, top 98: 82",[39m
[31m+   "rating 90 at 39, top 98: 83",[39m
[31m+   "rating 91 at 39, top 98: 84",[39m
[31m+   "rating 92 at 39, top 98: 85",[39m
[31m+   "rating 93 at 39, top 98: 86",[39m
[31m+   "rating 94 at 39, top 98: 87",[39m
[31m+   "rating 95 at 39, top 98: 88",[39m
[31m+   "rating 96 at 39, top 98: 89",[39m
[31m+   "rating 97 at 39, top 98: 90",[39m
[31m+   "rating 98 at 39, top 98: 98",[39m
[31m+   "rating 56 at 40, top 98: 49",[39m
[31m+   "rating 57 at 40, top 98: 50",[39m
[31m+   "rating 58 at 40, top 98: 51",[39m
[31m+   "rating 59 at 40, top 98: 52",[39m
[31m+   "rating 60 at 40, top 98: 53",[39m
[31m+   "rating 61 at 40, top 98: 54",[39m
[31m+   "rating 62 at 40, top 98: 55",[39m
[31m+   "rating 63 at 40, top 98: 56",[39m
[31m+   "rating 64 at 40, top 98: 57",[39m
[31m+   "rating 65 at 40, top 98: 58",[39m
[31m+   "rating 66 at 40, top 98: 59",[39m
[31m+   "rating 67 at 40, top 98: 60",[39m
[31m+   "rating 68 at 40, top 98: 61",[39m
[31m+   "rating 69 at 40, top 98: 62",[39m
[31m+   "rating 70 at 40, top 98: 63",[39m
[31m+   "rating 71 at 40, top 98: 64",[39m
[31m+   "rating 72 at 40, top 98: 65",[39m
[31m+   "rating 73 at 40, top 98: 66",[39m
[31m+   "rating 74 at 40, top 98: 67",[39m
[31m+   "rating 75 at 40, top 98: 68",[39m
[31m+   "rating 76 at 40, top 98: 69",[39m
[31m+   "rating 77 at 40, top 98: 70",[39m
[31m+   "rating 78 at 40, top 98: 71",[39m
[31m+   "rating 79 at 40, top 98: 72",[39m
[31m+   "rating 80 at 40, top 98: 73",[39m
[31m+   "rating 81 at 40, top 98: 74",[39m
[31m+   "rating 82 at 40, top 98: 75",[39m
[31m+   "rating 83 at 40, top 98: 76",[39m
[31m+   "rating 84 at 40, top 98: 77",[39m
[31m+   "rating 85 at 40, top 98: 78",[39m
[31m+   "rating 86 at 40, top 98: 79",[39m
[31m+   "rating 87 at 40, top 98: 80",[39m
[31m+   "rating 88 at 40, top 98: 81",[39m
[31m+   "rating 89 at 40, top 98: 82",[39m
[31m+   "rating 90 at 40, top 98: 83",[39m
[31m+   "rating 91 at 40, top 98: 84",[39m
[31m+   "rating 92 at 40, top 98: 85",[39m
[31m+   "rating 93 at 40, top 98: 86",[39m
[31m+   "rating 94 at 40, top 98: 87",[39m
[31m+   "rating 95 at 40, top 98: 88",[39m
[31m+   "rating 96 at 40, top 98: 89",[39m
[31m+   "rating 97 at 40, top 98: 90",[39m
[31m+   "rating 98 at 40, top 98: 98",[39m
[31m+   "rating 56 at 41, top 98: 49",[39m
[31m+   "rating 57 at 41, top 98: 50",[39m
[31m+   "rating 58 at 41, top 98: 51",[39m
[31m+   "rating 59 at 41, top 98: 52",[39m
[31m+   "rating 60 at 41, top 98: 53",[39m
[31m+   "rating 61 at 41, top 98: 54",[39m
[31m+   "rating 62 at 41, top 98: 55",[39m
[31m+   "rating 63 at 41, top 98: 56",[39m
[31m+   "rating 64 at 41, top 98: 57",[39m
[31m+   "rating 65 at 41, top 98: 58",[39m
[31m+   "rating 66 at 41, top 98: 59",[39m
[31m+   "rating 67 at 41, top 98: 60",[39m
[31m+   "rating 68 at 41, top 98: 61",[39m
[31m+   "rating 69 at 41, top 98: 62",[39m
[31m+   "rating 70 at 41, top 98: 63",[39m
[31m+   "rating 71 at 41, top 98: 64",[39m
[31m+   "rating 72 at 41, top 98: 65",[39m
[31m+   "rating 73 at 41, top 98: 66",[39m
[31m+   "rating 74 at 41, top 98: 67",[39m
[31m+   "rating 75 at 41, top 98: 68",[39m
[31m+   "rating 76 at 41, top 98: 69",[39m
[31m+   "rating 77 at 41, top 98: 70",[39m
[31m+   "rating 78 at 41, top 98: 71",[39m
[31m+   "rating 79 at 41, top 98: 72",[39m
[31m+   "rating 80 at 41, top 98: 73",[39m
[31m+   "rating 81 at 41, top 98: 74",[39m
[31m+   "rating 82 at 41, top 98: 75",[39m
[31m+   "rating 83 at 41, top 98: 76",[39m
[31m+   "rating 84 at 41, top 98: 77",[39m
[31m+   "rating 85 at 41, top 98: 78",[39m
[31m+   "rating 86 at 41, top 98: 79",[39m
[31m+   "rating 87 at 41, top 98: 80",[39m
[31m+   "rating 88 at 41, top 98: 81",[39m
[31m+   "rating 89 at 41, top 98: 82",[39m
[31m+   "rating 90 at 41, top 98: 83",[39m
[31m+   "rating 91 at 41, top 98: 84",[39m
[31m+   "rating 92 at 41, top 98: 85",[39m
[31m+   "rating 93 at 41, top 98: 86",[39m
[31m+   "rating 94 at 41, top 98: 87",[39m
[31m+   "rating 95 at 41, top 98: 88",[39m
[31m+   "rating 96 at 41, top 98: 89",[39m
[31m+   "rating 97 at 41, top 98: 90",[39m
[31m+   "rating 98 at 41, top 98: 98",[39m
[31m+   "rating 56 at 42, top 98: 49",[39m
[31m+   "rating 57 at 42, top 98: 50",[39m
[31m+   "rating 58 at 42, top 98: 51",[39m
[31m+   "rating 59 at 42, top 98: 52",[39m
[31m+   "rating 60 at 42, top 98: 53",[39m
[31m+   "rating 61 at 42, top 98: 54",[39m
[31m+   "rating 62 at 42, top 98: 55",[39m
[31m+   "rating 63 at 42, top 98: 56",[39m
[31m+   "rating 64 at 42, top 98: 57",[39m
[31m+   "rating 65 at 42, top 98: 58",[39m
[31m+   "rating 66 at 42, top 98: 59",[39m
[31m+   "rating 67 at 42, top 98: 60",[39m
[31m+   "rating 68 at 42, top 98: 61",[39m
[31m+   "rating 69 at 42, top 98: 62",[39m
[31m+   "rating 70 at 42, top 98: 63",[39m
[31m+   "rating 71 at 42, top 98: 64",[39m
[31m+   "rating 72 at 42, top 98: 65",[39m
[31m+   "rating 73 at 42, top 98: 66",[39m
[31m+   "rating 74 at 42, top 98: 67",[39m
[31m+   "rating 75 at 42, top 98: 68",[39m
[31m+   "rating 76 at 42, top 98: 69",[39m
[31m+   "rating 77 at 42, top 98: 70",[39m
[31m+   "rating 78 at 42, top 98: 71",[39m
[31m+   "rating 79 at 42, top 98: 72",[39m
[31m+   "rating 80 at 42, top 98: 73",[39m
[31m+   "rating 81 at 42, top 98: 74",[39m
[31m+   "rating 82 at 42, top 98: 75",[39m
[31m+   "rating 83 at 42, top 98: 76",[39m
[31m+   "rating 84 at 42, top 98: 77",[39m
[31m+   "rating 85 at 42, top 98: 78",[39m
[31m+   "rating 86 at 42, top 98: 79",[39m
[31m+   "rating 87 at 42, top 98: 80",[39m
[31m+   "rating 88 at 42, top 98: 81",[39m
[31m+   "rating 89 at 42, top 98: 82",[39m
[31m+   "rating 90 at 42, top 98: 83",[39m
[31m+   "rating 91 at 42, top 98: 84",[39m
[31m+   "rating 92 at 42, top 98: 85",[39m
[31m+   "rating 93 at 42, top 98: 86",[39m
[31m+   "rating 94 at 42, top 98: 87",[39m
[31m+   "rating 95 at 42, top 98: 88",[39m
[31m+   "rating 96 at 42, top 98: 89",[39m
[31m+   "rating 97 at 42, top 98: 90",[39m
[31m+   "rating 98 at 42, top 98: 98",[39m
[31m+   "rating 56 at 43, top 98: 49",[39m
[31m+   "rating 57 at 43, top 98: 50",[39m
[31m+   "rating 58 at 43, top 98: 51",[39m
[31m+   "rating 59 at 43, top 98: 52",[39m
[31m+   "rating 60 at 43, top 98: 53",[39m
[31m+   "rating 61 at 43, top 98: 54",[39m
[31m+   "rating 62 at 43, top 98: 55",[39m
[31m+   "rating 63 at 43, top 98: 56",[39m
[31m+   "rating 64 at 43, top 98: 57",[39m
[31m+   "rating 65 at 43, top 98: 58",[39m
[31m+   "rating 66 at 43, top 98: 59",[39m
[31m+   "rating 67 at 43, top 98: 60",[39m
[31m+   "rating 68 at 43, top 98: 61",[39m
[31m+   "rating 69 at 43, top 98: 62",[39m
[31m+   "rating 70 at 43, top 98: 63",[39m
[31m+   "rating 71 at 43, top 98: 64",[39m
[31m+   "rating 72 at 43, top 98: 65",[39m
[31m+   "rating 73 at 43, top 98: 66",[39m
[31m+   "rating 74 at 43, top 98: 67",[39m
[31m+   "rating 75 at 43, top 98: 68",[39m
[31m+   "rating 76 at 43, top 98: 69",[39m
[31m+   "rating 77 at 43, top 98: 70",[39m
[31m+   "rating 78 at 43, top 98: 71",[39m
[31m+   "rating 79 at 43, top 98: 72",[39m
[31m+   "rating 80 at 43, top 98: 73",[39m
[31m+   "rating 81 at 43, top 98: 74",[39m
[31m+   "rating 82 at 43, top 98: 75",[39m
[31m+   "rating 83 at 43, top 98: 76",[39m
[31m+   "rating 84 at 43, top 98: 77",[39m
[31m+   "rating 85 at 43, top 98: 78",[39m
[31m+   "rating 86 at 43, top 98: 79",[39m
[31m+   "rating 87 at 43, top 98: 80",[39m
[31m+   "rating 88 at 43, top 98: 81",[39m
[31m+   "rating 89 at 43, top 98: 82",[39m
[31m+   "rating 90 at 43, top 98: 83",[39m
[31m+   "rating 91 at 43, top 98: 84",[39m
[31m+   "rating 92 at 43, top 98: 85",[39m
[31m+   "rating 93 at 43, top 98: 86",[39m
[31m+   "rating 94 at 43, top 98: 87",[39m
[31m+   "rating 95 at 43, top 98: 88",[39m
[31m+   "rating 96 at 43, top 98: 89",[39m
[31m+   "rating 97 at 43, top 98: 90",[39m
[31m+   "rating 98 at 43, top 98: 98",[39m
[31m+   "rating 56 at 44, top 98: 49",[39m
[31m+   "rating 57 at 44, top 98: 50",[39m
[31m+   "rating 58 at 44, top 98: 51",[39m
[31m+   "rating 59 at 44, top 98: 52",[39m
[31m+   "rating 60 at 44, top 98: 53",[39m
[31m+   "rating 61 at 44, top 98: 54",[39m
[31m+   "rating 62 at 44, top 98: 55",[39m
[31m+   "rating 63 at 44, top 98: 56",[39m
[31m+   "rating 64 at 44, top 98: 57",[39m
[31m+   "rating 65 at 44, top 98: 58",[39m
[31m+   "rating 66 at 44, top 98: 59",[39m
[31m+   "rating 67 at 44, top 98: 60",[39m
[31m+   "rating 68 at 44, top 98: 61",[39m
[31m+   "rating 69 at 44, top 98: 62",[39m
[31m+   "rating 70 at 44, top 98: 63",[39m
[31m+   "rating 71 at 44, top 98: 64",[39m
[31m+   "rating 72 at 44, top 98: 65",[39m
[31m+   "rating 73 at 44, top 98: 66",[39m
[31m+   "rating 74 at 44, top 98: 67",[39m
[31m+   "rating 75 at 44, top 98: 68",[39m
[31m+   "rating 76 at 44, top 98: 69",[39m
[31m+   "rating 77 at 44, top 98: 70",[39m
[31m+   "rating 78 at 44, top 98: 71",[39m
[31m+   "rating 79 at 44, top 98: 72",[39m
[31m+   "rating 80 at 44, top 98: 73",[39m
[31m+   "rating 81 at 44, top 98: 74",[39m
[31m+   "rating 82 at 44, top 98: 75",[39m
[31m+   "rating 83 at 44, top 98: 76",[39m
[31m+   "rating 84 at 44, top 98: 77",[39m
[31m+   "rating 85 at 44, top 98: 78",[39m
[31m+   "rating 86 at 44, top 98: 79",[39m
[31m+   "rating 87 at 44, top 98: 80",[39m
[31m+   "rating 88 at 44, top 98: 81",[39m
[31m+   "rating 89 at 44, top 98: 82",[39m
[31m+   "rating 90 at 44, top 98: 83",[39m
[31m+   "rating 91 at 44, top 98: 84",[39m
[31m+   "rating 92 at 44, top 98: 85",[39m
[31m+   "rating 93 at 44, top 98: 86",[39m
[31m+   "rating 94 at 44, top 98: 87",[39m
[31m+   "rating 95 at 44, top 98: 88",[39m
[31m+   "rating 96 at 44, top 98: 89",[39m
[31m+   "rating 97 at 44, top 98: 90",[39m
[31m+   "rating 98 at 44, top 98: 98",[39m
[31m+   "rating 56 at 45, top 98: 49",[39m
[31m+   "rating 57 at 45, top 98: 50",[39m
[31m+   "rating 58 at 45, top 98: 51",[39m
[31m+   "rating 59 at 45, top 98: 52",[39m
[31m+   "rating 60 at 45, top 98: 53",[39m
[31m+   "rating 61 at 45, top 98: 54",[39m
[31m+   "rating 62 at 45, top 98: 55",[39m
[31m+   "rating 63 at 45, top 98: 56",[39m
[31m+   "rating 64 at 45, top 98: 57",[39m
[31m+   "rating 65 at 45, top 98: 58",[39m
[31m+   "rating 66 at 45, top 98: 59",[39m
[31m+   "rating 67 at 45, top 98: 60",[39m
[31m+   "rating 68 at 45, top 98: 61",[39m
[31m+   "rating 69 at 45, top 98: 62",[39m
[31m+   "rating 70 at 45, top 98: 63",[39m
[31m+   "rating 71 at 45, top 98: 64",[39m
[31m+   "rating 72 at 45, top 98: 65",[39m
[31m+   "rating 73 at 45, top 98: 66",[39m
[31m+   "rating 74 at 45, top 98: 67",[39m
[31m+   "rating 75 at 45, top 98: 68",[39m
[31m+   "rating 76 at 45, top 98: 69",[39m
[31m+   "rating 77 at 45, top 98: 70",[39m
[31m+   "rating 78 at 45, top 98: 71",[39m
[31m+   "rating 79 at 45, top 98: 72",[39m
[31m+   "rating 80 at 45, top 98: 73",[39m
[31m+   "rating 81 at 45, top 98: 74",[39m
[31m+   "rating 82 at 45, top 98: 75",[39m
[31m+   "rating 83 at 45, top 98: 76",[39m
[31m+   "rating 84 at 45, top 98: 77",[39m
[31m+   "rating 85 at 45, top 98: 78",[39m
[31m+   "rating 86 at 45, top 98: 79",[39m
[31m+   "rating 87 at 45, top 98: 80",[39m
[31m+   "rating 88 at 45, top 98: 81",[39m
[31m+   "rating 89 at 45, top 98: 82",[39m
[31m+   "rating 90 at 45, top 98: 83",[39m
[31m+   "rating 91 at 45, top 98: 84",[39m
[31m+   "rating 92 at 45, top 98: 85",[39m
[31m+   "rating 93 at 45, top 98: 86",[39m
[31m+   "rating 94 at 45, top 98: 87",[39m
[31m+   "rating 95 at 45, top 98: 88",[39m
[31m+   "rating 96 at 45, top 98: 89",[39m
[31m+   "rating 97 at 45, top 98: 90",[39m
[31m+   "rating 98 at 45, top 98: 98",[39m
[31m+ ][39m

[36m [2m❯[22m src/test/cmValueCurve.test.ts:[2m345:19[22m[39m
    [90m343| [39m      }
    [90m344| [39m    }
    [90m345| [39m    [34mexpect[39m(wrong)[33m.[39m[34mtoEqual[39m([])[33m;[39m
    [90m   | [39m                  [31m^[39m
    [90m346| [39m  })[33m;[39m
    [90m347| [39m

[31m[2m⎯⎯⎯⎯⎯⎯⎯⎯⎯⎯⎯⎯⎯⎯⎯⎯⎯⎯⎯⎯⎯⎯⎯⎯[2/4]⎯[22m[39m

[41m[1m FAIL [22m[49m src/test/cmValueCurve.test.ts[2m > [22mlevelFrom: the age read run backwards, total[2m > [22mit inverts the read wherever no clamp bit, and the clamped cells are counted
[31m[1mAssertionError[22m: expected [ 'level 48 at 14, top 94', …(1377) ] to deeply equal [][39m

[32m- Expected[39m
[31m+ Received[39m

[32m- [][39m
[31m+ [[39m
[31m+   "level 48 at 14, top 94",[39m
[31m+   "level 49 at 14, top 94",[39m
[31m+   "level 50 at 14, top 94",[39m
[31m+   "level 51 at 14, top 94",[39m
[31m+   "level 52 at 14, top 94",[39m
[31m+   "level 53 at 14, top 94",[39m
[31m+   "level 54 at 14, top 94",[39m
[31m+   "level 55 at 14, top 94",[39m
[31m+   "level 56 at 14, top 94",[39m
[31m+   "level 57 at 14, top 94",[39m
[31m+   "level 58 at 14, top 94",[39m
[31m+   "level 59 at 14, top 94",[39m
[31m+   "level 60 at 14, top 94",[39m
[31m+   "level 61 at 14, top 94",[39m
[31m+   "level 62 at 14, top 94",[39m
[31m+   "level 63 at 14, top 94",[39m
[31m+   "level 64 at 14, top 94",[39m
[31m+   "level 65 at 14, top 94",[39m
[31m+   "level 66 at 14, top 94",[39m
[31m+   "level 67 at 14, top 94",[39m
[31m+   "level 68 at 14, top 94",[39m
[31m+   "level 69 at 14, top 94",[39m
[31m+   "level 70 at 14, top 94",[39m
[31m+   "level 71 at 14, top 94",[39m
[31m+   "level 72 at 14, top 94",[39m
[31m+   "level 73 at 14, top 94",[39m
[31m+   "level 74 at 14, top 94",[39m
[31m+   "level 75 at 14, top 94",[39m
[31m+   "level 76 at 14, top 94",[39m
[31m+   "level 77 at 14, top 94",[39m
[31m+   "level 78 at 14, top 94",[39m
[31m+   "level 79 at 14, top 94",[39m
[31m+   "level 80 at 14, top 94",[39m
[31m+   "level 81 at 14, top 94",[39m
[31m+   "level 82 at 14, top 94",[39m
[31m+   "level 83 at 14, top 94",[39m
[31m+   "level 84 at 14, top 94",[39m
[31m+   "level 85 at 14, top 94",[39m
[31m+   "level 86 at 14, top 94",[39m
[31m+   "level 87 at 14, top 94",[39m
[31m+   "level 88 at 14, top 94",[39m
[31m+   "level 89 at 14, top 94",[39m
[31m+   "level 90 at 14, top 94",[39m
[31m+   "level 91 at 14, top 94",[39m
[31m+   "level 92 at 14, top 94",[39m
[31m+   "level 93 at 14, top 94",[39m
[31m+   "level 48 at 15, top 94",[39m
[31m+   "level 49 at 15, top 94",[39m
[31m+   "level 50 at 15, top 94",[39m
[31m+   "level 51 at 15, top 94",[39m
[31m+   "level 52 at 15, top 94",[39m
[31m+   "level 53 at 15, top 94",[39m
[31m+   "level 54 at 15, top 94",[39m
[31m+   "level 55 at 15, top 94",[39m
[31m+   "level 56 at 15, top 94",[39m
[31m+   "level 57 at 15, top 94",[39m
[31m+   "level 58 at 15, top 94",[39m
[31m+   "level 59 at 15, top 94",[39m
[31m+   "level 60 at 15, top 94",[39m
[31m+   "level 61 at 15, top 94",[39m
[31m+   "level 62 at 15, top 94",[39m
[31m+   "level 63 at 15, top 94",[39m
[31m+   "level 64 at 15, top 94",[39m
[31m+   "level 65 at 15, top 94",[39m
[31m+   "level 66 at 15, top 94",[39m
[31m+   "level 67 at 15, top 94",[39m
[31m+   "level 68 at 15, top 94",[39m
[31m+   "level 69 at 15, top 94",[39m
[31m+   "level 70 at 15, top 94",[39m
[31m+   "level 71 at 15, top 94",[39m
[31m+   "level 72 at 15, top 94",[39m
[31m+   "level 73 at 15, top 94",[39m
[31m+   "level 74 at 15, top 94",[39m
[31m+   "level 75 at 15, top 94",[39m
[31m+   "level 76 at 15, top 94",[39m
[31m+   "level 77 at 15, top 94",[39m
[31m+   "level 78 at 15, top 94",[39m
[31m+   "level 79 at 15, top 94",[39m
[31m+   "level 80 at 15, top 94",[39m
[31m+   "level 81 at 15, top 94",[39m
[31m+   "level 82 at 15, top 94",[39m
[31m+   "level 83 at 15, top 94",[39m
[31m+   "level 84 at 15, top 94",[39m
[31m+   "level 85 at 15, top 94",[39m
[31m+   "level 86 at 15, top 94",[39m
[31m+   "level 87 at 15, top 94",[39m
[31m+   "level 88 at 15, top 94",[39m
[31m+   "level 89 at 15, top 94",[39m
[31m+   "level 90 at 15, top 94",[39m
[31m+   "level 91 at 15, top 94",[39m
[31m+   "level 92 at 15, top 94",[39m
[31m+   "level 93 at 15, top 94",[39m
[31m+   "level 48 at 16, top 94",[39m
[31m+   "level 49 at 16, top 94",[39m
[31m+   "level 50 at 16, top 94",[39m
[31m+   "level 51 at 16, top 94",[39m
[31m+   "level 52 at 16, top 94",[39m
[31m+   "level 53 at 16, top 94",[39m
[31m+   "level 54 at 16, top 94",[39m
[31m+   "level 55 at 16, top 94",[39m
[31m+   "level 56 at 16, top 94",[39m
[31m+   "level 57 at 16, top 94",[39m
[31m+   "level 58 at 16, top 94",[39m
[31m+   "level 59 at 16, top 94",[39m
[31m+   "level 60 at 16, top 94",[39m
[31m+   "level 61 at 16, top 94",[39m
[31m+   "level 62 at 16, top 94",[39m
[31m+   "level 63 at 16, top 94",[39m
[31m+   "level 64 at 16, top 94",[39m
[31m+   "level 65 at 16, top 94",[39m
[31m+   "level 66 at 16, top 94",[39m
[31m+   "level 67 at 16, top 94",[39m
[31m+   "level 68 at 16, top 94",[39m
[31m+   "level 69 at 16, top 94",[39m
[31m+   "level 70 at 16, top 94",[39m
[31m+   "level 71 at 16, top 94",[39m
[31m+   "level 72 at 16, top 94",[39m
[31m+   "level 73 at 16, top 94",[39m
[31m+   "level 74 at 16, top 94",[39m
[31m+   "level 75 at 16, top 94",[39m
[31m+   "level 76 at 16, top 94",[39m
[31m+   "level 77 at 16, top 94",[39m
[31m+   "level 78 at 16, top 94",[39m
[31m+   "level 79 at 16, top 94",[39m
[31m+   "level 80 at 16, top 94",[39m
[31m+   "level 81 at 16, top 94",[39m
[31m+   "level 82 at 16, top 94",[39m
[31m+   "level 83 at 16, top 94",[39m
[31m+   "level 84 at 16, top 94",[39m
[31m+   "level 85 at 16, top 94",[39m
[31m+   "level 86 at 16, top 94",[39m
[31m+   "level 87 at 16, top 94",[39m
[31m+   "level 88 at 16, top 94",[39m
[31m+   "level 89 at 16, top 94",[39m
[31m+   "level 90 at 16, top 94",[39m
[31m+   "level 91 at 16, top 94",[39m
[31m+   "level 92 at 16, top 94",[39m
[31m+   "level 93 at 16, top 94",[39m
[31m+   "level 48 at 17, top 94",[39m
[31m+   "level 49 at 17, top 94",[39m
[31m+   "level 50 at 17, top 94",[39m
[31m+   "level 51 at 17, top 94",[39m
[31m+   "level 52 at 17, top 94",[39m
[31m+   "level 53 at 17, top 94",[39m
[31m+   "level 54 at 17, top 94",[39m
[31m+   "level 55 at 17, top 94",[39m
[31m+   "level 56 at 17, top 94",[39m
[31m+   "level 57 at 17, top 94",[39m
[31m+   "level 58 at 17, top 94",[39m
[31m+   "level 59 at 17, top 94",[39m
[31m+   "level 60 at 17, top 94",[39m
[31m+   "level 61 at 17, top 94",[39m
[31m+   "level 62 at 17, top 94",[39m
[31m+   "level 63 at 17, top 94",[39m
[31m+   "level 64 at 17, top 94",[39m
[31m+   "level 65 at 17, top 94",[39m
[31m+   "level 66 at 17, top 94",[39m
[31m+   "level 67 at 17, top 94",[39m
[31m+   "level 68 at 17, top 94",[39m
[31m+   "level 69 at 17, top 94",[39m
[31m+   "level 70 at 17, top 94",[39m
[31m+   "level 71 at 17, top 94",[39m
[31m+   "level 72 at 17, top 94",[39m
[31m+   "level 73 at 17, top 94",[39m
[31m+   "level 74 at 17, top 94",[39m
[31m+   "level 75 at 17, top 94",[39m
[31m+   "level 76 at 17, top 94",[39m
[31m+   "level 77 at 17, top 94",[39m
[31m+   "level 78 at 17, top 94",[39m
[31m+   "level 79 at 17, top 94",[39m
[31m+   "level 80 at 17, top 94",[39m
[31m+   "level 81 at 17, top 94",[39m
[31m+   "level 82 at 17, top 94",[39m
[31m+   "level 83 at 17, top 94",[39m
[31m+   "level 84 at 17, top 94",[39m
[31m+   "level 85 at 17, top 94",[39m
[31m+   "level 86 at 17, top 94",[39m
[31m+   "level 87 at 17, top 94",[39m
[31m+   "level 88 at 17, top 94",[39m
[31m+   "level 89 at 17, top 94",[39m
[31m+   "level 90 at 17, top 94",[39m
[31m+   "level 91 at 17, top 94",[39m
[31m+   "level 92 at 17, top 94",[39m
[31m+   "level 93 at 17, top 94",[39m
[31m+   "level 48 at 18, top 94",[39m
[31m+   "level 49 at 18, top 94",[39m
[31m+   "level 50 at 18, top 94",[39m
[31m+   "level 51 at 18, top 94",[39m
[31m+   "level 52 at 18, top 94",[39m
[31m+   "level 53 at 18, top 94",[39m
[31m+   "level 54 at 18, top 94",[39m
[31m+   "level 55 at 18, top 94",[39m
[31m+   "level 56 at 18, top 94",[39m
[31m+   "level 57 at 18, top 94",[39m
[31m+   "level 58 at 18, top 94",[39m
[31m+   "level 59 at 18, top 94",[39m
[31m+   "level 60 at 18, top 94",[39m
[31m+   "level 61 at 18, top 94",[39m
[31m+   "level 62 at 18, top 94",[39m
[31m+   "level 63 at 18, top 94",[39m
[31m+   "level 64 at 18, top 94",[39m
[31m+   "level 65 at 18, top 94",[39m
[31m+   "level 66 at 18, top 94",[39m
[31m+   "level 67 at 18, top 94",[39m
[31m+   "level 68 at 18, top 94",[39m
[31m+   "level 69 at 18, top 94",[39m
[31m+   "level 70 at 18, top 94",[39m
[31m+   "level 71 at 18, top 94",[39m
[31m+   "level 72 at 18, top 94",[39m
[31m+   "level 73 at 18, top 94",[39m
[31m+   "level 74 at 18, top 94",[39m
[31m+   "level 75 at 18, top 94",[39m
[31m+   "level 76 at 18, top 94",[39m
[31m+   "level 77 at 18, top 94",[39m
[31m+   "level 78 at 18, top 94",[39m
[31m+   "level 79 at 18, top 94",[39m
[31m+   "level 80 at 18, top 94",[39m
[31m+   "level 81 at 18, top 94",[39m
[31m+   "level 82 at 18, top 94",[39m
[31m+   "level 83 at 18, top 94",[39m
[31m+   "level 84 at 18, top 94",[39m
[31m+   "level 85 at 18, top 94",[39m
[31m+   "level 86 at 18, top 94",[39m
[31m+   "level 87 at 18, top 94",[39m
[31m+   "level 88 at 18, top 94",[39m
[31m+   "level 89 at 18, top 94",[39m
[31m+   "level 90 at 18, top 94",[39m
[31m+   "level 91 at 18, top 94",[39m
[31m+   "level 92 at 18, top 94",[39m
[31m+   "level 93 at 18, top 94",[39m
[31m+   "level 48 at 19, top 94",[39m
[31m+   "level 49 at 19, top 94",[39m
[31m+   "level 50 at 19, top 94",[39m
[31m+   "level 51 at 19, top 94",[39m
[31m+   "level 52 at 19, top 94",[39m
[31m+   "level 53 at 19, top 94",[39m
[31m+   "level 54 at 19, top 94",[39m
[31m+   "level 55 at 19, top 94",[39m
[31m+   "level 56 at 19, top 94",[39m
[31m+   "level 57 at 19, top 94",[39m
[31m+   "level 58 at 19, top 94",[39m
[31m+   "level 59 at 19, top 94",[39m
[31m+   "level 60 at 19, top 94",[39m
[31m+   "level 61 at 19, top 94",[39m
[31m+   "level 62 at 19, top 94",[39m
[31m+   "level 63 at 19, top 94",[39m
[31m+   "level 64 at 19, top 94",[39m
[31m+   "level 65 at 19, top 94",[39m
[31m+   "level 66 at 19, top 94",[39m
[31m+   "level 67 at 19, top 94",[39m
[31m+   "level 68 at 19, top 94",[39m
[31m+   "level 69 at 19, top 94",[39m
[31m+   "level 70 at 19, top 94",[39m
[31m+   "level 71 at 19, top 94",[39m
[31m+   "level 72 at 19, top 94",[39m
[31m+   "level 73 at 19, top 94",[39m
[31m+   "level 74 at 19, top 94",[39m
[31m+   "level 75 at 19, top 94",[39m
[31m+   "level 76 at 19, top 94",[39m
[31m+   "level 77 at 19, top 94",[39m
[31m+   "level 78 at 19, top 94",[39m
[31m+   "level 79 at 19, top 94",[39m
[31m+   "level 80 at 19, top 94",[39m
[31m+   "level 81 at 19, top 94",[39m
[31m+   "level 82 at 19, top 94",[39m
[31m+   "level 83 at 19, top 94",[39m
[31m+   "level 84 at 19, top 94",[39m
[31m+   "level 85 at 19, top 94",[39m
[31m+   "level 86 at 19, top 94",[39m
[31m+   "level 87 at 19, top 94",[39m
[31m+   "level 88 at 19, top 94",[39m
[31m+   "level 89 at 19, top 94",[39m
[31m+   "level 90 at 19, top 94",[39m
[31m+   "level 91 at 19, top 94",[39m
[31m+   "level 92 at 19, top 94",[39m
[31m+   "level 93 at 19, top 94",[39m
[31m+   "level 48 at 20, top 94",[39m
[31m+   "level 49 at 20, top 94",[39m
[31m+   "level 50 at 20, top 94",[39m
[31m+   "level 51 at 20, top 94",[39m
[31m+   "level 52 at 20, top 94",[39m
[31m+   "level 53 at 20, top 94",[39m
[31m+   "level 54 at 20, top 94",[39m
[31m+   "level 55 at 20, top 94",[39m
[31m+   "level 56 at 20, top 94",[39m
[31m+   "level 57 at 20, top 94",[39m
[31m+   "level 58 at 20, top 94",[39m
[31m+   "level 59 at 20, top 94",[39m
[31m+   "level 60 at 20, top 94",[39m
[31m+   "level 61 at 20, top 94",[39m
[31m+   "level 62 at 20, top 94",[39m
[31m+   "level 63 at 20, top 94",[39m
[31m+   "level 64 at 20, top 94",[39m
[31m+   "level 65 at 20, top 94",[39m
[31m+   "level 66 at 20, top 94",[39m
[31m+   "level 67 at 20, top 94",[39m
[31m+   "level 68 at 20, top 94",[39m
[31m+   "level 69 at 20, top 94",[39m
[31m+   "level 70 at 20, top 94",[39m
[31m+   "level 71 at 20, top 94",[39m
[31m+   "level 72 at 20, top 94",[39m
[31m+   "level 73 at 20, top 94",[39m
[31m+   "level 74 at 20, top 94",[39m
[31m+   "level 75 at 20, top 94",[39m
[31m+   "level 76 at 20, top 94",[39m
[31m+   "level 77 at 20, top 94",[39m
[31m+   "level 78 at 20, top 94",[39m
[31m+   "level 79 at 20, top 94",[39m
[31m+   "level 80 at 20, top 94",[39m
[31m+   "level 81 at 20, top 94",[39m
[31m+   "level 82 at 20, top 94",[39m
[31m+   "level 83 at 20, top 94",[39m
[31m+   "level 84 at 20, top 94",[39m
[31m+   "level 85 at 20, top 94",[39m
[31m+   "level 86 at 20, top 94",[39m
[31m+   "level 87 at 20, top 94",[39m
[31m+   "level 88 at 20, top 94",[39m
[31m+   "level 89 at 20, top 94",[39m
[31m+   "level 90 at 20, top 94",[39m
[31m+   "level 91 at 20, top 94",[39m
[31m+   "level 92 at 20, top 94",[39m
[31m+   "level 93 at 20, top 94",[39m
[31m+   "level 48 at 21, top 94",[39m
[31m+   "level 49 at 21, top 94",[39m
[31m+   "level 50 at 21, top 94",[39m
[31m+   "level 51 at 21, top 94",[39m
[31m+   "level 52 at 21, top 94",[39m
[31m+   "level 53 at 21, top 94",[39m
[31m+   "level 54 at 21, top 94",[39m
[31m+   "level 55 at 21, top 94",[39m
[31m+   "level 56 at 21, top 94",[39m
[31m+   "level 57 at 21, top 94",[39m
[31m+   "level 58 at 21, top 94",[39m
[31m+   "level 59 at 21, top 94",[39m
[31m+   "level 60 at 21, top 94",[39m
[31m+   "level 61 at 21, top 94",[39m
[31m+   "level 62 at 21, top 94",[39m
[31m+   "level 63 at 21, top 94",[39m
[31m+   "level 64 at 21, top 94",[39m
[31m+   "level 65 at 21, top 94",[39m
[31m+   "level 66 at 21, top 94",[39m
[31m+   "level 67 at 21, top 94",[39m
[31m+   "level 68 at 21, top 94",[39m
[31m+   "level 69 at 21, top 94",[39m
[31m+   "level 70 at 21, top 94",[39m
[31m+   "level 71 at 21, top 94",[39m
[31m+   "level 72 at 21, top 94",[39m
[31m+   "level 73 at 21, top 94",[39m
[31m+   "level 74 at 21, top 94",[39m
[31m+   "level 75 at 21, top 94",[39m
[31m+   "level 76 at 21, top 94",[39m
[31m+   "level 77 at 21, top 94",[39m
[31m+   "level 78 at 21, top 94",[39m
[31m+   "level 79 at 21, top 94",[39m
[31m+   "level 80 at 21, top 94",[39m
[31m+   "level 81 at 21, top 94",[39m
[31m+   "level 82 at 21, top 94",[39m
[31m+   "level 83 at 21, top 94",[39m
[31m+   "level 84 at 21, top 94",[39m
[31m+   "level 85 at 21, top 94",[39m
[31m+   "level 86 at 21, top 94",[39m
[31m+   "level 87 at 21, top 94",[39m
[31m+   "level 88 at 21, top 94",[39m
[31m+   "level 89 at 21, top 94",[39m
[31m+   "level 90 at 21, top 94",[39m
[31m+   "level 91 at 21, top 94",[39m
[31m+   "level 92 at 21, top 94",[39m
[31m+   "level 93 at 21, top 94",[39m
[31m+   "level 48 at 22, top 94",[39m
[31m+   "level 49 at 22, top 94",[39m
[31m+   "level 50 at 22, top 94",[39m
[31m+   "level 51 at 22, top 94",[39m
[31m+   "level 52 at 22, top 94",[39m
[31m+   "level 53 at 22, top 94",[39m
[31m+   "level 54 at 22, top 94",[39m
[31m+   "level 55 at 22, top 94",[39m
[31m+   "level 56 at 22, top 94",[39m
[31m+   "level 57 at 22, top 94",[39m
[31m+   "level 58 at 22, top 94",[39m
[31m+   "level 59 at 22, top 94",[39m
[31m+   "level 60 at 22, top 94",[39m
[31m+   "level 61 at 22, top 94",[39m
[31m+   "level 62 at 22, top 94",[39m
[31m+   "level 63 at 22, top 94",[39m
[31m+   "level 64 at 22, top 94",[39m
[31m+   "level 65 at 22, top 94",[39m
[31m+   "level 66 at 22, top 94",[39m
[31m+   "level 67 at 22, top 94",[39m
[31m+   "level 68 at 22, top 94",[39m
[31m+   "level 69 at 22, top 94",[39m
[31m+   "level 70 at 22, top 94",[39m
[31m+   "level 71 at 22, top 94",[39m
[31m+   "level 72 at 22, top 94",[39m
[31m+   "level 73 at 22, top 94",[39m
[31m+   "level 74 at 22, top 94",[39m
[31m+   "level 75 at 22, top 94",[39m
[31m+   "level 76 at 22, top 94",[39m
[31m+   "level 77 at 22, top 94",[39m
[31m+   "level 78 at 22, top 94",[39m
[31m+   "level 79 at 22, top 94",[39m
[31m+   "level 80 at 22, top 94",[39m
[31m+   "level 81 at 22, top 94",[39m
[31m+   "level 82 at 22, top 94",[39m
[31m+   "level 83 at 22, top 94",[39m
[31m+   "level 84 at 22, top 94",[39m
[31m+   "level 85 at 22, top 94",[39m
[31m+   "level 86 at 22, top 94",[39m
[31m+   "level 87 at 22, top 94",[39m
[31m+   "level 88 at 22, top 94",[39m
[31m+   "level 89 at 22, top 94",[39m
[31m+   "level 90 at 22, top 94",[39m
[31m+   "level 91 at 22, top 94",[39m
[31m+   "level 92 at 22, top 94",[39m
[31m+   "level 93 at 22, top 94",[39m
[31m+   "level 48 at 23, top 94",[39m
[31m+   "level 49 at 23, top 94",[39m
[31m+   "level 50 at 23, top 94",[39m
[31m+   "level 51 at 23, top 94",[39m
[31m+   "level 52 at 23, top 94",[39m
[31m+   "level 53 at 23, top 94",[39m
[31m+   "level 54 at 23, top 94",[39m
[31m+   "level 55 at 23, top 94",[39m
[31m+   "level 56 at 23, top 94",[39m
[31m+   "level 57 at 23, top 94",[39m
[31m+   "level 58 at 23, top 94",[39m
[31m+   "level 59 at 23, top 94",[39m
[31m+   "level 60 at 23, top 94",[39m
[31m+   "level 61 at 23, top 94",[39m
[31m+   "level 62 at 23, top 94",[39m
[31m+   "level 63 at 23, top 94",[39m
[31m+   "level 64 at 23, top 94",[39m
[31m+   "level 65 at 23, top 94",[39m
[31m+   "level 66 at 23, top 94",[39m
[31m+   "level 67 at 23, top 94",[39m
[31m+   "level 68 at 23, top 94",[39m
[31m+   "level 69 at 23, top 94",[39m
[31m+   "level 70 at 23, top 94",[39m
[31m+   "level 71 at 23, top 94",[39m
[31m+   "level 72 at 23, top 94",[39m
[31m+   "level 73 at 23, top 94",[39m
[31m+   "level 74 at 23, top 94",[39m
[31m+   "level 75 at 23, top 94",[39m
[31m+   "level 76 at 23, top 94",[39m
[31m+   "level 77 at 23, top 94",[39m
[31m+   "level 78 at 23, top 94",[39m
[31m+   "level 79 at 23, top 94",[39m
[31m+   "level 80 at 23, top 94",[39m
[31m+   "level 81 at 23, top 94",[39m
[31m+   "level 82 at 23, top 94",[39m
[31m+   "level 83 at 23, top 94",[39m
[31m+   "level 84 at 23, top 94",[39m
[31m+   "level 85 at 23, top 94",[39m
[31m+   "level 86 at 23, top 94",[39m
[31m+   "level 87 at 23, top 94",[39m
[31m+   "level 88 at 23, top 94",[39m
[31m+   "level 89 at 23, top 94",[39m
[31m+   "level 90 at 23, top 94",[39m
[31m+   "level 91 at 23, top 94",[39m
[31m+   "level 92 at 23, top 94",[39m
[31m+   "level 93 at 23, top 94",[39m
[31m+   "level 48 at 24, top 94",[39m
[31m+   "level 49 at 24, top 94",[39m
[31m+   "level 50 at 24, top 94",[39m
[31m+   "level 51 at 24, top 94",[39m
[31m+   "level 52 at 24, top 94",[39m
[31m+   "level 53 at 24, top 94",[39m
[31m+   "level 54 at 24, top 94",[39m
[31m+   "level 55 at 24, top 94",[39m
[31m+   "level 56 at 24, top 94",[39m
[31m+   "level 57 at 24, top 94",[39m
[31m+   "level 58 at 24, top 94",[39m
[31m+   "level 59 at 24, top 94",[39m
[31m+   "level 60 at 24, top 94",[39m
[31m+   "level 61 at 24, top 94",[39m
[31m+   "level 62 at 24, top 94",[39m
[31m+   "level 63 at 24, top 94",[39m
[31m+   "level 64 at 24, top 94",[39m
[31m+   "level 65 at 24, top 94",[39m
[31m+   "level 66 at 24, top 94",[39m
[31m+   "level 67 at 24, top 94",[39m
[31m+   "level 68 at 24, top 94",[39m
[31m+   "level 69 at 24, top 94",[39m
[31m+   "level 70 at 24, top 94",[39m
[31m+   "level 71 at 24, top 94",[39m
[31m+   "level 72 at 24, top 94",[39m
[31m+   "level 73 at 24, top 94",[39m
[31m+   "level 74 at 24, top 94",[39m
[31m+   "level 75 at 24, top 94",[39m
[31m+   "level 76 at 24, top 94",[39m
[31m+   "level 77 at 24, top 94",[39m
[31m+   "level 78 at 24, top 94",[39m
[31m+   "level 79 at 24, top 94",[39m
[31m+   "level 80 at 24, top 94",[39m
[31m+   "level 81 at 24, top 94",[39m
[31m+   "level 82 at 24, top 94",[39m
[31m+   "level 83 at 24, top 94",[39m
[31m+   "level 84 at 24, top 94",[39m
[31m+   "level 85 at 24, top 94",[39m
[31m+   "level 86 at 24, top 94",[39m
[31m+   "level 87 at 24, top 94",[39m
[31m+   "level 88 at 24, top 94",[39m
[31m+   "level 89 at 24, top 94",[39m
[31m+   "level 90 at 24, top 94",[39m
[31m+   "level 91 at 24, top 94",[39m
[31m+   "level 92 at 24, top 94",[39m
[31m+   "level 93 at 24, top 94",[39m
[31m+   "level 48 at 25, top 94",[39m
[31m+   "level 49 at 25, top 94",[39m
[31m+   "level 50 at 25, top 94",[39m
[31m+   "level 51 at 25, top 94",[39m
[31m+   "level 52 at 25, top 94",[39m
[31m+   "level 53 at 25, top 94",[39m
[31m+   "level 54 at 25, top 94",[39m
[31m+   "level 55 at 25, top 94",[39m
[31m+   "level 56 at 25, top 94",[39m
[31m+   "level 57 at 25, top 94",[39m
[31m+   "level 58 at 25, top 94",[39m
[31m+   "level 59 at 25, top 94",[39m
[31m+   "level 60 at 25, top 94",[39m
[31m+   "level 61 at 25, top 94",[39m
[31m+   "level 62 at 25, top 94",[39m
[31m+   "level 63 at 25, top 94",[39m
[31m+   "level 64 at 25, top 94",[39m
[31m+   "level 65 at 25, top 94",[39m
[31m+   "level 66 at 25, top 94",[39m
[31m+   "level 67 at 25, top 94",[39m
[31m+   "level 68 at 25, top 94",[39m
[31m+   "level 69 at 25, top 94",[39m
[31m+   "level 70 at 25, top 94",[39m
[31m+   "level 71 at 25, top 94",[39m
[31m+   "level 72 at 25, top 94",[39m
[31m+   "level 73 at 25, top 94",[39m
[31m+   "level 74 at 25, top 94",[39m
[31m+   "level 75 at 25, top 94",[39m
[31m+   "level 76 at 25, top 94",[39m
[31m+   "level 77 at 25, top 94",[39m
[31m+   "level 78 at 25, top 94",[39m
[31m+   "level 79 at 25, top 94",[39m
[31m+   "level 80 at 25, top 94",[39m
[31m+   "level 81 at 25, top 94",[39m
[31m+   "level 82 at 25, top 94",[39m
[31m+   "level 83 at 25, top 94",[39m
[31m+   "level 84 at 25, top 94",[39m
[31m+   "level 85 at 25, top 94",[39m
[31m+   "level 86 at 25, top 94",[39m
[31m+   "level 87 at 25, top 94",[39m
[31m+   "level 88 at 25, top 94",[39m
[31m+   "level 89 at 25, top 94",[39m
[31m+   "level 90 at 25, top 94",[39m
[31m+   "level 91 at 25, top 94",[39m
[31m+   "level 92 at 25, top 94",[39m
[31m+   "level 93 at 25, top 94",[39m
[31m+   "level 48 at 26, top 94",[39m
[31m+   "level 49 at 26, top 94",[39m
[31m+   "level 50 at 26, top 94",[39m
[31m+   "level 51 at 26, top 94",[39m
[31m+   "level 52 at 26, top 94",[39m
[31m+   "level 53 at 26, top 94",[39m
[31m+   "level 54 at 26, top 94",[39m
[31m+   "level 55 at 26, top 94",[39m
[31m+   "level 56 at 26, top 94",[39m
[31m+   "level 57 at 26, top 94",[39m
[31m+   "level 58 at 26, top 94",[39m
[31m+   "level 59 at 26, top 94",[39m
[31m+   "level 60 at 26, top 94",[39m
[31m+   "level 61 at 26, top 94",[39m
[31m+   "level 62 at 26, top 94",[39m
[31m+   "level 63 at 26, top 94",[39m
[31m+   "level 64 at 26, top 94",[39m
[31m+   "level 65 at 26, top 94",[39m
[31m+   "level 66 at 26, top 94",[39m
[31m+   "level 67 at 26, top 94",[39m
[31m+   "level 68 at 26, top 94",[39m
[31m+   "level 69 at 26, top 94",[39m
[31m+   "level 70 at 26, top 94",[39m
[31m+   "level 71 at 26, top 94",[39m
[31m+   "level 72 at 26, top 94",[39m
[31m+   "level 73 at 26, top 94",[39m
[31m+   "level 74 at 26, top 94",[39m
[31m+   "level 75 at 26, top 94",[39m
[31m+   "level 76 at 26, top 94",[39m
[31m+   "level 77 at 26, top 94",[39m
[31m+   "level 78 at 26, top 94",[39m
[31m+   "level 79 at 26, top 94",[39m
[31m+   "level 80 at 26, top 94",[39m
[31m+   "level 81 at 26, top 94",[39m
[31m+   "level 82 at 26, top 94",[39m
[31m+   "level 83 at 26, top 94",[39m
[31m+   "level 84 at 26, top 94",[39m
[31m+   "level 85 at 26, top 94",[39m
[31m+   "level 86 at 26, top 94",[39m
[31m+   "level 87 at 26, top 94",[39m
[31m+   "level 88 at 26, top 94",[39m
[31m+   "level 89 at 26, top 94",[39m
[31m+   "level 90 at 26, top 94",[39m
[31m+   "level 91 at 26, top 94",[39m
[31m+   "level 92 at 26, top 94",[39m
[31m+   "level 93 at 26, top 94",[39m
[31m+   "level 48 at 27, top 94",[39m
[31m+   "level 49 at 27, top 94",[39m
[31m+   "level 50 at 27, top 94",[39m
[31m+   "level 51 at 27, top 94",[39m
[31m+   "level 52 at 27, top 94",[39m
[31m+   "level 53 at 27, top 94",[39m
[31m+   "level 54 at 27, top 94",[39m
[31m+   "level 55 at 27, top 94",[39m
[31m+   "level 56 at 27, top 94",[39m
[31m+   "level 57 at 27, top 94",[39m
[31m+   "level 58 at 27, top 94",[39m
[31m+   "level 59 at 27, top 94",[39m
[31m+   "level 60 at 27, top 94",[39m
[31m+   "level 61 at 27, top 94",[39m
[31m+   "level 62 at 27, top 94",[39m
[31m+   "level 63 at 27, top 94",[39m
[31m+   "level 64 at 27, top 94",[39m
[31m+   "level 65 at 27, top 94",[39m
[31m+   "level 66 at 27, top 94",[39m
[31m+   "level 67 at 27, top 94",[39m
[31m+   "level 68 at 27, top 94",[39m
[31m+   "level 69 at 27, top 94",[39m
[31m+   "level 70 at 27, top 94",[39m
[31m+   "level 71 at 27, top 94",[39m
[31m+   "level 72 at 27, top 94",[39m
[31m+   "level 73 at 27, top 94",[39m
[31m+   "level 74 at 27, top 94",[39m
[31m+   "level 75 at 27, top 94",[39m
[31m+   "level 76 at 27, top 94",[39m
[31m+   "level 77 at 27, top 94",[39m
[31m+   "level 78 at 27, top 94",[39m
[31m+   "level 79 at 27, top 94",[39m
[31m+   "level 80 at 27, top 94",[39m
[31m+   "level 81 at 27, top 94",[39m
[31m+   "level 82 at 27, top 94",[39m
[31m+   "level 83 at 27, top 94",[39m
[31m+   "level 84 at 27, top 94",[39m
[31m+   "level 85 at 27, top 94",[39m
[31m+   "level 86 at 27, top 94",[39m
[31m+   "level 87 at 27, top 94",[39m
[31m+   "level 88 at 27, top 94",[39m
[31m+   "level 89 at 27, top 94",[39m
[31m+   "level 90 at 27, top 94",[39m
[31m+   "level 91 at 27, top 94",[39m
[31m+   "level 92 at 27, top 94",[39m
[31m+   "level 93 at 27, top 94",[39m
[31m+   "level 48 at 28, top 94",[39m
[31m+   "level 49 at 28, top 94",[39m
[31m+   "level 50 at 28, top 94",[39m
[31m+   "level 51 at 28, top 94",[39m
[31m+   "level 52 at 28, top 94",[39m
[31m+   "level 53 at 28, top 94",[39m
[31m+   "level 54 at 28, top 94",[39m
[31m+   "level 55 at 28, top 94",[39m
[31m+   "level 56 at 28, top 94",[39m
[31m+   "level 57 at 28, top 94",[39m
[31m+   "level 58 at 28, top 94",[39m
[31m+   "level 59 at 28, top 94",[39m
[31m+   "level 60 at 28, top 94",[39m
[31m+   "level 61 at 28, top 94",[39m
[31m+   "level 62 at 28, top 94",[39m
[31m+   "level 63 at 28, top 94",[39m
[31m+   "level 64 at 28, top 94",[39m
[31m+   "level 65 at 28, top 94",[39m
[31m+   "level 66 at 28, top 94",[39m
[31m+   "level 67 at 28, top 94",[39m
[31m+   "level 68 at 28, top 94",[39m
[31m+   "level 69 at 28, top 94",[39m
[31m+   "level 70 at 28, top 94",[39m
[31m+   "level 71 at 28, top 94",[39m
[31m+   "level 72 at 28, top 94",[39m
[31m+   "level 73 at 28, top 94",[39m
[31m+   "level 74 at 28, top 94",[39m
[31m+   "level 75 at 28, top 94",[39m
[31m+   "level 76 at 28, top 94",[39m
[31m+   "level 77 at 28, top 94",[39m
[31m+   "level 78 at 28, top 94",[39m
[31m+   "level 79 at 28, top 94",[39m
[31m+   "level 80 at 28, top 94",[39m
[31m+   "level 81 at 28, top 94",[39m
[31m+   "level 82 at 28, top 94",[39m
[31m+   "level 83 at 28, top 94",[39m
[31m+   "level 84 at 28, top 94",[39m
[31m+   "level 85 at 28, top 94",[39m
[31m+   "level 86 at 28, top 94",[39m
[31m+   "level 87 at 28, top 94",[39m
[31m+   "level 88 at 28, top 94",[39m
[31m+   "level 89 at 28, top 94",[39m
[31m+   "level 90 at 28, top 94",[39m
[31m+   "level 91 at 28, top 94",[39m
[31m+   "level 92 at 28, top 94",[39m
[31m+   "level 93 at 28, top 94",[39m
[31m+   "level 48 at 29, top 94",[39m
[31m+   "level 49 at 29, top 94",[39m
[31m+   "level 50 at 29, top 94",[39m
[31m+   "level 51 at 29, top 94",[39m
[31m+   "level 52 at 29, top 94",[39m
[31m+   "level 53 at 29, top 94",[39m
[31m+   "level 54 at 29, top 94",[39m
[31m+   "level 55 at 29, top 94",[39m
[31m+   "level 56 at 29, top 94",[39m
[31m+   "level 57 at 29, top 94",[39m
[31m+   "level 58 at 29, top 94",[39m
[31m+   "level 59 at 29, top 94",[39m
[31m+   "level 60 at 29, top 94",[39m
[31m+   "level 61 at 29, top 94",[39m
[31m+   "level 62 at 29, top 94",[39m
[31m+   "level 63 at 29, top 94",[39m
[31m+   "level 64 at 29, top 94",[39m
[31m+   "level 65 at 29, top 94",[39m
[31m+   "level 66 at 29, top 94",[39m
[31m+   "level 67 at 29, top 94",[39m
[31m+   "level 68 at 29, top 94",[39m
[31m+   "level 69 at 29, top 94",[39m
[31m+   "level 70 at 29, top 94",[39m
[31m+   "level 71 at 29, top 94",[39m
[31m+   "level 72 at 29, top 94",[39m
[31m+   "level 73 at 29, top 94",[39m
[31m+   "level 74 at 29, top 94",[39m
[31m+   "level 75 at 29, top 94",[39m
[31m+   "level 76 at 29, top 94",[39m
[31m+   "level 77 at 29, top 94",[39m
[31m+   "level 78 at 29, top 94",[39m
[31m+   "level 79 at 29, top 94",[39m
[31m+   "level 80 at 29, top 94",[39m
[31m+   "level 81 at 29, top 94",[39m
[31m+   "level 82 at 29, top 94",[39m
[31m+   "level 83 at 29, top 94",[39m
[31m+   "level 84 at 29, top 94",[39m
[31m+   "level 85 at 29, top 94",[39m
[31m+   "level 86 at 29, top 94",[39m
[31m+   "level 87 at 29, top 94",[39m
[31m+   "level 88 at 29, top 94",[39m
[31m+   "level 89 at 29, top 94",[39m
[31m+   "level 90 at 29, top 94",[39m
[31m+   "level 91 at 29, top 94",[39m
[31m+   "level 92 at 29, top 94",[39m
[31m+   "level 93 at 29, top 94",[39m
[31m+   "level 48 at 30, top 94",[39m
[31m+   "level 49 at 30, top 94",[39m
[31m+   "level 50 at 30, top 94",[39m
[31m+   "level 51 at 30, top 94",[39m
[31m+   "level 52 at 30, top 94",[39m
[31m+   "level 53 at 30, top 94",[39m
[31m+   "level 54 at 30, top 94",[39m
[31m+   "level 55 at 30, top 94",[39m
[31m+   "level 56 at 30, top 94",[39m
[31m+   "level 57 at 30, top 94",[39m
[31m+   "level 58 at 30, top 94",[39m
[31m+   "level 59 at 30, top 94",[39m
[31m+   "level 60 at 30, top 94",[39m
[31m+   "level 61 at 30, top 94",[39m
[31m+   "level 62 at 30, top 94",[39m
[31m+   "level 63 at 30, top 94",[39m
[31m+   "level 64 at 30, top 94",[39m
[31m+   "level 65 at 30, top 94",[39m
[31m+   "level 66 at 30, top 94",[39m
[31m+   "level 67 at 30, top 94",[39m
[31m+   "level 68 at 30, top 94",[39m
[31m+   "level 69 at 30, top 94",[39m
[31m+   "level 70 at 30, top 94",[39m
[31m+   "level 71 at 30, top 94",[39m
[31m+   "level 72 at 30, top 94",[39m
[31m+   "level 73 at 30, top 94",[39m
[31m+   "level 74 at 30, top 94",[39m
[31m+   "level 75 at 30, top 94",[39m
[31m+   "level 76 at 30, top 94",[39m
[31m+   "level 77 at 30, top 94",[39m
[31m+   "level 78 at 30, top 94",[39m
[31m+   "level 79 at 30, top 94",[39m
[31m+   "level 80 at 30, top 94",[39m
[31m+   "level 81 at 30, top 94",[39m
[31m+   "level 82 at 30, top 94",[39m
[31m+   "level 83 at 30, top 94",[39m
[31m+   "level 84 at 30, top 94",[39m
[31m+   "level 85 at 30, top 94",[39m
[31m+   "level 86 at 30, top 94",[39m
[31m+   "level 87 at 30, top 94",[39m
[31m+   "level 88 at 30, top 94",[39m
[31m+   "level 89 at 30, top 94",[39m
[31m+   "level 90 at 30, top 94",[39m
[31m+   "level 91 at 30, top 94",[39m
[31m+   "level 92 at 30, top 94",[39m
[31m+   "level 48 at 31, top 94",[39m
[31m+   "level 49 at 31, top 94",[39m
[31m+   "level 50 at 31, top 94",[39m
[31m+   "level 51 at 31, top 94",[39m
[31m+   "level 52 at 31, top 94",[39m
[31m+   "level 53 at 31, top 94",[39m
[31m+   "level 54 at 31, top 94",[39m
[31m+   "level 55 at 31, top 94",[39m
[31m+   "level 56 at 31, top 94",[39m
[31m+   "level 57 at 31, top 94",[39m
[31m+   "level 58 at 31, top 94",[39m
[31m+   "level 59 at 31, top 94",[39m
[31m+   "level 60 at 31, top 94",[39m
[31m+   "level 61 at 31, top 94",[39m
[31m+   "level 62 at 31, top 94",[39m
[31m+   "level 63 at 31, top 94",[39m
[31m+   "level 64 at 31, top 94",[39m
[31m+   "level 65 at 31, top 94",[39m
[31m+   "level 66 at 31, top 94",[39m
[31m+   "level 67 at 31, top 94",[39m
[31m+   "level 68 at 31, top 94",[39m
[31m+   "level 69 at 31, top 94",[39m
[31m+   "level 70 at 31, top 94",[39m
[31m+   "level 71 at 31, top 94",[39m
[31m+   "level 72 at 31, top 94",[39m
[31m+   "level 73 at 31, top 94",[39m
[31m+   "level 74 at 31, top 94",[39m
[31m+   "level 75 at 31, top 94",[39m
[31m+   "level 76 at 31, top 94",[39m
[31m+   "level 77 at 31, top 94",[39m
[31m+   "level 78 at 31, top 94",[39m
[31m+   "level 79 at 31, top 94",[39m
[31m+   "level 80 at 31, top 94",[39m
[31m+   "level 81 at 31, top 94",[39m
[31m+   "level 82 at 31, top 94",[39m
[31m+   "level 83 at 31, top 94",[39m
[31m+   "level 84 at 31, top 94",[39m
[31m+   "level 85 at 31, top 94",[39m
[31m+   "level 86 at 31, top 94",[39m
[31m+   "level 87 at 31, top 94",[39m
[31m+   "level 88 at 31, top 94",[39m
[31m+   "level 89 at 31, top 94",[39m
[31m+   "level 90 at 31, top 94",[39m
[31m+   "level 91 at 31, top 94",[39m
[31m+   "level 48 at 32, top 94",[39m
[31m+   "level 49 at 32, top 94",[39m
[31m+   "level 50 at 32, top 94",[39m
[31m+   "level 51 at 32, top 94",[39m
[31m+   "level 52 at 32, top 94",[39m
[31m+   "level 53 at 32, top 94",[39m
[31m+   "level 54 at 32, top 94",[39m
[31m+   "level 55 at 32, top 94",[39m
[31m+   "level 56 at 32, top 94",[39m
[31m+   "level 57 at 32, top 94",[39m
[31m+   "level 58 at 32, top 94",[39m
[31m+   "level 59 at 32, top 94",[39m
[31m+   "level 60 at 32, top 94",[39m
[31m+   "level 61 at 32, top 94",[39m
[31m+   "level 62 at 32, top 94",[39m
[31m+   "level 63 at 32, top 94",[39m
[31m+   "level 64 at 32, top 94",[39m
[31m+   "level 65 at 32, top 94",[39m
[31m+   "level 66 at 32, top 94",[39m
[31m+   "level 67 at 32, top 94",[39m
[31m+   "level 68 at 32, top 94",[39m
[31m+   "level 69 at 32, top 94",[39m
[31m+   "level 70 at 32, top 94",[39m
[31m+   "level 71 at 32, top 94",[39m
[31m+   "level 72 at 32, top 94",[39m
[31m+   "level 73 at 32, top 94",[39m
[31m+   "level 74 at 32, top 94",[39m
[31m+   "level 75 at 32, top 94",[39m
[31m+   "level 76 at 32, top 94",[39m
[31m+   "level 77 at 32, top 94",[39m
[31m+   "level 78 at 32, top 94",[39m
[31m+   "level 79 at 32, top 94",[39m
[31m+   "level 80 at 32, top 94",[39m
[31m+   "level 81 at 32, top 94",[39m
[31m+   "level 82 at 32, top 94",[39m
[31m+   "level 83 at 32, top 94",[39m
[31m+   "level 84 at 32, top 94",[39m
[31m+   "level 85 at 32, top 94",[39m
[31m+   "level 86 at 32, top 94",[39m
[31m+   "level 87 at 32, top 94",[39m
[31m+   "level 88 at 32, top 94",[39m
[31m+   "level 89 at 32, top 94",[39m
[31m+   "level 90 at 32, top 94",[39m
[31m+   "level 91 at 32, top 94",[39m
[31m+   "level 48 at 33, top 94",[39m
[31m+   "level 49 at 33, top 94",[39m
[31m+   "level 50 at 33, top 94",[39m
[31m+   "level 51 at 33, top 94",[39m
[31m+   "level 52 at 33, top 94",[39m
[31m+   "level 53 at 33, top 94",[39m
[31m+   "level 54 at 33, top 94",[39m
[31m+   "level 55 at 33, top 94",[39m
[31m+   "level 56 at 33, top 94",[39m
[31m+   "level 57 at 33, top 94",[39m
[31m+   "level 58 at 33, top 94",[39m
[31m+   "level 59 at 33, top 94",[39m
[31m+   "level 60 at 33, top 94",[39m
[31m+   "level 61 at 33, top 94",[39m
[31m+   "level 62 at 33, top 94",[39m
[31m+   "level 63 at 33, top 94",[39m
[31m+   "level 64 at 33, top 94",[39m
[31m+   "level 65 at 33, top 94",[39m
[31m+   "level 66 at 33, top 94",[39m
[31m+   "level 67 at 33, top 94",[39m
[31m+   "level 68 at 33, top 94",[39m
[31m+   "level 69 at 33, top 94",[39m
[31m+   "level 70 at 33, top 94",[39m
[31m+   "level 71 at 33, top 94",[39m
[31m+   "level 72 at 33, top 94",[39m
[31m+   "level 73 at 33, top 94",[39m
[31m+   "level 74 at 33, top 94",[39m
[31m+   "level 75 at 33, top 94",[39m
[31m+   "level 76 at 33, top 94",[39m
[31m+   "level 77 at 33, top 94",[39m
[31m+   "level 78 at 33, top 94",[39m
[31m+   "level 79 at 33, top 94",[39m
[31m+   "level 80 at 33, top 94",[39m
[31m+   "level 81 at 33, top 94",[39m
[31m+   "level 82 at 33, top 94",[39m
[31m+   "level 83 at 33, top 94",[39m
[31m+   "level 84 at 33, top 94",[39m
[31m+   "level 85 at 33, top 94",[39m
[31m+   "level 86 at 33, top 94",[39m
[31m+   "level 87 at 33, top 94",[39m
[31m+   "level 88 at 33, top 94",[39m
[31m+   "level 89 at 33, top 94",[39m
[31m+   "level 90 at 33, top 94",[39m
[31m+   "level 48 at 34, top 94",[39m
[31m+   "level 49 at 34, top 94",[39m
[31m+   "level 50 at 34, top 94",[39m
[31m+   "level 51 at 34, top 94",[39m
[31m+   "level 52 at 34, top 94",[39m
[31m+   "level 53 at 34, top 94",[39m
[31m+   "level 54 at 34, top 94",[39m
[31m+   "level 55 at 34, top 94",[39m
[31m+   "level 56 at 34, top 94",[39m
[31m+   "level 57 at 34, top 94",[39m
[31m+   "level 58 at 34, top 94",[39m
[31m+   "level 59 at 34, top 94",[39m
[31m+   "level 60 at 34, top 94",[39m
[31m+   "level 61 at 34, top 94",[39m
[31m+   "level 62 at 34, top 94",[39m
[31m+   "level 63 at 34, top 94",[39m
[31m+   "level 64 at 34, top 94",[39m
[31m+   "level 65 at 34, top 94",[39m
[31m+   "level 66 at 34, top 94",[39m
[31m+   "level 67 at 34, top 94",[39m
[31m+   "level 68 at 34, top 94",[39m
[31m+   "level 69 at 34, top 94",[39m
[31m+   "level 70 at 34, top 94",[39m
[31m+   "level 71 at 34, top 94",[39m
[31m+   "level 72 at 34, top 94",[39m
[31m+   "level 73 at 34, top 94",[39m
[31m+   "level 74 at 34, top 94",[39m
[31m+   "level 75 at 34, top 94",[39m
[31m+   "level 76 at 34, top 94",[39m
[31m+   "level 77 at 34, top 94",[39m
[31m+   "level 78 at 34, top 94",[39m
[31m+   "level 79 at 34, top 94",[39m
[31m+   "level 80 at 34, top 94",[39m
[31m+   "level 81 at 34, top 94",[39m
[31m+   "level 82 at 34, top 94",[39m
[31m+   "level 83 at 34, top 94",[39m
[31m+   "level 84 at 34, top 94",[39m
[31m+   "level 85 at 34, top 94",[39m
[31m+   "level 86 at 34, top 94",[39m
[31m+   "level 87 at 34, top 94",[39m
[31m+   "level 88 at 34, top 94",[39m
[31m+   "level 89 at 34, top 94",[39m
[31m+   "level 48 at 35, top 94",[39m
[31m+   "level 49 at 35, top 94",[39m
[31m+   "level 50 at 35, top 94",[39m
[31m+   "level 51 at 35, top 94",[39m
[31m+   "level 52 at 35, top 94",[39m
[31m+   "level 53 at 35, top 94",[39m
[31m+   "level 54 at 35, top 94",[39m
[31m+   "level 55 at 35, top 94",[39m
[31m+   "level 56 at 35, top 94",[39m
[31m+   "level 57 at 35, top 94",[39m
[31m+   "level 58 at 35, top 94",[39m
[31m+   "level 59 at 35, top 94",[39m
[31m+   "level 60 at 35, top 94",[39m
[31m+   "level 61 at 35, top 94",[39m
[31m+   "level 62 at 35, top 94",[39m
[31m+   "level 63 at 35, top 94",[39m
[31m+   "level 64 at 35, top 94",[39m
[31m+   "level 65 at 35, top 94",[39m
[31m+   "level 66 at 35, top 94",[39m
[31m+   "level 67 at 35, top 94",[39m
[31m+   "level 68 at 35, top 94",[39m
[31m+   "level 69 at 35, top 94",[39m
[31m+   "level 70 at 35, top 94",[39m
[31m+   "level 71 at 35, top 94",[39m
[31m+   "level 72 at 35, top 94",[39m
[31m+   "level 73 at 35, top 94",[39m
[31m+   "level 74 at 35, top 94",[39m
[31m+   "level 75 at 35, top 94",[39m
[31m+   "level 76 at 35, top 94",[39m
[31m+   "level 77 at 35, top 94",[39m
[31m+   "level 78 at 35, top 94",[39m
[31m+   "level 79 at 35, top 94",[39m
[31m+   "level 80 at 35, top 94",[39m
[31m+   "level 81 at 35, top 94",[39m
[31m+   "level 82 at 35, top 94",[39m
[31m+   "level 83 at 35, top 94",[39m
[31m+   "level 84 at 35, top 94",[39m
[31m+   "level 85 at 35, top 94",[39m
[31m+   "level 86 at 35, top 94",[39m
[31m+   "level 87 at 35, top 94",[39m
[31m+   "level 88 at 35, top 94",[39m
[31m+   "level 48 at 36, top 94",[39m
[31m+   "level 49 at 36, top 94",[39m
[31m+   "level 50 at 36, top 94",[39m
[31m+   "level 51 at 36, top 94",[39m
[31m+   "level 52 at 36, top 94",[39m
[31m+   "level 53 at 36, top 94",[39m
[31m+   "level 54 at 36, top 94",[39m
[31m+   "level 55 at 36, top 94",[39m
[31m+   "level 56 at 36, top 94",[39m
[31m+   "level 57 at 36, top 94",[39m
[31m+   "level 58 at 36, top 94",[39m
[31m+   "level 59 at 36, top 94",[39m
[31m+   "level 60 at 36, top 94",[39m
[31m+   "level 61 at 36, top 94",[39m
[31m+   "level 62 at 36, top 94",[39m
[31m+   "level 63 at 36, top 94",[39m
[31m+   "level 64 at 36, top 94",[39m
[31m+   "level 65 at 36, top 94",[39m
[31m+   "level 66 at 36, top 94",[39m
[31m+   "level 67 at 36, top 94",[39m
[31m+   "level 68 at 36, top 94",[39m
[31m+   "level 69 at 36, top 94",[39m
[31m+   "level 70 at 36, top 94",[39m
[31m+   "level 71 at 36, top 94",[39m
[31m+   "level 72 at 36, top 94",[39m
[31m+   "level 73 at 36, top 94",[39m
[31m+   "level 74 at 36, top 94",[39m
[31m+   "level 75 at 36, top 94",[39m
[31m+   "level 76 at 36, top 94",[39m
[31m+   "level 77 at 36, top 94",[39m
[31m+   "level 78 at 36, top 94",[39m
[31m+   "level 79 at 36, top 94",[39m
[31m+   "level 80 at 36, top 94",[39m
[31m+   "level 81 at 36, top 94",[39m
[31m+   "level 82 at 36, top 94",[39m
[31m+   "level 83 at 36, top 94",[39m
[31m+   "level 84 at 36, top 94",[39m
[31m+   "level 85 at 36, top 94",[39m
[31m+   "level 86 at 36, top 94",[39m
[31m+   "level 87 at 36, top 94",[39m
[31m+   "level 48 at 37, top 94",[39m
[31m+   "level 49 at 37, top 94",[39m
[31m+   "level 50 at 37, top 94",[39m
[31m+   "level 51 at 37, top 94",[39m
[31m+   "level 52 at 37, top 94",[39m
[31m+   "level 53 at 37, top 94",[39m
[31m+   "level 54 at 37, top 94",[39m
[31m+   "level 55 at 37, top 94",[39m
[31m+   "level 56 at 37, top 94",[39m
[31m+   "level 57 at 37, top 94",[39m
[31m+   "level 58 at 37, top 94",[39m
[31m+   "level 59 at 37, top 94",[39m
[31m+   "level 60 at 37, top 94",[39m
[31m+   "level 61 at 37, top 94",[39m
[31m+   "level 62 at 37, top 94",[39m
[31m+   "level 63 at 37, top 94",[39m
[31m+   "level 64 at 37, top 94",[39m
[31m+   "level 65 at 37, top 94",[39m
[31m+   "level 66 at 37, top 94",[39m
[31m+   "level 67 at 37, top 94",[39m
[31m+   "level 68 at 37, top 94",[39m
[31m+   "level 69 at 37, top 94",[39m
[31m+   "level 70 at 37, top 94",[39m
[31m+   "level 71 at 37, top 94",[39m
[31m+   "level 72 at 37, top 94",[39m
[31m+   "level 73 at 37, top 94",[39m
[31m+   "level 74 at 37, top 94",[39m
[31m+   "level 75 at 37, top 94",[39m
[31m+   "level 76 at 37, top 94",[39m
[31m+   "level 77 at 37, top 94",[39m
[31m+   "level 78 at 37, top 94",[39m
[31m+   "level 79 at 37, top 94",[39m
[31m+   "level 80 at 37, top 94",[39m
[31m+   "level 81 at 37, top 94",[39m
[31m+   "level 82 at 37, top 94",[39m
[31m+   "level 83 at 37, top 94",[39m
[31m+   "level 84 at 37, top 94",[39m
[31m+   "level 85 at 37, top 94",[39m
[31m+   "level 86 at 37, top 94",[39m
[31m+   "level 48 at 38, top 94",[39m
[31m+   "level 49 at 38, top 94",[39m
[31m+   "level 50 at 38, top 94",[39m
[31m+   "level 51 at 38, top 94",[39m
[31m+   "level 52 at 38, top 94",[39m
[31m+   "level 53 at 38, top 94",[39m
[31m+   "level 54 at 38, top 94",[39m
[31m+   "level 55 at 38, top 94",[39m
[31m+   "level 56 at 38, top 94",[39m
[31m+   "level 57 at 38, top 94",[39m
[31m+   "level 58 at 38, top 94",[39m
[31m+   "level 59 at 38, top 94",[39m
[31m+   "level 60 at 38, top 94",[39m
[31m+   "level 61 at 38, top 94",[39m
[31m+   "level 62 at 38, top 94",[39m
[31m+   "level 63 at 38, top 94",[39m
[31m+   "level 64 at 38, top 94",[39m
[31m+   "level 65 at 38, top 94",[39m
[31m+   "level 66 at 38, top 94",[39m
[31m+   "level 67 at 38, top 94",[39m
[31m+   "level 68 at 38, top 94",[39m
[31m+   "level 69 at 38, top 94",[39m
[31m+   "level 70 at 38, top 94",[39m
[31m+   "level 71 at 38, top 94",[39m
[31m+   "level 72 at 38, top 94",[39m
[31m+   "level 73 at 38, top 94",[39m
[31m+   "level 74 at 38, top 94",[39m
[31m+   "level 75 at 38, top 94",[39m
[31m+   "level 76 at 38, top 94",[39m
[31m+   "level 77 at 38, top 94",[39m
[31m+   "level 78 at 38, top 94",[39m
[31m+   "level 79 at 38, top 94",[39m
[31m+   "level 80 at 38, top 94",[39m
[31m+   "level 81 at 38, top 94",[39m
[31m+   "level 82 at 38, top 94",[39m
[31m+   "level 83 at 38, top 94",[39m
[31m+   "level 84 at 38, top 94",[39m
[31m+   "level 85 at 38, top 94",[39m
[31m+   "level 48 at 39, top 94",[39m
[31m+   "level 49 at 39, top 94",[39m
[31m+   "level 50 at 39, top 94",[39m
[31m+   "level 51 at 39, top 94",[39m
[31m+   "level 52 at 39, top 94",[39m
[31m+   "level 53 at 39, top 94",[39m
[31m+   "level 54 at 39, top 94",[39m
[31m+   "level 55 at 39, top 94",[39m
[31m+   "level 56 at 39, top 94",[39m
[31m+   "level 57 at 39, top 94",[39m
[31m+   "level 58 at 39, top 94",[39m
[31m+   "level 59 at 39, top 94",[39m
[31m+   "level 60 at 39, top 94",[39m
[31m+   "level 61 at 39, top 94",[39m
[31m+   "level 62 at 39, top 94",[39m
[31m+   "level 63 at 39, top 94",[39m
[31m+   "level 64 at 39, top 94",[39m
[31m+   "level 65 at 39, top 94",[39m
[31m+   "level 66 at 39, top 94",[39m
[31m+   "level 67 at 39, top 94",[39m
[31m+   "level 68 at 39, top 94",[39m
[31m+   "level 69 at 39, top 94",[39m
[31m+   "level 70 at 39, top 94",[39m
[31m+   "level 71 at 39, top 94",[39m
[31m+   "level 72 at 39, top 94",[39m
[31m+   "level 73 at 39, top 94",[39m
[31m+   "level 74 at 39, top 94",[39m
[31m+   "level 75 at 39, top 94",[39m
[31m+   "level 76 at 39, top 94",[39m
[31m+   "level 77 at 39, top 94",[39m
[31m+   "level 78 at 39, top 94",[39m
[31m+   "level 79 at 39, top 94",[39m
[31m+   "level 80 at 39, top 94",[39m
[31m+   "level 81 at 39, top 94",[39m
[31m+   "level 82 at 39, top 94",[39m
[31m+   "level 83 at 39, top 94",[39m
[31m+   "level 84 at 39, top 94",[39m
[31m+   "level 85 at 39, top 94",[39m
[31m+   "level 48 at 40, top 94",[39m
[31m+   "level 49 at 40, top 94",[39m
[31m+   "level 50 at 40, top 94",[39m
[31m+   "level 51 at 40, top 94",[39m
[31m+   "level 52 at 40, top 94",[39m
[31m+   "level 53 at 40, top 94",[39m
[31m+   "level 54 at 40, top 94",[39m
[31m+   "level 55 at 40, top 94",[39m
[31m+   "level 56 at 40, top 94",[39m
[31m+   "level 57 at 40, top 94",[39m
[31m+   "level 58 at 40, top 94",[39m
[31m+   "level 59 at 40, top 94",[39m
[31m+   "level 60 at 40, top 94",[39m
[31m+   "level 61 at 40, top 94",[39m
[31m+   "level 62 at 40, top 94",[39m
[31m+   "level 63 at 40, top 94",[39m
[31m+   "level 64 at 40, top 94",[39m
[31m+   "level 65 at 40, top 94",[39m
[31m+   "level 66 at 40, top 94",[39m
[31m+   "level 67 at 40, top 94",[39m
[31m+   "level 68 at 40, top 94",[39m
[31m+   "level 69 at 40, top 94",[39m
[31m+   "level 70 at 40, top 94",[39m
[31m+   "level 71 at 40, top 94",[39m
[31m+   "level 72 at 40, top 94",[39m
[31m+   "level 73 at 40, top 94",[39m
[31m+   "level 74 at 40, top 94",[39m
[31m+   "level 75 at 40, top 94",[39m
[31m+   "level 76 at 40, top 94",[39m
[31m+   "level 77 at 40, top 94",[39m
[31m+   "level 78 at 40, top 94",[39m
[31m+   "level 79 at 40, top 94",[39m
[31m+   "level 80 at 40, top 94",[39m
[31m+   "level 81 at 40, top 94",[39m
[31m+   "level 82 at 40, top 94",[39m
[31m+   "level 83 at 40, top 94",[39m
[31m+   "level 84 at 40, top 94",[39m
[31m+   "level 85 at 40, top 94",[39m
[31m+   "level 48 at 41, top 94",[39m
[31m+   "level 49 at 41, top 94",[39m
[31m+   "level 50 at 41, top 94",[39m
[31m+   "level 51 at 41, top 94",[39m
[31m+   "level 52 at 41, top 94",[39m
[31m+   "level 53 at 41, top 94",[39m
[31m+   "level 54 at 41, top 94",[39m
[31m+   "level 55 at 41, top 94",[39m
[31m+   "level 56 at 41, top 94",[39m
[31m+   "level 57 at 41, top 94",[39m
[31m+   "level 58 at 41, top 94",[39m
[31m+   "level 59 at 41, top 94",[39m
[31m+   "level 60 at 41, top 94",[39m
[31m+   "level 61 at 41, top 94",[39m
[31m+   "level 62 at 41, top 94",[39m
[31m+   "level 63 at 41, top 94",[39m
[31m+   "level 64 at 41, top 94",[39m
[31m+   "level 65 at 41, top 94",[39m
[31m+   "level 66 at 41, top 94",[39m
[31m+   "level 67 at 41, top 94",[39m
[31m+   "level 68 at 41, top 94",[39m
[31m+   "level 69 at 41, top 94",[39m
[31m+   "level 70 at 41, top 94",[39m
[31m+   "level 71 at 41, top 94",[39m
[31m+   "level 72 at 41, top 94",[39m
[31m+   "level 73 at 41, top 94",[39m
[31m+   "level 74 at 41, top 94",[39m
[31m+   "level 75 at 41, top 94",[39m
[31m+   "level 76 at 41, top 94",[39m
[31m+   "level 77 at 41, top 94",[39m
[31m+   "level 78 at 41, top 94",[39m
[31m+   "level 79 at 41, top 94",[39m
[31m+   "level 80 at 41, top 94",[39m
[31m+   "level 81 at 41, top 94",[39m
[31m+   "level 82 at 41, top 94",[39m
[31m+   "level 83 at 41, top 94",[39m
[31m+   "level 84 at 41, top 94",[39m
[31m+   "level 85 at 41, top 94",[39m
[31m+   "level 48 at 42, top 94",[39m
[31m+   "level 49 at 42, top 94",[39m
[31m+   "level 50 at 42, top 94",[39m
[31m+   "level 51 at 42, top 94",[39m
[31m+   "level 52 at 42, top 94",[39m
[31m+   "level 53 at 42, top 94",[39m
[31m+   "level 54 at 42, top 94",[39m
[31m+   "level 55 at 42, top 94",[39m
[31m+   "level 56 at 42, top 94",[39m
[31m+   "level 57 at 42, top 94",[39m
[31m+   "level 58 at 42, top 94",[39m
[31m+   "level 59 at 42, top 94",[39m
[31m+   "level 60 at 42, top 94",[39m
[31m+   "level 61 at 42, top 94",[39m
[31m+   "level 62 at 42, top 94",[39m
[31m+   "level 63 at 42, top 94",[39m
[31m+   "level 64 at 42, top 94",[39m
[31m+   "level 65 at 42, top 94",[39m
[31m+   "level 66 at 42, top 94",[39m
[31m+   "level 67 at 42, top 94",[39m
[31m+   "level 68 at 42, top 94",[39m
[31m+   "level 69 at 42, top 94",[39m
[31m+   "level 70 at 42, top 94",[39m
[31m+   "level 71 at 42, top 94",[39m
[31m+   "level 72 at 42, top 94",[39m
[31m+   "level 73 at 42, top 94",[39m
[31m+   "level 74 at 42, top 94",[39m
[31m+   "level 75 at 42, top 94",[39m
[31m+   "level 76 at 42, top 94",[39m
[31m+   "level 77 at 42, top 94",[39m
[31m+   "level 78 at 42, top 94",[39m
[31m+   "level 79 at 42, top 94",[39m
[31m+   "level 80 at 42, top 94",[39m
[31m+   "level 81 at 42, top 94",[39m
[31m+   "level 82 at 42, top 94",[39m
[31m+   "level 83 at 42, top 94",[39m
[31m+   "level 84 at 42, top 94",[39m
[31m+   "level 85 at 42, top 94",[39m
[31m+   "level 48 at 43, top 94",[39m
[31m+   "level 49 at 43, top 94",[39m
[31m+   "level 50 at 43, top 94",[39m
[31m+   "level 51 at 43, top 94",[39m
[31m+   "level 52 at 43, top 94",[39m
[31m+   "level 53 at 43, top 94",[39m
[31m+   "level 54 at 43, top 94",[39m
[31m+   "level 55 at 43, top 94",[39m
[31m+   "level 56 at 43, top 94",[39m
[31m+   "level 57 at 43, top 94",[39m
[31m+   "level 58 at 43, top 94",[39m
[31m+   "level 59 at 43, top 94",[39m
[31m+   "level 60 at 43, top 94",[39m
[31m+   "level 61 at 43, top 94",[39m
[31m+   "level 62 at 43, top 94",[39m
[31m+   "level 63 at 43, top 94",[39m
[31m+   "level 64 at 43, top 94",[39m
[31m+   "level 65 at 43, top 94",[39m
[31m+   "level 66 at 43, top 94",[39m
[31m+   "level 67 at 43, top 94",[39m
[31m+   "level 68 at 43, top 94",[39m
[31m+   "level 69 at 43, top 94",[39m
[31m+   "level 70 at 43, top 94",[39m
[31m+   "level 71 at 43, top 94",[39m
[31m+   "level 72 at 43, top 94",[39m
[31m+   "level 73 at 43, top 94",[39m
[31m+   "level 74 at 43, top 94",[39m
[31m+   "level 75 at 43, top 94",[39m
[31m+   "level 76 at 43, top 94",[39m
[31m+   "level 77 at 43, top 94",[39m
[31m+   "level 78 at 43, top 94",[39m
[31m+   "level 79 at 43, top 94",[39m
[31m+   "level 80 at 43, top 94",[39m
[31m+   "level 81 at 43, top 94",[39m
[31m+   "level 82 at 43, top 94",[39m
[31m+   "level 83 at 43, top 94",[39m
[31m+   "level 84 at 43, top 94",[39m
[31m+   "level 85 at 43, top 94",[39m
[31m+   "level 48 at 44, top 94",[39m
[31m+   "level 49 at 44, top 94",[39m
[31m+   "level 50 at 44, top 94",[39m
[31m+   "level 51 at 44, top 94",[39m
[31m+   "level 52 at 44, top 94",[39m
[31m+   "level 53 at 44, top 94",[39m
[31m+   "level 54 at 44, top 94",[39m
[31m+   "level 55 at 44, top 94",[39m
[31m+   "level 56 at 44, top 94",[39m
[31m+   "level 57 at 44, top 94",[39m
[31m+   "level 58 at 44, top 94",[39m
[31m+   "level 59 at 44, top 94",[39m
[31m+   "level 60 at 44, top 94",[39m
[31m+   "level 61 at 44, top 94",[39m
[31m+   "level 62 at 44, top 94",[39m
[31m+   "level 63 at 44, top 94",[39m
[31m+   "level 64 at 44, top 94",[39m
[31m+   "level 65 at 44, top 94",[39m
[31m+   "level 66 at 44, top 94",[39m
[31m+   "level 67 at 44, top 94",[39m
[31m+   "level 68 at 44, top 94",[39m
[31m+   "level 69 at 44, top 94",[39m
[31m+   "level 70 at 44, top 94",[39m
[31m+   "level 71 at 44, top 94",[39m
[31m+   "level 72 at 44, top 94",[39m
[31m+   "level 73 at 44, top 94",[39m
[31m+   "level 74 at 44, top 94",[39m
[31m+   "level 75 at 44, top 94",[39m
[31m+   "level 76 at 44, top 94",[39m
[31m+   "level 77 at 44, top 94",[39m
[31m+   "level 78 at 44, top 94",[39m
[31m+   "level 79 at 44, top 94",[39m
[31m+   "level 80 at 44, top 94",[39m
[31m+   "level 81 at 44, top 94",[39m
[31m+   "level 82 at 44, top 94",[39m
[31m+   "level 83 at 44, top 94",[39m
[31m+   "level 84 at 44, top 94",[39m
[31m+   "level 85 at 44, top 94",[39m
[31m+   "level 48 at 45, top 94",[39m
[31m+   "level 49 at 45, top 94",[39m
[31m+   "level 50 at 45, top 94",[39m
[31m+   "level 51 at 45, top 94",[39m
[31m+   "level 52 at 45, top 94",[39m
[31m+   "level 53 at 45, top 94",[39m
[31m+   "level 54 at 45, top 94",[39m
[31m+   "level 55 at 45, top 94",[39m
[31m+   "level 56 at 45, top 94",[39m
[31m+   "level 57 at 45, top 94",[39m
[31m+   "level 58 at 45, top 94",[39m
[31m+   "level 59 at 45, top 94",[39m
[31m+   "level 60 at 45, top 94",[39m
[31m+   "level 61 at 45, top 94",[39m
[31m+   "level 62 at 45, top 94",[39m
[31m+   "level 63 at 45, top 94",[39m
[31m+   "level 64 at 45, top 94",[39m
[31m+   "level 65 at 45, top 94",[39m
[31m+   "level 66 at 45, top 94",[39m
[31m+   "level 67 at 45, top 94",[39m
[31m+   "level 68 at 45, top 94",[39m
[31m+   "level 69 at 45, top 94",[39m
[31m+   "level 70 at 45, top 94",[39m
[31m+   "level 71 at 45, top 94",[39m
[31m+   "level 72 at 45, top 94",[39m
[31m+   "level 73 at 45, top 94",[39m
[31m+   "level 74 at 45, top 94",[39m
[31m+   "level 75 at 45, top 94",[39m
[31m+   "level 76 at 45, top 94",[39m
[31m+   "level 77 at 45, top 94",[39m
[31m+   "level 78 at 45, top 94",[39m
[31m+   "level 79 at 45, top 94",[39m
[31m+   "level 80 at 45, top 94",[39m
[31m+   "level 81 at 45, top 94",[39m
[31m+   "level 82 at 45, top 94",[39m
[31m+   "level 83 at 45, top 94",[39m
[31m+   "level 84 at 45, top 94",[39m
[31m+   "level 85 at 45, top 94",[39m
[31m+ ][39m

[36m [2m❯[22m src/test/cmValueCurve.test.ts:[2m394:30[22m[39m
    [90m392| [39m        }
    [90m393| [39m      }
    [90m394| [39m      [34mexpect[39m(notTheSameRead)[33m.[39m[34mtoEqual[39m([])[33m;[39m
    [90m   | [39m                             [31m^[39m
    [90m395| [39m      [34mexpect[39m(notTheLowest)[33m.[39m[34mtoEqual[39m([])[33m;[39m
    [90m396| [39m      [34mexpect[39m(offALimit)[33m.[39m[34mtoEqual[39m([])[33m;[39m

[31m[2m⎯⎯⎯⎯⎯⎯⎯⎯⎯⎯⎯⎯⎯⎯⎯⎯⎯⎯⎯⎯⎯⎯⎯⎯[3/4]⎯[22m[39m

[41m[1m FAIL [22m[49m src/test/cmValueCurve.test.ts[2m > [22mthe typed door the engine will import (src/lib/cmAgeRead.ts)[2m > [22mreads a man through its types the way the engine will
[31m[1mAssertionError[22m: expected [ 85, 85, -2 ] to deeply equal [ 85, 84, -2 ][39m

[32m- Expected[39m
[31m+ Received[39m

[2m  [[22m
[2m    85,[22m
[32m-   84,[39m
[31m+   85,[39m
[2m    -2,[22m
[2m  ][22m

[36m [2m❯[22m src/test/cmValueCurve.test.ts:[2m1174:43[22m[39m
    [90m1172| [39m    [35mconst[39m kayodeLevel[33m:[39m number [33m=[39m door[33m.[39m[34mlevelFrom[39m([34m82[39m[33m,[39m [34m22[39m)[33m;[39m
    [90m1173| [39m    [35mconst[39m youth[33m:[39m number [33m=[39m door[33m.[39m[34magePoints[39m([34m84[39m[33m,[39m [34m22[39m[33m,[39m door[33m.[39m[33mRATING_CEIL[39m)[33m;[39m
    [90m1174| [39m    [34mexpect[39m([vanDijk[33m,[39m kayodeLevel[33m,[39m youth])[33m.[39m[34mtoEqual[39m([[34m85[39m[33m,[39m [34m84[39m[33m,[39m [33m-[39m[34m2[39m])[33m;[39m
    [90m   | [39m                                          [31m^[39m
    [90m1175| [39m    /* a past season row the way part two will write it: the shown rat…
    [90m1176| [39m    const nedved = door.readInWorld(82, 32, { stretch: r => eraUpliftR…

[31m[2m⎯⎯⎯⎯⎯⎯⎯⎯⎯⎯⎯⎯⎯⎯⎯⎯⎯⎯⎯⎯⎯⎯⎯⎯[4/4]⎯[22m[39m


[2m Test Files [22m [1m[31m1 failed[39m[22m[90m (1)[39m
[2m      Tests [22m [1m[31m4 failed[39m[22m[2m | [22m[1m[32m53 passed[39m[22m[90m (57)[39m
[2m   Start at [22m 11:14:22
[2m   Duration [22m 1.28s[2m (transform 477ms, setup 25ms, collect 595ms, tests 286ms, environment 146ms, prepare 68ms)[22m


::error file=/home/runner/work/ballpark-hero/ballpark-hero/src/test/cmValueCurve.test.ts,title=src/test/cmValueCurve.test.ts > levelFrom%3A the age read run backwards%2C total > answers a whole level from 48 to the top for every rating 48 to 99%2C every age 14 to 45%2C every top,line=330,column=90::AssertionError: expected [ 48, 94, 85, 73 ] to deeply equal [ 48, 94, 85, 72 ]%0A%0A- Expected%0A+ Received%0A%0A  [%0A    48,%0A    94,%0A    85,%0A-   72,%0A+   73,%0A  ]%0A%0A ❯ src/test/cmValueCurve.test.ts:330:90%0A%0A

::error file=/home/runner/work/ballpark-hero/ballpark-hero/src/test/cmValueCurve.test.ts,title=src/test/cmValueCurve.test.ts > levelFrom%3A the age read run backwards%2C total > it is the smallest level whose read is at least the rating%2C and the top when there is none,line=345,column=19::AssertionError: expected [ …(5684) ] to deeply equal []%0A%0A- Expected%0A+ Received%0A%0A- []%0A+ [%0A+   "rating 48 at 14, top 94: 55",%0A+   "rating 49 at 14, top 94: 56",%0A+   "rating 50 at 14, top 94: 57",%0A+   "rating 51 at 14, top 94: 58",%0A+   "rating 52 at 14, top 94: 59",%0A+   "rating 53 at 14, top 94: 60",%0A+   "rating 54 at 14, top 94: 61",%0A+   "rating 55 at 14, top 94: 62",%0A+   "rating 56 at 14, top 94: 63",%0A+   "rating 57 at 14, top 94: 64",%0A+   "rating 58 at 14, top 94: 65",%0A+   "rating 59 at 14, top 94: 66",%0A+   "rating 60 at 14, top 94: 67",%0A+   "rating 61 at 14, top 94: 68",%0A+   "rating 62 at 14, top 94: 69",%0A+   "rating 63 at 14, top 94: 70",%0A+   "rating 64 at 14, top 94: 71",%0A+   "rating 65 at 14, top 94: 72",%0A+   "rating 66 at 14, top 94: 73",%0A+   "rating 67 at 14, top 94: 74",%0A+   "rating 68 at 14, top 94: 75",%0A+   "rating 69 at 14, top 94: 76",%0A+   "rating 70 at 14, top 94: 77",%0A+   "rating 71 at 14, top 94: 78",%0A+   "rating 72 at 14, top 94: 79",%0A+   "rating 73 at 14, top 94: 80",%0A+   "rating 74 at 14, top 94: 81",%0A+   "rating 75 at 14, top 94: 82",%0A+   "rating 76 at 14, top 94: 83",%0A+   "rating 78 at 14, top 94: 84",%0A+   "rating 79 at 14, top 94: 85",%0A+   "rating 81 at 14, top 94: 86",%0A+   "rating 82 at 14, top 94: 87",%0A+   "rating 84 at 14, top 94: 88",%0A+   "rating 85 at 14, top 94: 89",%0A+   "rating 87 at 14, top 94: 90",%0A+   "rating 88 at 14, top 94: 91",%0A+   "rating 90 at 14, top 94: 92",%0A+   "rating 91 at 14, top 94: 93",%0A+   "rating 93 at 14, top 94: 94",%0A+   "rating 48 at 15, top 94: 55",%0A+   "rating 49 at 15, top 94: 56",%0A+   "rating 50 at 15, top 94: 57",%0A+   "rating 51 at 15, top 94: 58",%0A+   "rating 52 at 15, top 94: 59",%0A+   "rating 53 at 15, top 94: 60",%0A+   "rating 54 at 15, top 94: 61",%0A+   "rating 55 at 15, top 94: 62",%0A+   "rating 56 at 15, top 94: 63",%0A+   "rating 57 at 15, top 94: 64",%0A+   "rating 58 at 15, top 94: 65",%0A+   "rating 59 at 15, top 94: 66",%0A+   "rating 60 at 15, top 94: 67",%0A+   "rating 61 at 15, top 94: 68",%0A+   "rating 62 at 15, top 94: 69",%0A+   "rating 63 at 15, top 94: 70",%0A+   "rating 64 at 15, top 94: 71",%0A+   "rating 65 at 15, top 94: 72",%0A+   "rating 66 at 15, top 94: 73",%0A+   "rating 67 at 15, top 94: 74",%0A+   "rating 68 at 15, top 94: 75",%0A+   "rating 69 at 15, top 94: 76",%0A+   "rating 70 at 15, top 94: 77",%0A+   "rating 71 at 15, top 94: 78",%0A+   "rating 72 at 15, top 94: 79",%0A+   "rating 73 at 15, top 94: 80",%0A+   "rating 74 at 15, top 94: 81",%0A+   "rating 75 at 15, top 94: 82",%0A+   "rating 76 at 15, top 94: 83",%0A+   "rating 78 at 15, top 94: 84",%0A+   "rating 79 at 15, top 94: 85",%0A+   "rating 81 at 15, top 94: 86",%0A+   "rating 82 at 15, top 94: 87",%0A+   "rating 84 at 15, top 94: 88",%0A+   "rating 85 at 15, top 94: 89",%0A+   "rating 87 at 15, top 94: 90",%0A+   "rating 88 at 15, top 94: 91",%0A+   "rating 90 at 15, top 94: 92",%0A+   "rating 91 at 15, top 94: 93",%0A+   "rating 93 at 15, top 94: 94",%0A+   "rating 48 at 16, top 94: 55",%0A+   "rating 49 at 16, top 94: 56",%0A+   "rating 50 at 16, top 94: 57",%0A+   "rating 51 at 16, top 94: 58",%0A+   "rating 52 at 16, top 94: 59",%0A+   "rating 53 at 16, top 94: 60",%0A+   "rating 54 at 16, top 94: 61",%0A+   "rating 55 at 16, top 94: 62",%0A+   "rating 56 at 16, top 94: 63",%0A+   "rating 57 at 16, top 94: 64",%0A+   "rating 58 at 16, top 94: 65",%0A+   "rating 59 at 16, top 94: 66",%0A+   "rating 60 at 16, top 94: 67",%0A+   "rating 61 at 16, top 94: 68",%0A+   "rating 62 at 16, top 94: 69",%0A+   "rating 63 at 16, top 94: 70",%0A+   "rating 64 at 16, top 94: 71",%0A+   "rating 65 at 16, top 94: 72",%0A+   "rating 66 at 16, top 94: 73",%0A+   "rating 67 at 16, top 94: 74",%0A+   "rating 68 at 16, top 94: 75",%0A+   "rating 69 at 16, top 94: 76",%0A+   "rating 70 at 16, top 94: 77",%0A+   "rating 71 at 16, top 94: 78",%0A+   "rating 72 at 16, top 94: 79",%0A+   "rating 73 at 16, top 94: 80",%0A+   "rating 74 at 16, top 94: 81",%0A+   "rating 75 at 16, top 94: 82",%0A+   "rating 76 at 16, top 94: 83",%0A+   "rating 78 at 16, top 94: 84",%0A+   "rating 79 at 16, top 94: 85",%0A+   "rating 81 at 16, top 94: 86",%0A+   "rating 82 at 16, top 94: 87",%0A+   "rating 84 at 16, top 94: 88",%0A+   "rating 85 at 16, top 94: 89",%0A+   "rating 87 at 16, top 94: 90",%0A+   "rating 88 at 16, top 94: 91",%0A+   "rating 90 at 16, top 94: 92",%0A+   "rating 91 at 16, top 94: 93",%0A+   "rating 93 at 16, top 94: 94",%0A+   "rating 48 at 17, top 94: 55",%0A+   "rating 49 at 17, top 94: 56",%0A+   "rating 50 at 17, top 94: 57",%0A+   "rating 51 at 17, top 94: 58",%0A+   "rating 52 at 17, top 94: 59",%0A+   "rating 53 at 17, top 94: 60",%0A+   "rating 54 at 17, top 94: 61",%0A+   "rating 55 at 17, top 94: 62",%0A+   "rating 56 at 17, top 94: 63",%0A+   "rating 57 at 17, top 94: 64",%0A+   "rating 58 at 17, top 94: 65",%0A+   "rating 59 at 17, top 94: 66",%0A+   "rating 60 at 17, top 94: 67",%0A+   "rating 61 at 17, top 94: 68",%0A+   "rating 62 at 17, top 94: 69",%0A+   "rating 63 at 17, top 94: 70",%0A+   "rating 64 at 17, top 94: 71",%0A+   "rating 65 at 17, top 94: 72",%0A+   "rating 66 at 17, top 94: 73",%0A+   "rating 67 at 17, top 94: 74",%0A+   "rating 68 at 17, top 94: 75",%0A+   "rating 69 at 17, top 94: 76",%0A+   "rating 70 at 17, top 94: 77",%0A+   "rating 71 at 17, top 94: 78",%0A+   "rating 72 at 17, top 94: 79",%0A+   "rating 73 at 17, top 94: 80",%0A+   "rating 74 at 17, top 94: 81",%0A+   "rating 75 at 17, top 94: 82",%0A+   "rating 76 at 17, top 94: 83",%0A+   "rating 78 at 17, top 94: 84",%0A+   "rating 79 at 17, top 94: 85",%0A+   "rating 81 at 17, top 94: 86",%0A+   "rating 82 at 17, top 94: 87",%0A+   "rating 84 at 17, top 94: 88",%0A+   "rating 85 at 17, top 94: 89",%0A+   "rating 87 at 17, top 94: 90",%0A+   "rating 88 at 17, top 94: 91",%0A+   "rating 90 at 17, top 94: 92",%0A+   "rating 91 at 17, top 94: 93",%0A+   "rating 93 at 17, top 94: 94",%0A+   "rating 48 at 18, top 94: 55",%0A+   "rating 49 at 18, top 94: 56",%0A+   "rating 50 at 18, top 94: 57",%0A+   "rating 51 at 18, top 94: 58",%0A+   "rating 52 at 18, top 94: 59",%0A+   "rating 53 at 18, top 94: 60",%0A+   "rating 54 at 18, top 94: 61",%0A+   "rating 55 at 18, top 94: 62",%0A+   "rating 56 at 18, top 94: 63",%0A+   "rating 57 at 18, top 94: 64",%0A+   "rating 58 at 18, top 94: 65",%0A+   "rating 59 at 18, top 94: 66",%0A+   "rating 60 at 18, top 94: 67",%0A+   "rating 61 at 18, top 94: 68",%0A+   "rating 62 at 18, top 94: 69",%0A+   "rating 63 at 18, top 94: 70",%0A+   "rating 64 at 18, top 94: 71",%0A+   "rating 65 at 18, top 94: 72",%0A+   "rating 66 at 18, top 94: 73",%0A+   "rating 67 at 18, top 94: 74",%0A+   "rating 68 at 18, top 94: 75",%0A+   "rating 69 at 18, top 94: 76",%0A+   "rating 70 at 18, top 94: 77",%0A+   "rating 71 at 18, top 94: 78",%0A+   "rating 72 at 18, top 94: 79",%0A+   "rating 73 at 18, top 94: 80",%0A+   "rating 74 at 18, top 94: 81",%0A+   "rating 75 at 18, top 94: 82",%0A+   "rating 76 at 18, top 94: 83",%0A+   "rating 78 at 18, top 94: 84",%0A+   "rating 79 at 18, top 94: 85",%0A+   "rating 81 at 18, top 94: 86",%0A+   "rating 82 at 18, top 94: 87",%0A+   "rating 84 at 18, top 94: 88",%0A+   "rating 85 at 18, top 94: 89",%0A+   "rating 87 at 18, top 94: 90",%0A+   "rating 88 at 18, top 94: 91",%0A+   "rating 90 at 18, top 94: 92",%0A+   "rating 91 at 18, top 94: 93",%0A+   "rating 93 at 18, top 94: 94",%0A+   "rating 48 at 19, top 94: 54",%0A+   "rating 49 at 19, top 94: 55",%0A+   "rating 50 at 19, top 94: 56",%0A+   "rating 51 at 19, top 94: 57",%0A+   "rating 52 at 19, top 94: 58",%0A+   "rating 53 at 19, top 94: 59",%0A+   "rating 54 at 19, top 94: 60",%0A+   "rating 55 at 19, top 94: 61",%0A+   "rating 56 at 19, top 94: 62",%0A+   "rating 57 at 19, top 94: 63",%0A+   "rating 58 at 19, top 94: 64",%0A+   "rating 59 at 19, top 94: 65",%0A+   "rating 60 at 19, top 94: 66",%0A+   "rating 61 at 19, top 94: 67",%0A+   "rating 62 at 19, top 94: 68",%0A+   "rating 63 at 19, top 94: 69",%0A+   "rating 64 at 19, top 94: 70",%0A+   "rating 65 at 19, top 94: 71",%0A+   "rating 66 at 19, top 94: 72",%0A+   "rating 67 at 19, top 94: 73",%0A+   "rating 68 at 19, top 94: 74",%0A+   "rating 69 at 19, top 94: 75",%0A+   "rating 70 at 19, top 94: 76",%0A+   "rating 71 at 19, top 94: 77",%0A+   "rating 72 at 19, top 94: 78",%0A+   "rating 73 at 19, top 94: 79",%0A+   "rating 74 at 19, top 94: 80",%0A+   "rating 75 at 19, top 94: 81",%0A+   "rating 76 at 19, top 94: 82",%0A+   "rating 77 at 19, top 94: 83",%0A+   "rating 78 at 19, top 94: 84",%0A+   "rating 79 at 19, top 94: 85",%0A+   "rating 81 at 19, top 94: 86",%0A+   "rating 82 at 19, top 94: 87",%0A+   "rating 84 at 19, top 94: 88",%0A+   "rating 85 at 19, top 94: 89",%0A+   "rating 87 at 19, top 94: 90",%0A+   "rating 88 at 19, top 94: 91",%0A+   "rating 90 at 19, top 94: 92",%0A+   "rating 91 at 19, top 94: 93",%0A+   "rating 93 at 19, top 94: 94",%0A+   "rating 48 at 20, top 94: 53",%0A+   "rating 49 at 20, top 94: 54",%0A+   "rating 50 at 20, top 94: 55",%0A+   "rating 51 at 20, top 94: 56",%0A+   "rating 52 at 20, top 94: 57",%0A+   "rating 53 at 20, top 94: 58",%0A+   "rating 54 at 20, top 94: 59",%0A+   "rating 55 at 20, top 94: 60",%0A+   "rating 56 at 20, top 94: 61",%0A+   "rating 57 at 20, top 94: 62",%0A+   "rating 58 at 20, top 94: 63",%0A+   "rating 59 at 20, top 94: 64",%0A+   "rating 60 at 20, top 94: 65",%0A+   "rating 61 at 20, top 94: 66",%0A+   "rating 62 at 20, top 94: 67",%0A+   "rating 63 at 20, top 94: 68",%0A+   "rating 64 at 20, top 94: 69",%0A+   "rating 65 at 20, top 94: 70",%0A+   "rating 66 at 20, top 94: 71",%0A+   "rating 67 at 20, top 94: 72",%0A+   "rating 68 at 20, top 94: 73",%0A+   "rating 69 at 20, top 94: 74",%0A+   "rating 70 at 20, top 94: 75",%0A+   "rating 71 at 20, top 94: 76",%0A+   "rating 72 at 20, top 94: 77",%0A+   "rating 73 at 20, top 94: 78",%0A+   "rating 74 at 20, top 94: 79",%0A+   "rating 75 at 20, top 94: 80",%0A+   "rating 76 at 20, top 94: 81",%0A+   "rating 77 at 20, top 94: 82",%0A+   "rating 78 at 20, top 94: 83",%0A+   "rating 79 at 20, top 94: 84",%0A+   "rating 80 at 20, top 94: 85",%0A+   "rating 81 at 20, top 94: 86",%0A+   "rating 82 at 20, top 94: 87",%0A+   "rating 84 at 20, top 94: 88",%0A+   "rating 85 at 20, top 94: 89",%0A+   "rating 87 at 20, top 94: 90",%0A+   "rating 88 at 20, top 94: 91",%0A+   "rating 90 at 20, top 94: 92",%0A+   "rating 91 at 20, top 94: 93",%0A+   "rating 93 at 20, top 94: 94",%0A+   "rating 48 at 21, top 94: 52",%0A+   "rating 49 at 21, top 94: 53",%0A+   "rating 50 at 21, top 94: 54",%0A+   "rating 51 at 21, top 94: 55",%0A+   "rating 52 at 21, top 94: 56",%0A+   "rating 53 at 21, top 94: 57",%0A+   "rating 54 at 21, top 94: 58",%0A+   "rating 55 at 21, top 94: 59",%0A+   "rating 56 at 21, top 94: 60",%0A+   "rating 57 at 21, top 94: 61",%0A+   "rating 58 at 21, top 94: 62",%0A+   "rating 59 at 21, top 94: 63",%0A+   "rating 60 at 21, top 94: 64",%0A+   "rating 61 at 21, top 94: 65",%0A+   "rating 62 at 21, top 94: 66",%0A+   "rating 63 at 21, top 94: 67",%0A+   "rating 64 at 21, top 94: 68",%0A+   "rating 65 at 21, top 94: 69",%0A+   "rating 66 at 21, top 94: 70",%0A+   "rating 67 at 21, top 94: 71",%0A+   "rating 68 at 21, top 94: 72",%0A+   "rating 69 at 21, top 94: 73",%0A+   "rating 70 at 21, top 94: 74",%0A+   "rating 71 at 21, top 94: 75",%0A+   "rating 72 at 21, top 94: 76",%0A+   "rating 73 at 21, top 94: 77",%0A+   "rating 74 at 21, top 94: 78",%0A+   "rating 75 at 21, top 94: 79",%0A+   "rating 76 at 21, top 94: 80",%0A+   "rating 77 at 21, top 94: 81",%0A+   "rating 78 at 21, top 94: 82",%0A+   "rating 79 at 21, top 94: 83",%0A+   "rating 80 at 21, top 94: 84",%0A+   "rating 81 at 21, top 94: 85",%0A+   "rating 82 at 21, top 94: 86",%0A+   "rating 83 at 21, top 94: 87",%0A+   "rating 84 at 21, top 94: 88",%0A+   "rating 85 at 21, top 94: 89",%0A+   "rating 87 at 21, top 94: 90",%0A+   "rating 88 at 21, top 94: 91",%0A+   "rating 90 at 21, top 94: 92",%0A+   "rating 91 at 21, top 94: 93",%0A+   "rating 93 at 21, top 94: 94",%0A+   "rating 48 at 22, top 94: 51",%0A+   "rating 49 at 22, top 94: 52",%0A+   "rating 50 at 22, top 94: 53",%0A+   "rating 51 at 22, top 94: 54",%0A+   "rating 52 at 22, top 94: 55",%0A+   "rating 53 at 22, top 94: 56",%0A+   "rating 54 at 22, top 94: 57",%0A+   "rating 55 at 22, top 94: 58",%0A+   "rating 56 at 22, top 94: 59",%0A+   "rating 57 at 22, top 94: 60",%0A+   "rating 58 at 22, top 94: 61",%0A+   "rating 59 at 22, top 94: 62",%0A+   "rating 60 at 22, top 94: 63",%0A+   "rating 61 at 22, top 94: 64",%0A+   "rating 62 at 22, top 94: 65",%0A+   "rating 63 at 22, top 94: 66",%0A+   "rating 64 at 22, top 94: 67",%0A+   "rating 65 at 22, top 94: 68",%0A+   "rating 66 at 22, top 94: 69",%0A+   "rating 67 at 22, top 94: 70",%0A+   "rating 68 at 22, top 94: 71",%0A+   "rating 69 at 22, top 94: 72",%0A+   "rating 70 at 22, top 94: 73",%0A+   "rating 71 at 22, top 94: 74",%0A+   "rating 72 at 22, top 94: 75",%0A+   "rating 73 at 22, top 94: 76",%0A+   "rating 74 at 22, top 94: 77",%0A+   "rating 75 at 22, top 94: 78",%0A+   "rating 76 at 22, top 94: 79",%0A+   "rating 77 at 22, top 94: 80",%0A+   "rating 78 at 22, top 94: 81",%0A+   "rating 79 at 22, top 94: 82",%0A+   "rating 80 at 22, top 94: 83",%0A+   "rating 81 at 22, top 94: 84",%0A+   "rating 82 at 22, top 94: 85",%0A+   "rating 83 at 22, top 94: 86",%0A+   "rating 84 at 22, top 94: 87",%0A+   "rating 85 at 22, top 94: 88",%0A+   "rating 86 at 22, top 94: 89",%0A+   "rating 87 at 22, top 94: 90",%0A+   "rating 88 at 22, top 94: 91",%0A+   "rating 90 at 22, top 94: 92",%0A+   "rating 91 at 22, top 94: 93",%0A+   "rating 93 at 22, top 94: 94",%0A+   "rating 48 at 23, top 94: 50",%0A+   "rating 49 at 23, top 94: 51",%0A+   "rating 50 at 23, top 94: 52",%0A+   "rating 51 at 23, top 94: 53",%0A+   "rating 52 at 23, top 94: 54",%0A+   "rating 53 at 23, top 94: 55",%0A+   "rating 54 at 23, top 94: 56",%0A+   "rating 55 at 23, top 94: 57",%0A+   "rating 56 at 23, top 94: 58",%0A+   "rating 57 at 23, top 94: 59",%0A+   "rating 58 at 23, top 94: 60",%0A+   "rating 59 at 23, top 94: 61",%0A+   "rating 60 at 23, top 94: 62",%0A+   "rating 61 at 23, top 94: 63",%0A+   "rating 62 at 23, top 94: 64",%0A+   "rating 63 at 23, top 94: 65",%0A+   "rating 64 at 23, top 94: 66",%0A+   "rating 65 at 23, top 94: 67",%0A+   "rating 66 at 23, top 94: 68",%0A+   "rating 67 at 23, top 94: 69",%0A+   "rating 68 at 23, top 94: 70",%0A+   "rating 69 at 23, top 94: 71",%0A+   "rating 70 at 23, top 94: 72",%0A+   "rating 71 at 23, top 94: 73",%0A+   "rating 72 at 23, top 94: 74",%0A+   "rating 73 at 23, top 94: 75",%0A+   "rating 74 at 23, top 94: 76",%0A+   "rating 75 at 23, top 94: 77",%0A+   "rating 76 at 23, top 94: 78",%0A+   "rating 77 at 23, top 94: 79",%0A+   "rating 78 at 23, top 94: 80",%0A+   "rating 79 at 23, top 94: 81",%0A+   "rating 80 at 23, top 94: 82",%0A+   "rating 81 at 23, top 94: 83",%0A+   "rating 82 at 23, top 94: 84",%0A+   "rating 83 at 23, top 94: 85",%0A+   "rating 84 at 23, top 94: 86",%0A+   "rating 85 at 23, top 94: 87",%0A+   "rating 86 at 23, top 94: 88",%0A+   "rating 87 at 23, top 94: 89",%0A+   "rating 88 at 23, top 94: 90",%0A+   "rating 89 at 23, top 94: 91",%0A+   "rating 90 at 23, top 94: 92",%0A+   "rating 91 at 23, top 94: 93",%0A+   "rating 93 at 23, top 94: 94",%0A+   "rating 48 at 24, top 94: 49",%0A+   "rating 49 at 24, top 94: 50",%0A+   "rating 50 at 24, top 94: 51",%0A+   "rating 51 at 24, top 94: 52",%0A+   "rating 52 at 24, top 94: 53",%0A+   "rating 53 at 24, top 94: 54",%0A+   "rating 54 at 24, top 94: 55",%0A+   "rating 55 at 24, top 94: 56",%0A+   "rating 56 at 24, top 94: 57",%0A+   "rating 57 at 24, top 94: 58",%0A+   "rating 58 at 24, top 94: 59",%0A+   "rating 59 at 24, top 94: 60",%0A+   "rating 60 at 24, top 94: 61",%0A+   "rating 61 at 24, top 94: 62",%0A+   "rating 62 at 24, top 94: 63",%0A+   "rating 63 at 24, top 94: 64",%0A+   "rating 64 at 24, top 94: 65",%0A+   "rating 65 at 24, top 94: 66",%0A+   "rating 66 at 24, top 94: 67",%0A+   "rating 67 at 24, top 94: 68",%0A+   "rating 68 at 24, top 94: 69",%0A+   "rating 69 at 24, top 94: 70",%0A+   "rating 70 at 24, top 94: 71",%0A+   "rating 71 at 24, top 94: 72",%0A+   "rating 72 at 24, top 94: 73",%0A+   "rating 73 at 24, top 94: 74",%0A+   "rating 74 at 24, top 94: 75",%0A+   "rating 75 at 24, top 94: 76",%0A+   "rating 76 at 24, top 94: 77",%0A+   "rating 77 at 24, top 94: 78",%0A+   "rating 78 at 24, top 94: 79",%0A+   "rating 79 at 24, top 94: 80",%0A+   "rating 80 at 24, top 94: 81",%0A+   "rating 81 at 24, top 94: 82",%0A+   "rating 82 at 24, top 94: 83",%0A+   "rating 83 at 24, top 94: 84",%0A+   "rating 84 at 24, top 94: 85",%0A+   "rating 85 at 24, top 94: 86",%0A+   "rating 86 at 24, top 94: 87",%0A+   "rating 87 at 24, top 94: 88",%0A+   "rating 88 at 24, top 94: 89",%0A+   "rating 89 at 24, top 94: 90",%0A+   "rating 90 at 24, top 94: 91",%0A+   "rating 91 at 24, top 94: 92",%0A+   "rating 92 at 24, top 94: 93",%0A+   "rating 93 at 24, top 94: 94",%0A+   "rating 48 at 25, top 94: 49",%0A+   "rating 49 at 25, top 94: 50",%0A+   "rating 50 at 25, top 94: 51",%0A+   "rating 51 at 25, top 94: 52",%0A+   "rating 52 at 25, top 94: 53",%0A+   "rating 53 at 25, top 94: 54",%0A+   "rating 54 at 25, top 94: 55",%0A+   "rating 55 at 25, top 94: 56",%0A+   "rating 56 at 25, top 94: 57",%0A+   "rating 57 at 25, top 94: 58",%0A+   "rating 58 at 25, top 94: 59",%0A+   "rating 59 at 25, top 94: 60",%0A+   "rating 60 at 25, top 94: 61",%0A+   "rating 61 at 25, top 94: 62",%0A+   "rating 62 at 25, top 94: 63",%0A+   "rating 63 at 25, top 94: 64",%0A+   "rating 64 at 25, top 94: 65",%0A+   "rating 65 at 25, top 94: 66",%0A+   "rating 66 at 25, top 94: 67",%0A+   "rating 67 at 25, top 94: 68",%0A+   "rating 68 at 25, top 94: 69",%0A+   "rating 69 at 25, top 94: 70",%0A+   "rating 70 at 25, top 94: 71",%0A+   "rating 71 at 25, top 94: 72",%0A+   "rating 72 at 25, top 94: 73",%0A+   "rating 73 at 25, top 94: 74",%0A+   "rating 74 at 25, top 94: 75",%0A+   "rating 75 at 25, top 94: 76",%0A+   "rating 76 at 25, top 94: 77",%0A+   "rating 77 at 25, top 94: 78",%0A+   "rating 78 at 25, top 94: 79",%0A+   "rating 79 at 25, top 94: 80",%0A+   "rating 80 at 25, top 94: 81",%0A+   "rating 81 at 25, top 94: 82",%0A+   "rating 82 at 25, top 94: 83",%0A+   "rating 83 at 25, top 94: 84",%0A+   "rating 84 at 25, top 94: 85",%0A+   "rating 85 at 25, top 94: 86",%0A+   "rating 86 at 25, top 94: 87",%0A+   "rating 87 at 25, top 94: 88",%0A+   "rating 88 at 25, top 94: 89",%0A+   "rating 89 at 25, top 94: 90",%0A+   "rating 90 at 25, top 94: 91",%0A+   "rating 91 at 25, top 94: 92",%0A+   "rating 92 at 25, top 94: 93",%0A+   "rating 93 at 25, top 94: 94",%0A+   "rating 48 at 26, top 94: 49",%0A+   "rating 49 at 26, top 94: 50",%0A+   "rating 50 at 26, top 94: 51",%0A+   "rating 51 at 26, top 94: 52",%0A+   "rating 52 at 26, top 94: 53",%0A+   "rating 53 at 26, top 94: 54",%0A+   "rating 54 at 26, top 94: 55",%0A+   "rating 55 at 26, top 94: 56",%0A+   "rating 56 at 26, top 94: 57",%0A+   "rating 57 at 26, top 94: 58",%0A+   "rating 58 at 26, top 94: 59",%0A+   "rating 59 at 26, top 94: 60",%0A+   "rating 60 at 26, top 94: 61",%0A+   "rating 61 at 26, top 94: 62",%0A+   "rating 62 at 26, top 94: 63",%0A+   "rating 63 at 26, top 94: 64",%0A+   "rating 64 at 26, top 94: 65",%0A+   "rating 65 at 26, top 94: 66",%0A+   "rating 66 at 26, top 94: 67",%0A+   "rating 67 at 26, top 94: 68",%0A+   "rating 68 at 26, top 94: 69",%0A+   "rating 69 at 26, top 94: 70",%0A+   "rating 70 at 26, top 94: 71",%0A+   "rating 71 at 26, top 94: 72",%0A+   "rating 72 at 26, top 94: 73",%0A+   "rating 73 at 26, top 94: 74",%0A+   "rating 74 at 26, top 94: 75",%0A+   "rating 75 at 26, top 94: 76",%0A+   "rating 76 at 26, top 94: 77",%0A+   "rating 77 at 26, top 94: 78",%0A+   "rating 78 at 26, top 94: 79",%0A+   "rating 79 at 26, top 94: 80",%0A+   "rating 80 at 26, top 94: 81",%0A+   "rating 81 at 26, top 94: 82",%0A+   "rating 82 at 26, top 94: 83",%0A+   "rating 83 at 26, top 94: 84",%0A+   "rating 84 at 26, top 94: 85",%0A+   "rating 85 at 26, top 94: 86",%0A+   "rating 86 at 26, top 94: 87",%0A+   "rating 87 at 26, top 94: 88",%0A+   "rating 88 at 26, top 94: 89",%0A+   "rating 89 at 26, top 94: 90",%0A+   "rating 90 at 26, top 94: 91",%0A+   "rating 91 at 26, top 94: 92",%0A+   "rating 92 at 26, top 94: 93",%0A+   "rating 93 at 26, top 94: 94",%0A+   "rating 48 at 27, top 94: 49",%0A+   "rating 49 at 27, top 94: 50",%0A+   "rating 50 at 27, top 94: 51",%0A+   "rating 51 at 27, top 94: 52",%0A+   "rating 52 at 27, top 94: 53",%0A+   "rating 53 at 27, top 94: 54",%0A+   "rating 54 at 27, top 94: 55",%0A+   "rating 55 at 27, top 94: 56",%0A+   "rating 56 at 27, top 94: 57",%0A+   "rating 57 at 27, top 94: 58",%0A+   "rating 58 at 27, top 94: 59",%0A+   "rating 59 at 27, top 94: 60",%0A+   "rating 60 at 27, top 94: 61",%0A+   "rating 61 at 27, top 94: 62",%0A+   "rating 62 at 27, top 94: 63",%0A+   "rating 63 at 27, top 94: 64",%0A+   "rating 64 at 27, top 94: 65",%0A+   "rating 65 at 27, top 94: 66",%0A+   "rating 66 at 27, top 94: 67",%0A+   "rating 67 at 27, top 94: 68",%0A+   "rating 68 at 27, top 94: 69",%0A+   "rating 69 at 27, top 94: 70",%0A+   "rating 70 at 27, top 94: 71",%0A+   "rating 71 at 27, top 94: 72",%0A+   "rating 72 at 27, top 94: 73",%0A+   "rating 73 at 27, top 94: 74",%0A+   "rating 74 at 27, top 94: 75",%0A+   "rating 75 at 27, top 94: 76",%0A+   "rating 76 at 27, top 94: 77",%0A+   "rating 77 at 27, top 94: 78",%0A+   "rating 78 at 27, top 94: 79",%0A+   "rating 79 at 27, top 94: 80",%0A+   "rating 80 at 27, top 94: 81",%0A+   "rating 81 at 27, top 94: 82",%0A+   "rating 82 at 27, top 94: 83",%0A+   "rating 83 at 27, top 94: 84",%0A+   "rating 84 at 27, top 94: 85",%0A+   "rating 85 at 27, top 94: 86",%0A+   "rating 86 at 27, top 94: 87",%0A+   "rating 87 at 27, top 94: 88",%0A+   "rating 88 at 27, top 94: 89",%0A+   "rating 89 at 27, top 94: 90",%0A+   "rating 90 at 27, top 94: 91",%0A+   "rating 91 at 27, top 94: 92",%0A+   "rating 92 at 27, top 94: 93",%0A+   "rating 93 at 27, top 94: 94",%0A+   "rating 48 at 28, top 94: 49",%0A+   "rating 49 at 28, top 94: 50",%0A+   "rating 50 at 28, top 94: 51",%0A+   "rating 51 at 28, top 94: 52",%0A+   "rating 52 at 28, top 94: 53",%0A+   "rating 53 at 28, top 94: 54",%0A+   "rating 54 at 28, top 94: 55",%0A+   "rating 55 at 28, top 94: 56",%0A+   "rating 56 at 28, top 94: 57",%0A+   "rating 57 at 28, top 94: 58",%0A+   "rating 58 at 28, top 94: 59",%0A+   "rating 59 at 28, top 94: 60",%0A+   "rating 60 at 28, top 94: 61",%0A+   "rating 61 at 28, top 94: 62",%0A+   "rating 62 at 28, top 94: 63",%0A+   "rating 63 at 28, top 94: 64",%0A+   "rating 64 at 28, top 94: 65",%0A+   "rating 65 at 28, top 94: 66",%0A+   "rating 66 at 28, top 94: 67",%0A+   "rating 67 at 28, top 94: 68",%0A+   "rating 68 at 28, top 94: 69",%0A+   "rating 69 at 28, top 94: 70",%0A+   "rating 70 at 28, top 94: 71",%0A+   "rating 71 at 28, top 94: 72",%0A+   "rating 72 at 28, top 94: 73",%0A+   "rating 73 at 28, top 94: 74",%0A+   "rating 74 at 28, top 94: 75",%0A+   "rating 75 at 28, top 94: 76",%0A+   "rating 76 at 28, top 94: 77",%0A+   "rating 77 at 28, top 94: 78",%0A+   "rating 78 at 28, top 94: 79",%0A+   "rating 79 at 28, top 94: 80",%0A+   "rating 80 at 28, top 94: 81",%0A+   "rating 81 at 28, top 94: 82",%0A+   "rating 82 at 28, top 94: 83",%0A+   "rating 83 at 28, top 94: 84",%0A+   "rating 84 at 28, top 94: 85",%0A+   "rating 85 at 28, top 94: 86",%0A+   "rating 86 at 28, top 94: 87",%0A+   "rating 87 at 28, top 94: 88",%0A+   "rating 88 at 28, top 94: 89",%0A+   "rating 89 at 28, top 94: 90",%0A+   "rating 90 at 28, top 94: 91",%0A+   "rating 91 at 28, top 94: 92",%0A+   "rating 92 at 28, top 94: 93",%0A+   "rating 93 at 28, top 94: 94",%0A+   "rating 48 at 29, top 94: 49",%0A+   "rating 49 at 29, top 94: 50",%0A+   "rating 50 at 29, top 94: 51",%0A+   "rating 51 at 29, top 94: 52",%0A+   "rating 52 at 29, top 94: 53",%0A+   "rating 53 at 29, top 94: 54",%0A+   "rating 54 at 29, top 94: 55",%0A+   "rating 55 at 29, top 94: 56",%0A+   "rating 56 at 29, top 94: 57",%0A+   "rating 57 at 29, top 94: 58",%0A+   "rating 58 at 29, top 94: 59",%0A+   "rating 59 at 29, top 94: 60",%0A+   "rating 60 at 29, top 94: 61",%0A+   "rating 61 at 29, top 94: 62",%0A+   "rating 62 at 29, top 94: 63",%0A+   "rating 63 at 29, top 94: 64",%0A+   "rating 64 at 29, top 94: 65",%0A+   "rating 65 at 29, top 94: 66",%0A+   "rating 66 at 29, top 94: 67",%0A+   "rating 67 at 29, top 94: 68",%0A+   "rating 68 at 29, top 94: 69",%0A+   "rating 69 at 29, top 94: 70",%0A+   "rating 70 at 29, top 94: 71",%0A+   "rating 71 at 29, top 94: 72",%0A+   "rating 72 at 29, top 94: 73",%0A+   "rating 73 at 29, top 94: 74",%0A+   "rating 74 at 29, top 94: 75",%0A+   "rating 75 at 29, top 94: 76",%0A+   "rating 76 at 29, top 94: 77",%0A+   "rating 77 at 29, top 94: 78",%0A+   "rating 78 at 29, top 94: 79",%0A+   "rating 79 at 29, top 94: 80",%0A+   "rating 80 at 29, top 94: 81",%0A+   "rating 81 at 29, top 94: 82",%0A+   "rating 82 at 29, top 94: 83",%0A+   "rating 83 at 29, top 94: 84",%0A+   "rating 84 at 29, top 94: 85",%0A+   "rating 85 at 29, top 94: 86",%0A+   "rating 86 at 29, top 94: 87",%0A+   "rating 87 at 29, top 94: 88",%0A+   "rating 88 at 29, top 94: 89",%0A+   "rating 89 at 29, top 94: 90",%0A+   "rating 90 at 29, top 94: 91",%0A+   "rating 91 at 29, top 94: 92",%0A+   "rating 92 at 29, top 94: 93",%0A+   "rating 93 at 29, top 94: 94",%0A+   "rating 49 at 30, top 94: 49",%0A+   "rating 50 at 30, top 94: 50",%0A+   "rating 51 at 30, top 94: 51",%0A+   "rating 52 at 30, top 94: 52",%0A+   "rating 53 at 30, top 94: 53",%0A+   "rating 54 at 30, top 94: 54",%0A+   "rating 55 at 30, top 94: 55",%0A+   "rating 56 at 30, top 94: 56",%0A+   "rating 57 at 30, top 94: 57",%0A+   "rating 58 at 30, top 94: 58",%0A+   "rating 59 at 30, top 94: 59",%0A+   "rating 60 at 30, top 94: 60",%0A+   "rating 61 at 30, top 94: 61",%0A+   "rating 62 at 30, top 94: 62",%0A+   "rating 63 at 30, top 94: 63",%0A+   "rating 64 at 30, top 94: 64",%0A+   "rating 65 at 30, top 94: 65",%0A+   "rating 66 at 30, top 94: 66",%0A+   "rating 67 at 30, top 94: 67",%0A+   "rating 68 at 30, top 94: 68",%0A+   "rating 69 at 30, top 94: 69",%0A+   "rating 70 at 30, top 94: 70",%0A+   "rating 71 at 30, top 94: 71",%0A+   "rating 72 at 30, top 94: 72",%0A+   "rating 73 at 30, top 94: 73",%0A+   "rating 74 at 30, top 94: 74",%0A+   "rating 75 at 30, top 94: 75",%0A+   "rating 76 at 30, top 94: 76",%0A+   "rating 77 at 30, top 94: 77",%0A+   "rating 78 at 30, top 94: 78",%0A+   "rating 79 at 30, top 94: 79",%0A+   "rating 80 at 30, top 94: 80",%0A+   "rating 81 at 30, top 94: 81",%0A+   "rating 82 at 30, top 94: 82",%0A+   "rating 83 at 30, top 94: 83",%0A+   "rating 84 at 30, top 94: 84",%0A+   "rating 85 at 30, top 94: 85",%0A+   "rating 86 at 30, top 94: 86",%0A+   "rating 87 at 30, top 94: 87",%0A+   "rating 88 at 30, top 94: 88",%0A+   "rating 89 at 30, top 94: 89",%0A+   "rating 90 at 30, top 94: 90",%0A+   "rating 91 at 30, top 94: 91",%0A+   "rating 92 at 30, top 94: 92",%0A+   "rating 93 at 30, top 94: 93",%0A+   "rating 94 at 30, top 94: 94",%0A+   "rating 50 at 31, top 94: 49",%0A+   "rating 51 at 31, top 94: 50",%0A+   "rating 52 at 31, top 94: 51",%0A+   "rating 53 at 31, top 94: 52",%0A+   "rating 54 at 31, top 94: 53",%0A+   "rating 55 at 31, top 94: 54",%0A+   "rating 56 at 31, top 94: 55",%0A+   "rating 57 at 31, top 94: 56",%0A+   "rating 58 at 31, top 94: 57",%0A+   "rating 59 at 31, top 94: 58",%0A+   "rating 60 at 31, top 94: 59",%0A+   "rating 61 at 31, top 94: 60",%0A+   "rating 62 at 31, top 94: 61",%0A+   "rating 63 at 31, top 94: 62",%0A+   "rating 64 at 31, top 94: 63",%0A+   "rating 65 at 31, top 94: 64",%0A+   "rating 66 at 31, top 94: 65",%0A+   "rating 67 at 31, top 94: 66",%0A+   "rating 68 at 31, top 94: 67",%0A+   "rating 69 at 31, top 94: 68",%0A+   "rating 70 at 31, top 94: 69",%0A+   "rating 71 at 31, top 94: 70",%0A+   "rating 72 at 31, top 94: 71",%0A+   "rating 73 at 31, top 94: 72",%0A+   "rating 74 at 31, top 94: 73",%0A+   "rating 75 at 31, top 94: 74",%0A+   "rating 76 at 31, top 94: 75",%0A+   "rating 77 at 31, top 94: 76",%0A+   "rating 78 at 31, top 94: 77",%0A+   "rating 79 at 31, top 94: 78",%0A+   "rating 80 at 31, top 94: 79",%0A+   "rating 81 at 31, top 94: 80",%0A+   "rating 82 at 31, top 94: 81",%0A+   "rating 83 at 31, top 94: 82",%0A+   "rating 84 at 31, top 94: 83",%0A+   "rating 85 at 31, top 94: 84",%0A+   "rating 86 at 31, top 94: 85",%0A+   "rating 87 at 31, top 94: 86",%0A+   "rating 88 at 31, top 94: 87",%0A+   "rating 89 at 31, top 94: 88",%0A+   "rating 90 at 31, top 94: 89",%0A+   "rating 91 at 31, top 94: 90",%0A+   "rating 92 at 31, top 94: 91",%0A+   "rating 93 at 31, top 94: 92",%0A+   "rating 94 at 31, top 94: 94",%0A+   "rating 50 at 32, top 94: 49",%0A+   "rating 51 at 32, top 94: 50",%0A+   "rating 52 at 32, top 94: 51",%0A+   "rating 53 at 32, top 94: 52",%0A+   "rating 54 at 32, top 94: 53",%0A+   "rating 55 at 32, top 94: 54",%0A+   "rating 56 at 32, top 94: 55",%0A+   "rating 57 at 32, top 94: 56",%0A+   "rating 58 at 32, top 94: 57",%0A+   "rating 59 at 32, top 94: 58",%0A+   "rating 60 at 32, top 94: 59",%0A+   "rating 61 at 32, top 94: 60",%0A+   "rating 62 at 32, top 94: 61",%0A+   "rating 63 at 32, top 94: 62",%0A+   "rating 64 at 32, top 94: 63",%0A+   "rating 65 at 32, top 94: 64",%0A+   "rating 66 at 32, top 94: 65",%0A+   "rating 67 at 32, top 94: 66",%0A+   "rating 68 at 32, top 94: 67",%0A+   "rating 69 at 32, top 94: 68",%0A+   "rating 70 at 32, top 94: 69",%0A+   "rating 71 at 32, top 94: 70",%0A+   "rating 72 at 32, top 94: 71",%0A+   "rating 73 at 32, top 94: 72",%0A+   "rating 74 at 32, top 94: 73",%0A+   "rating 75 at 32, top 94: 74",%0A+   "rating 76 at 32, top 94: 75",%0A+   "rating 77 at 32, top 94: 76",%0A+   "rating 78 at 32, top 94: 77",%0A+   "rating 79 at 32, top 94: 78",%0A+   "rating 80 at 32, top 94: 79",%0A+   "rating 81 at 32, top 94: 80",%0A+   "rating 82 at 32, top 94: 81",%0A+   "rating 83 at 32, top 94: 82",%0A+   "rating 84 at 32, top 94: 83",%0A+   "rating 85 at 32, top 94: 84",%0A+   "rating 86 at 32, top 94: 85",%0A+   "rating 87 at 32, top 94: 86",%0A+   "rating 88 at 32, top 94: 87",%0A+   "rating 89 at 32, top 94: 88",%0A+   "rating 90 at 32, top 94: 89",%0A+   "rating 91 at 32, top 94: 90",%0A+   "rating 92 at 32, top 94: 91",%0A+   "rating 93 at 32, top 94: 92",%0A+   "rating 94 at 32, top 94: 94",%0A+   "rating 51 at 33, top 94: 49",%0A+   "rating 52 at 33, top 94: 50",%0A+   "rating 53 at 33, top 94: 51",%0A+   "rating 54 at 33, top 94: 52",%0A+   "rating 55 at 33, top 94: 53",%0A+   "rating 56 at 33, top 94: 54",%0A+   "rating 57 at 33, top 94: 55",%0A+   "rating 58 at 33, top 94: 56",%0A+   "rating 59 at 33, top 94: 57",%0A+   "rating 60 at 33, top 94: 58",%0A+   "rating 61 at 33, top 94: 59",%0A+   "rating 62 at 33, top 94: 60",%0A+   "rating 63 at 33, top 94: 61",%0A+   "rating 64 at 33, top 94: 62",%0A+   "rating 65 at 33, top 94: 63",%0A+   "rating 66 at 33, top 94: 64",%0A+   "rating 67 at 33, top 94: 65",%0A+   "rating 68 at 33, top 94: 66",%0A+   "rating 69 at 33, top 94: 67",%0A+   "rating 70 at 33, top 94: 68",%0A+   "rating 71 at 33, top 94: 69",%0A+   "rating 72 at 33, top 94: 70",%0A+   "rating 73 at 33, top 94: 71",%0A+   "rating 74 at 33, top 94: 72",%0A+   "rating 75 at 33, top 94: 73",%0A+   "rating 76 at 33, top 94: 74",%0A+   "rating 77 at 33, top 94: 75",%0A+   "rating 78 at 33, top 94: 76",%0A+   "rating 79 at 33, top 94: 77",%0A+   "rating 80 at 33, top 94: 78",%0A+   "rating 81 at 33, top 94: 79",%0A+   "rating 82 at 33, top 94: 80",%0A+   "rating 83 at 33, top 94: 81",%0A+   "rating 84 at 33, top 94: 82",%0A+   "rating 85 at 33, top 94: 83",%0A+   "rating 86 at 33, top 94: 84",%0A+   "rating 87 at 33, top 94: 85",%0A+   "rating 88 at 33, top 94: 86",%0A+   "rating 89 at 33, top 94: 87",%0A+   "rating 90 at 33, top 94: 88",%0A+   "rating 91 at 33, top 94: 89",%0A+   "rating 92 at 33, top 94: 90",%0A+   "rating 93 at 33, top 94: 91",%0A+   "rating 94 at 33, top 94: 94",%0A+   "rating 52 at 34, top 94: 49",%0A+   "rating 53 at 34, top 94: 50",%0A+   "rating 54 at 34, top 94: 51",%0A+   "rating 55 at 34, top 94: 52",%0A+   "rating 56 at 34, top 94: 53",%0A+   "rating 57 at 34, top 94: 54",%0A+   "rating 58 at 34, top 94: 55",%0A+   "rating 59 at 34, top 94: 56",%0A+   "rating 60 at 34, top 94: 57",%0A+   "rating 61 at 34, top 94: 58",%0A+   "rating 62 at 34, top 94: 59",%0A+   "rating 63 at 34, top 94: 60",%0A+   "rating 64 at 34, top 94: 61",%0A+   "rating 65 at 34, top 94: 62",%0A+   "rating 66 at 34, top 94: 63",%0A+   "rating 67 at 34, top 94: 64",%0A+   "rating 68 at 34, top 94: 65",%0A+   "rating 69 at 34, top 94: 66",%0A+   "rating 70 at 34, top 94: 67",%0A+   "rating 71 at 34, top 94: 68",%0A+   "rating 72 at 34, top 94: 69",%0A+   "rating 73 at 34, top 94: 70",%0A+   "rating 74 at 34, top 94: 71",%0A+   "rating 75 at 34, top 94: 72",%0A+   "rating 76 at 34, top 94: 73",%0A+   "rating 77 at 34, top 94: 74",%0A+   "rating 78 at 34, top 94: 75",%0A+   "rating 79 at 34, top 94: 76",%0A+   "rating 80 at 34, top 94: 77",%0A+   "rating 81 at 34, top 94: 78",%0A+   "rating 82 at 34, top 94: 79",%0A+   "rating 83 at 34, top 94: 80",%0A+   "rating 84 at 34, top 94: 81",%0A+   "rating 85 at 34, top 94: 82",%0A+   "rating 86 at 34, top 94: 83",%0A+   "rating 87 at 34, top 94: 84",%0A+   "rating 88 at 34, top 94: 85",%0A+   "rating 89 at 34, top 94: 86",%0A+   "rating 90 at 34, top 94: 87",%0A+   "rating 91 at 34, top 94: 88",%0A+   "rating 92 at 34, top 94: 89",%0A+   "rating 93 at 34, top 94: 90",%0A+   "rating 94 at 34, top 94: 94",%0A+   "rating 53 at 35, top 94: 49",%0A+   "rating 54 at 35, top 94: 50",%0A+   "rating 55 at 35, top 94: 51",%0A+   "rating 56 at 35, top 94: 52",%0A+   "rating 57 at 35, top 94: 53",%0A+   "rating 58 at 35, top 94: 54",%0A+   "rating 59 at 35, top 94: 55",%0A+   "rating 60 at 35, top 94: 56",%0A+   "rating 61 at 35, top 94: 57",%0A+   "rating 62 at 35, top 94: 58",%0A+   "rating 63 at 35, top 94: 59",%0A+   "rating 64 at 35, top 94: 60",%0A+   "rating 65 at 35, top 94: 61",%0A+   "rating 66 at 35, top 94: 62",%0A+   "rating 67 at 35, top 94: 63",%0A+   "rating 68 at 35, top 94: 64",%0A+   "rating 69 at 35, top 94: 65",%0A+   "rating 70 at 35, top 94: 66",%0A+   "rating 71 at 35, top 94: 67",%0A+   "rating 72 at 35, top 94: 68",%0A+   "rating 73 at 35, top 94: 69",%0A+   "rating 74 at 35, top 94: 70",%0A+   "rating 75 at 35, top 94: 71",%0A+   "rating 76 at 35, top 94: 72",%0A+   "rating 77 at 35, top 94: 73",%0A+   "rating 78 at 35, top 94: 74",%0A+   "rating 79 at 35, top 94: 75",%0A+   "rating 80 at 35, top 94: 76",%0A+   "rating 81 at 35, top 94: 77",%0A+   "rating 82 at 35, top 94: 78",%0A+   "rating 83 at 35, top 94: 79",%0A+   "rating 84 at 35, top 94: 80",%0A+   "rating 85 at 35, top 94: 81",%0A+   "rating 86 at 35, top 94: 82",%0A+   "rating 87 at 35, top 94: 83",%0A+   "rating 88 at 35, top 94: 84",%0A+   "rating 89 at 35, top 94: 85",%0A+   "rating 90 at 35, top 94: 86",%0A+   "rating 91 at 35, top 94: 87",%0A+   "rating 92 at 35, top 94: 88",%0A+   "rating 93 at 35, top 94: 89",%0A+   "rating 94 at 35, top 94: 94",%0A+   "rating 54 at 36, top 94: 49",%0A+   "rating 55 at 36, top 94: 50",%0A+   "rating 56 at 36, top 94: 51",%0A+   "rating 57 at 36, top 94: 52",%0A+   "rating 58 at 36, top 94: 53",%0A+   "rating 59 at 36, top 94: 54",%0A+   "rating 60 at 36, top 94: 55",%0A+   "rating 61 at 36, top 94: 56",%0A+   "rating 62 at 36, top 94: 57",%0A+   "rating 63 at 36, top 94: 58",%0A+   "rating 64 at 36, top 94: 59",%0A+   "rating 65 at 36, top 94: 60",%0A+   "rating 66 at 36, top 94: 61",%0A+   "rating 67 at 36, top 94: 62",%0A+   "rating 68 at 36, top 94: 63",%0A+   "rating 69 at 36, top 94: 64",%0A+   "rating 70 at 36, top 94: 65",%0A+   "rating 71 at 36, top 94: 66",%0A+   "rating 72 at 36, top 94: 67",%0A+   "rating 73 at 36, top 94: 68",%0A+   "rating 74 at 36, top 94: 69",%0A+   "rating 75 at 36, top 94: 70",%0A+   "rating 76 at 36, top 94: 71",%0A+   "rating 77 at 36, top 94: 72",%0A+   "rating 78 at 36, top 94: 73",%0A+   "rating 79 at 36, top 94: 74",%0A+   "rating 80 at 36, top 94: 75",%0A+   "rating 81 at 36, top 94: 76",%0A+   "rating 82 at 36, top 94: 77",%0A+   "rating 83 at 36, top 94: 78",%0A+   "rating 84 at 36, top 94: 79",%0A+   "rating 85 at 36, top 94: 80",%0A+   "rating 86 at 36, top 94: 81",%0A+   "rating 87 at 36, top 94: 82",%0A+   "rating 88 at 36, top 94: 83",%0A+   "rating 89 at 36, top 94: 84",%0A+   "rating 90 at 36, top 94: 85",%0A+   "rating 91 at 36, top 94: 86",%0A+   "rating 92 at 36, top 94: 87",%0A+   "rating 93 at 36, top 94: 88",%0A+   "rating 94 at 36, top 94: 94",%0A+   "rating 55 at 37, top 94: 49",%0A+   "rating 56 at 37, top 94: 50",%0A+   "rating 57 at 37, top 94: 51",%0A+   "rating 58 at 37, top 94: 52",%0A+   "rating 59 at 37, top 94: 53",%0A+   "rating 60 at 37, top 94: 54",%0A+   "rating 61 at 37, top 94: 55",%0A+   "rating 62 at 37, top 94: 56",%0A+   "rating 63 at 37, top 94: 57",%0A+   "rating 64 at 37, top 94: 58",%0A+   "rating 65 at 37, top 94: 59",%0A+   "rating 66 at 37, top 94: 60",%0A+   "rating 67 at 37, top 94: 61",%0A+   "rating 68 at 37, top 94: 62",%0A+   "rating 69 at 37, top 94: 63",%0A+   "rating 70 at 37, top 94: 64",%0A+   "rating 71 at 37, top 94: 65",%0A+   "rating 72 at 37, top 94: 66",%0A+   "rating 73 at 37, top 94: 67",%0A+   "rating 74 at 37, top 94: 68",%0A+   "rating 75 at 37, top 94: 69",%0A+   "rating 76 at 37, top 94: 70",%0A+   "rating 77 at 37, top 94: 71",%0A+   "rating 78 at 37, top 94: 72",%0A+   "rating 79 at 37, top 94: 73",%0A+   "rating 80 at 37, top 94: 74",%0A+   "rating 81 at 37, top 94: 75",%0A+   "rating 82 at 37, top 94: 76",%0A+   "rating 83 at 37, top 94: 77",%0A+   "rating 84 at 37, top 94: 78",%0A+   "rating 85 at 37, top 94: 79",%0A+   "rating 86 at 37, top 94: 80",%0A+   "rating 87 at 37, top 94: 81",%0A+   "rating 88 at 37, top 94: 82",%0A+   "rating 89 at 37, top 94: 83",%0A+   "rating 90 at 37, top 94: 84",%0A+   "rating 91 at 37, top 94: 85",%0A+   "rating 92 at 37, top 94: 86",%0A+   "rating 93 at 37, top 94: 87",%0A+   "rating 94 at 37, top 94: 94",%0A+   "rating 56 at 38, top 94: 49",%0A+   "rating 57 at 38, top 94: 50",%0A+   "rating 58 at 38, top 94: 51",%0A+   "rating 59 at 38, top 94: 52",%0A+   "rating 60 at 38, top 94: 53",%0A+   "rating 61 at 38, top 94: 54",%0A+   "rating 62 at 38, top 94: 55",%0A+   "rating 63 at 38, top 94: 56",%0A+   "rating 64 at 38, top 94: 57",%0A+   "rating 65 at 38, top 94: 58",%0A+   "rating 66 at 38, top 94: 59",%0A+   "rating 67 at 38, top 94: 60",%0A+   "rating 68 at 38, top 94: 61",%0A+   "rating 69 at 38, top 94: 62",%0A+   "rating 70 at 38, top 94: 63",%0A+   "rating 71 at 38, top 94: 64",%0A+   "rating 72 at 38, top 94: 65",%0A+   "rating 73 at 38, top 94: 66",%0A+   "rating 74 at 38, top 94: 67",%0A+   "rating 75 at 38, top 94: 68",%0A+   "rating 76 at 38, top 94: 69",%0A+   "rating 77 at 38, top 94: 70",%0A+   "rating 78 at 38, top 94: 71",%0A+   "rating 79 at 38, top 94: 72",%0A+   "rating 80 at 38, top 94: 73",%0A+   "rating 81 at 38, top 94: 74",%0A+   "rating 82 at 38, top 94: 75",%0A+   "rating 83 at 38, top 94: 76",%0A+   "rating 84 at 38, top 94: 77",%0A+   "rating 85 at 38, top 94: 78",%0A+   "rating 86 at 38, top 94: 79",%0A+   "rating 87 at 38, top 94: 80",%0A+   "rating 88 at 38, top 94: 81",%0A+   "rating 89 at 38, top 94: 82",%0A+   "rating 90 at 38, top 94: 83",%0A+   "rating 91 at 38, top 94: 84",%0A+   "rating 92 at 38, top 94: 85",%0A+   "rating 93 at 38, top 94: 86",%0A+   "rating 94 at 38, top 94: 94",%0A+   "rating 56 at 39, top 94: 49",%0A+   "rating 57 at 39, top 94: 50",%0A+   "rating 58 at 39, top 94: 51",%0A+   "rating 59 at 39, top 94: 52",%0A+   "rating 60 at 39, top 94: 53",%0A+   "rating 61 at 39, top 94: 54",%0A+   "rating 62 at 39, top 94: 55",%0A+   "rating 63 at 39, top 94: 56",%0A+   "rating 64 at 39, top 94: 57",%0A+   "rating 65 at 39, top 94: 58",%0A+   "rating 66 at 39, top 94: 59",%0A+   "rating 67 at 39, top 94: 60",%0A+   "rating 68 at 39, top 94: 61",%0A+   "rating 69 at 39, top 94: 62",%0A+   "rating 70 at 39, top 94: 63",%0A+   "rating 71 at 39, top 94: 64",%0A+   "rating 72 at 39, top 94: 65",%0A+   "rating 73 at 39, top 94: 66",%0A+   "rating 74 at 39, top 94: 67",%0A+   "rating 75 at 39, top 94: 68",%0A+   "rating 76 at 39, top 94: 69",%0A+   "rating 77 at 39, top 94: 70",%0A+   "rating 78 at 39, top 94: 71",%0A+   "rating 79 at 39, top 94: 72",%0A+   "rating 80 at 39, top 94: 73",%0A+   "rating 81 at 39, top 94: 74",%0A+   "rating 82 at 39, top 94: 75",%0A+   "rating 83 at 39, top 94: 76",%0A+   "rating 84 at 39, top 94: 77",%0A+   "rating 85 at 39, top 94: 78",%0A+   "rating 86 at 39, top 94: 79",%0A+   "rating 87 at 39, top 94: 80",%0A+   "rating 88 at 39, top 94: 81",%0A+   "rating 89 at 39, top 94: 82",%0A+   "rating 90 at 39, top 94: 83",%0A+   "rating 91 at 39, top 94: 84",%0A+   "rating 92 at 39, top 94: 85",%0A+   "rating 93 at 39, top 94: 86",%0A+   "rating 94 at 39, top 94: 94",%0A+   "rating 56 at 40, top 94: 49",%0A+   "rating 57 at 40, top 94: 50",%0A+   "rating 58 at 40, top 94: 51",%0A+   "rating 59 at 40, top 94: 52",%0A+   "rating 60 at 40, top 94: 53",%0A+   "rating 61 at 40, top 94: 54",%0A+   "rating 62 at 40, top 94: 55",%0A+   "rating 63 at 40, top 94: 56",%0A+   "rating 64 at 40, top 94: 57",%0A+   "rating 65 at 40, top 94: 58",%0A+   "rating 66 at 40, top 94: 59",%0A+   "rating 67 at 40, top 94: 60",%0A+   "rating 68 at 40, top 94: 61",%0A+   "rating 69 at 40, top 94: 62",%0A+   "rating 70 at 40, top 94: 63",%0A+   "rating 71 at 40, top 94: 64",%0A+   "rating 72 at 40, top 94: 65",%0A+   "rating 73 at 40, top 94: 66",%0A+   "rating 74 at 40, top 94: 67",%0A+   "rating 75 at 40, top 94: 68",%0A+   "rating 76 at 40, top 94: 69",%0A+   "rating 77 at 40, top 94: 70",%0A+   "rating 78 at 40, top 94: 71",%0A+   "rating 79 at 40, top 94: 72",%0A+   "rating 80 at 40, top 94: 73",%0A+   "rating 81 at 40, top 94: 74",%0A+   "rating 82 at 40, top 94: 75",%0A+   "rating 83 at 40, top 94: 76",%0A+   "rating 84 at 40, top 94: 77",%0A+   "rating 85 at 40, top 94: 78",%0A+   "rating 86 at 40, top 94: 79",%0A+   "rating 87 at 40, top 94: 80",%0A+   "rating 88 at 40, top 94: 81",%0A+   "rating 89 at 40, top 94: 82",%0A+   "rating 90 at 40, top 94: 83",%0A+   "rating 91 at 40, top 94: 84",%0A+   "rating 92 at 40, top 94: 85",%0A+   "rating 93 at 40, top 94: 86",%0A+   "rating 94 at 40, top 94: 94",%0A+   "rating 56 at 41, top 94: 49",%0A+   "rating 57 at 41, top 94: 50",%0A+   "rating 58 at 41, top 94: 51",%0A+   "rating 59 at 41, top 94: 52",%0A+   "rating 60 at 41, top 94: 53",%0A+   "rating 61 at 41, top 94: 54",%0A+   "rating 62 at 41, top 94: 55",%0A+   "rating 63 at 41, top 94: 56",%0A+   "rating 64 at 41, top 94: 57",%0A+   "rating 65 at 41, top 94: 58",%0A+   "rating 66 at 41, top 94: 59",%0A+   "rating 67 at 41, top 94: 60",%0A+   "rating 68 at 41, top 94: 61",%0A+   "rating 69 at 41, top 94: 62",%0A+   "rating 70 at 41, top 94: 63",%0A+   "rating 71 at 41, top 94: 64",%0A+   "rating 72 at 41, top 94: 65",%0A+   "rating 73 at 41, top 94: 66",%0A+   "rating 74 at 41, top 94: 67",%0A+   "rating 75 at 41, top 94: 68",%0A+   "rating 76 at 41, top 94: 69",%0A+   "rating 77 at 41, top 94: 70",%0A+   "rating 78 at 41, top 94: 71",%0A+   "rating 79 at 41, top 94: 72",%0A+   "rating 80 at 41, top 94: 73",%0A+   "rating 81 at 41, top 94: 74",%0A+   "rating 82 at 41, top 94: 75",%0A+   "rating 83 at 41, top 94: 76",%0A+   "rating 84 at 41, top 94: 77",%0A+   "rating 85 at 41, top 94: 78",%0A+   "rating 86 at 41, top 94: 79",%0A+   "rating 87 at 41, top 94: 80",%0A+   "rating 88 at 41, top 94: 81",%0A+   "rating 89 at 41, top 94: 82",%0A+   "rating 90 at 41, top 94: 83",%0A+   "rating 91 at 41, top 94: 84",%0A+   "rating 92 at 41, top 94: 85",%0A+   "rating 93 at 41, top 94: 86",%0A+   "rating 94 at 41, top 94: 94",%0A+   "rating 56 at 42, top 94: 49",%0A+   "rating 57 at 42, top 94: 50",%0A+   "rating 58 at 42, top 94: 51",%0A+   "rating 59 at 42, top 94: 52",%0A+   "rating 60 at 42, top 94: 53",%0A+   "rating 61 at 42, top 94: 54",%0A+   "rating 62 at 42, top 94: 55",%0A+   "rating 63 at 42, top 94: 56",%0A+   "rating 64 at 42, top 94: 57",%0A+   "rating 65 at 42, top 94: 58",%0A+   "rating 66 at 42, top 94: 59",%0A+   "rating 67 at 42, top 94: 60",%0A+   "rating 68 at 42, top 94: 61",%0A+   "rating 69 at 42, top 94: 62",%0A+   "rating 70 at 42, top 94: 63",%0A+   "rating 71 at 42, top 94: 64",%0A+   "rating 72 at 42, top 94: 65",%0A+   "rating 73 at 42, top 94: 66",%0A+   "rating 74 at 42, top 94: 67",%0A+   "rating 75 at 42, top 94: 68",%0A+   "rating 76 at 42, top 94: 69",%0A+   "rating 77 at 42, top 94: 70",%0A+   "rating 78 at 42, top 94: 71",%0A+   "rating 79 at 42, top 94: 72",%0A+   "rating 80 at 42, top 94: 73",%0A+   "rating 81 at 42, top 94: 74",%0A+   "rating 82 at 42, top 94: 75",%0A+   "rating 83 at 42, top 94: 76",%0A+   "rating 84 at 42, top 94: 77",%0A+   "rating 85 at 42, top 94: 78",%0A+   "rating 86 at 42, top 94: 79",%0A+   "rating 87 at 42, top 94: 80",%0A+   "rating 88 at 42, top 94: 81",%0A+   "rating 89 at 42, top 94: 82",%0A+   "rating 90 at 42, top 94: 83",%0A+   "rating 91 at 42, top 94: 84",%0A+   "rating 92 at 42, top 94: 85",%0A+   "rating 93 at 42, top 94: 86",%0A+   "rating 94 at 42, top 94: 94",%0A+   "rating 56 at 43, top 94: 49",%0A+   "rating 57 at 43, top 94: 50",%0A+   "rating 58 at 43, top 94: 51",%0A+   "rating 59 at 43, top 94: 52",%0A+   "rating 60 at 43, top 94: 53",%0A+   "rating 61 at 43, top 94: 54",%0A+   "rating 62 at 43, top 94: 55",%0A+   "rating 63 at 43, top 94: 56",%0A+   "rating 64 at 43, top 94: 57",%0A+   "rating 65 at 43, top 94: 58",%0A+   "rating 66 at 43, top 94: 59",%0A+   "rating 67 at 43, top 94: 60",%0A+   "rating 68 at 43, top 94: 61",%0A+   "rating 69 at 43, top 94: 62",%0A+   "rating 70 at 43, top 94: 63",%0A+   "rating 71 at 43, top 94: 64",%0A+   "rating 72 at 43, top 94: 65",%0A+   "rating 73 at 43, top 94: 66",%0A+   "rating 74 at 43, top 94: 67",%0A+   "rating 75 at 43, top 94: 68",%0A+   "rating 76 at 43, top 94: 69",%0A+   "rating 77 at 43, top 94: 70",%0A+   "rating 78 at 43, top 94: 71",%0A+   "rating 79 at 43, top 94: 72",%0A+   "rating 80 at 43, top 94: 73",%0A+   "rating 81 at 43, top 94: 74",%0A+   "rating 82 at 43, top 94: 75",%0A+   "rating 83 at 43, top 94: 76",%0A+   "rating 84 at 43, top 94: 77",%0A+   "rating 85 at 43, top 94: 78",%0A+   "rating 86 at 43, top 94: 79",%0A+   "rating 87 at 43, top 94: 80",%0A+   "rating 88 at 43, top 94: 81",%0A+   "rating 89 at 43, top 94: 82",%0A+   "rating 90 at 43, top 94: 83",%0A+   "rating 91 at 43, top 94: 84",%0A+   "rating 92 at 43, top 94: 85",%0A+   "rating 93 at 43, top 94: 86",%0A+   "rating 94 at 43, top 94: 94",%0A+   "rating 56 at 44, top 94: 49",%0A+   "rating 57 at 44, top 94: 50",%0A+   "rating 58 at 44, top 94: 51",%0A+   "rating 59 at 44, top 94: 52",%0A+   "rating 60 at 44, top 94: 53",%0A+   "rating 61 at 44, top 94: 54",%0A+   "rating 62 at 44, top 94: 55",%0A+   "rating 63 at 44, top 94: 56",%0A+   "rating 64 at 44, top 94: 57",%0A+   "rating 65 at 44, top 94: 58",%0A+   "rating 66 at 44, top 94: 59",%0A+   "rating 67 at 44, top 94: 60",%0A+   "rating 68 at 44, top 94: 61",%0A+   "rating 69 at 44, top 94: 62",%0A+   "rating 70 at 44, top 94: 63",%0A+   "rating 71 at 44, top 94: 64",%0A+   "rating 72 at 44, top 94: 65",%0A+   "rating 73 at 44, top 94: 66",%0A+   "rating 74 at 44, top 94: 67",%0A+   "rating 75 at 44, top 94: 68",%0A+   "rating 76 at 44, top 94: 69",%0A+   "rating 77 at 44, top 94: 70",%0A+   "rating 78 at 44, top 94: 71",%0A+   "rating 79 at 44, top 94: 72",%0A+   "rating 80 at 44, top 94: 73",%0A+   "rating 81 at 44, top 94: 74",%0A+   "rating 82 at 44, top 94: 75",%0A+   "rating 83 at 44, top 94: 76",%0A+   "rating 84 at 44, top 94: 77",%0A+   "rating 85 at 44, top 94: 78",%0A+   "rating 86 at 44, top 94: 79",%0A+   "rating 87 at 44, top 94: 80",%0A+   "rating 88 at 44, top 94: 81",%0A+   "rating 89 at 44, top 94: 82",%0A+   "rating 90 at 44, top 94: 83",%0A+   "rating 91 at 44, top 94: 84",%0A+   "rating 92 at 44, top 94: 85",%0A+   "rating 93 at 44, top 94: 86",%0A+   "rating 94 at 44, top 94: 94",%0A+   "rating 56 at 45, top 94: 49",%0A+   "rating 57 at 45, top 94: 50",%0A+   "rating 58 at 45, top 94: 51",%0A+   "rating 59 at 45, top 94: 52",%0A+   "rating 60 at 45, top 94: 53",%0A+   "rating 61 at 45, top 94: 54",%0A+   "rating 62 at 45, top 94: 55",%0A+   "rating 63 at 45, top 94: 56",%0A+   "rating 64 at 45, top 94: 57",%0A+   "rating 65 at 45, top 94: 58",%0A+   "rating 66 at 45, top 94: 59",%0A+   "rating 67 at 45, top 94: 60",%0A+   "rating 68 at 45, top 94: 61",%0A+   "rating 69 at 45, top 94: 62",%0A+   "rating 70 at 45, top 94: 63",%0A+   "rating 71 at 45, top 94: 64",%0A+   "rating 72 at 45, top 94: 65",%0A+   "rating 73 at 45, top 94: 66",%0A+   "rating 74 at 45, top 94: 67",%0A+   "rating 75 at 45, top 94: 68",%0A+   "rating 76 at 45, top 94: 69",%0A+   "rating 77 at 45, top 94: 70",%0A+   "rating 78 at 45, top 94: 71",%0A+   "rating 79 at 45, top 94: 72",%0A+   "rating 80 at 45, top 94: 73",%0A+   "rating 81 at 45, top 94: 74",%0A+   "rating 82 at 45, top 94: 75",%0A+   "rating 83 at 45, top 94: 76",%0A+   "rating 84 at 45, top 94: 77",%0A+   "rating 85 at 45, top 94: 78",%0A+   "rating 86 at 45, top 94: 79",%0A+   "rating 87 at 45, top 94: 80",%0A+   "rating 88 at 45, top 94: 81",%0A+   "rating 89 at 45, top 94: 82",%0A+   "rating 90 at 45, top 94: 83",%0A+   "rating 91 at 45, top 94: 84",%0A+   "rating 92 at 45, top 94: 85",%0A+   "rating 93 at 45, top 94: 86",%0A+   "rating 94 at 45, top 94: 94",%0A+   "rating 48 at 14, top 96: 55",%0A+   "rating 49 at 14, top 96: 56",%0A+   "rating 50 at 14, top 96: 57",%0A+   "rating 51 at 14, top 96: 58",%0A+   "rating 52 at 14, top 96: 59",%0A+   "rating 53 at 14, top 96: 60",%0A+   "rating 54 at 14, top 96: 61",%0A+   "rating 55 at 14, top 96: 62",%0A+   "rating 56 at 14, top 96: 63",%0A+   "rating 57 at 14, top 96: 64",%0A+   "rating 58 at 14, top 96: 65",%0A+   "rating 59 at 14, top 96: 66",%0A+   "rating 60 at 14, top 96: 67",%0A+   "rating 61 at 14, top 96: 68",%0A+   "rating 62 at 14, top 96: 69",%0A+   "rating 63 at 14, top 96: 70",%0A+   "rating 64 at 14, top 96: 71",%0A+   "rating 65 at 14, top 96: 72",%0A+   "rating 66 at 14, top 96: 73",%0A+   "rating 67 at 14, top 96: 74",%0A+   "rating 68 at 14, top 96: 75",%0A+   "rating 69 at 14, top 96: 76",%0A+   "rating 70 at 14, top 96: 77",%0A+   "rating 71 at 14, top 96: 78",%0A+   "rating 72 at 14, top 96: 79",%0A+   "rating 73 at 14, top 96: 80",%0A+   "rating 74 at 14, top 96: 81",%0A+   "rating 75 at 14, top 96: 82",%0A+   "rating 76 at 14, top 96: 83",%0A+   "rating 77 at 14, top 96: 84",%0A+   "rating 78 at 14, top 96: 85",%0A+   "rating 80 at 14, top 96: 86",%0A+   "rating 81 at 14, top 96: 87",%0A+   "rating 83 at 14, top 96: 88",%0A+   "rating 84 at 14, top 96: 89",%0A+   "rating 86 at 14, top 96: 90",%0A+   "rating 87 at 14, top 96: 91",%0A+   "rating 89 at 14, top 96: 92",%0A+   "rating 90 at 14, top 96: 93",%0A+   "rating 92 at 14, top 96: 94",%0A+   "rating 93 at 14, top 96: 95",%0A+   "rating 95 at 14, top 96: 96",%0A+   "rating 48 at 15, top 96: 55",%0A+   "rating 49 at 15, top 96: 56",%0A+   "rating 50 at 15, top 96: 57",%0A+   "rating 51 at 15, top 96: 58",%0A+   "rating 52 at 15, top 96: 59",%0A+   "rating 53 at 15, top 96: 60",%0A+   "rating 54 at 15, top 96: 61",%0A+   "rating 55 at 15, top 96: 62",%0A+   "rating 56 at 15, top 96: 63",%0A+   "rating 57 at 15, top 96: 64",%0A+   "rating 58 at 15, top 96: 65",%0A+   "rating 59 at 15, top 96: 66",%0A+   "rating 60 at 15, top 96: 67",%0A+   "rating 61 at 15, top 96: 68",%0A+   "rating 62 at 15, top 96: 69",%0A+   "rating 63 at 15, top 96: 70",%0A+   "rating 64 at 15, top 96: 71",%0A+   "rating 65 at 15, top 96: 72",%0A+   "rating 66 at 15, top 96: 73",%0A+   "rating 67 at 15, top 96: 74",%0A+   "rating 68 at 15, top 96: 75",%0A+   "rating 69 at 15, top 96: 76",%0A+   "rating 70 at 15, top 96: 77",%0A+   "rating 71 at 15, top 96: 78",%0A+   "rating 72 at 15, top 96: 79",%0A+   "rating 73 at 15, top 96: 80",%0A+   "rating 74 at 15, top 96: 81",%0A+   "rating 75 at 15, top 96: 82",%0A+   "rating 76 at 15, top 96: 83",%0A+   "rating 77 at 15, top 96: 84",%0A+   "rating 78 at 15, top 96: 85",%0A+   "rating 80 at 15, top 96: 86",%0A+   "rating 81 at 15, top 96: 87",%0A+   "rating 83 at 15, top 96: 88",%0A+   "rating 84 at 15, top 96: 89",%0A+   "rating 86 at 15, top 96: 90",%0A+   "rating 87 at 15, top 96: 91",%0A+   "rating 89 at 15, top 96: 92",%0A+   "rating 90 at 15, top 96: 93",%0A+   "rating 92 at 15, top 96: 94",%0A+   "rating 93 at 15, top 96: 95",%0A+   "rating 95 at 15, top 96: 96",%0A+   "rating 48 at 16, top 96: 55",%0A+   "rating 49 at 16, top 96: 56",%0A+   "rating 50 at 16, top 96: 57",%0A+   "rating 51 at 16, top 96: 58",%0A+   "rating 52 at 16, top 96: 59",%0A+   "rating 53 at 16, top 96: 60",%0A+   "rating 54 at 16, top 96: 61",%0A+   "rating 55 at 16, top 96: 62",%0A+   "rating 56 at 16, top 96: 63",%0A+   "rating 57 at 16, top 96: 64",%0A+   "rating 58 at 16, top 96: 65",%0A+   "rating 59 at 16, top 96: 66",%0A+   "rating 60 at 16, top 96: 67",%0A+   "rating 61 at 16, top 96: 68",%0A+   "rating 62 at 16, top 96: 69",%0A+   "rating 63 at 16, top 96: 70",%0A+   "rating 64 at 16, top 96: 71",%0A+   "rating 65 at 16, top 96: 72",%0A+   "rating 66 at 16, top 96: 73",%0A+   "rating 67 at 16, top 96: 74",%0A+   "rating 68 at 16, top 96: 75",%0A+   "rating 69 at 16, top 96: 76",%0A+   "rating 70 at 16, top 96: 77",%0A+   "rating 71 at 16, top 96: 78",%0A+   "rating 72 at 16, top 96: 79",%0A+   "rating 73 at 16, top 96: 80",%0A+   "rating 74 at 16, top 96: 81",%0A+   "rating 75 at 16, top 96: 82",%0A+   "rating 76 at 16, top 96: 83",%0A+   "rating 77 at 16, top 96: 84",%0A+   "rating 78 at 16, top 96: 85",%0A+   "rating 80 at 16, top 96: 86",%0A+   "rating 81 at 16, top 96: 87",%0A+   "rating 83 at 16, top 96: 88",%0A+   "rating 84 at 16, top 96: 89",%0A+   "rating 86 at 16, top 96: 90",%0A+   "rating 87 at 16, top 96: 91",%0A+   "rating 89 at 16, top 96: 92",%0A+   "rating 90 at 16, top 96: 93",%0A+   "rating 92 at 16, top 96: 94",%0A+   "rating 93 at 16, top 96: 95",%0A+   "rating 95 at 16, top 96: 96",%0A+   "rating 48 at 17, top 96: 55",%0A+   "rating 49 at 17, top 96: 56",%0A+   "rating 50 at 17, top 96: 57",%0A+   "rating 51 at 17, top 96: 58",%0A+   "rating 52 at 17, top 96: 59",%0A+   "rating 53 at 17, top 96: 60",%0A+   "rating 54 at 17, top 96: 61",%0A+   "rating 55 at 17, top 96: 62",%0A+   "rating 56 at 17, top 96: 63",%0A+   "rating 57 at 17, top 96: 64",%0A+   "rating 58 at 17, top 96: 65",%0A+   "rating 59 at 17, top 96: 66",%0A+   "rating 60 at 17, top 96: 67",%0A+   "rating 61 at 17, top 96: 68",%0A+   "rating 62 at 17, top 96: 69",%0A+   "rating 63 at 17, top 96: 70",%0A+   "rating 64 at 17, top 96: 71",%0A+   "rating 65 at 17, top 96: 72",%0A+   "rating 66 at 17, top 96: 73",%0A+   "rating 67 at 17, top 96: 74",%0A+   "rating 68 at 17, top 96: 75",%0A+   "rating 69 at 17, top 96: 76",%0A+   "rating 70 at 17, top 96: 77",%0A+   "rating 71 at 17, top 96: 78",%0A+   "rating 72 at 17, top 96: 79",%0A+   "rating 73 at 17, top 96: 80",%0A+   "rating 74 at 17, top 96: 81",%0A+   "rating 75 at 17, top 96: 82",%0A+   "rating 76 at 17, top 96: 83",%0A+   "rating 77 at 17, top 96: 84",%0A+   "rating 78 at 17, top 96: 85",%0A+   "rating 80 at 17, top 96: 86",%0A+   "rating 81 at 17, top 96: 87",%0A+   "rating 83 at 17, top 96: 88",%0A+   "rating 84 at 17, top 96: 89",%0A+   "rating 86 at 17, top 96: 90",%0A+   "rating 87 at 17, top 96: 91",%0A+   "rating 89 at 17, top 96: 92",%0A+   "rating 90 at 17, top 96: 93",%0A+   "rating 92 at 17, top 96: 94",%0A+   "rating 93 at 17, top 96: 95",%0A+   "rating 95 at 17, top 96: 96",%0A+   "rating 48 at 18, top 96: 55",%0A+   "rating 49 at 18, top 96: 56",%0A+   "rating 50 at 18, top 96: 57",%0A+   "rating 51 at 18, top 96: 58",%0A+   "rating 52 at 18, top 96: 59",%0A+   "rating 53 at 18, top 96: 60",%0A+   "rating 54 at 18, top 96: 61",%0A+   "rating 55 at 18, top 96: 62",%0A+   "rating 56 at 18, top 96: 63",%0A+   "rating 57 at 18, top 96: 64",%0A+   "rating 58 at 18, top 96: 65",%0A+   "rating 59 at 18, top 96: 66",%0A+   "rating 60 at 18, top 96: 67",%0A+   "rating 61 at 18, top 96: 68",%0A+   "rating 62 at 18, top 96: 69",%0A+   "rating 63 at 18, top 96: 70",%0A+   "rating 64 at 18, top 96: 71",%0A+   "rating 65 at 18, top 96: 72",%0A+   "rating 66 at 18, top 96: 73",%0A+   "rating 67 at 18, top 96: 74",%0A+   "rating 68 at 18, top 96: 75",%0A+   "rating 69 at 18, top 96: 76",%0A+   "rating 70 at 18, top 96: 77",%0A+   "rating 71 at 18, top 96: 78",%0A+   "rating 72 at 18, top 96: 79",%0A+   "rating 73 at 18, top 96: 80",%0A+   "rating 74 at 18, top 96: 81",%0A+   "rating 75 at 18, top 96: 82",%0A+   "rating 76 at 18, top 96: 83",%0A+   "rating 77 at 18, top 96: 84",%0A+   "rating 78 at 18, top 96: 85",%0A+   "rating 80 at 18, top 96: 86",%0A+   "rating 81 at 18, top 96: 87",%0A+   "rating 83 at 18, top 96: 88",%0A+   "rating 84 at 18, top 96: 89",%0A+   "rating 86 at 18, top 96: 90",%0A+   "rating 87 at 18, top 96: 91",%0A+   "rating 89 at 18, top 96: 92",%0A+   "rating 90 at 18, top 96: 93",%0A+   "rating 92 at 18, top 96: 94",%0A+   "rating 93 at 18, top 96: 95",%0A+   "rating 95 at 18, top 96: 96",%0A+   "rating 48 at 19, top 96: 54",%0A+   "rating 49 at 19, top 96: 55",%0A+   "rating 50 at 19, top 96: 56",%0A+   "rating 51 at 19, top 96: 57",%0A+   "rating 52 at 19, top 96: 58",%0A+   "rating 53 at 19, top 96: 59",%0A+   "rating 54 at 19, top 96: 60",%0A+   "rating 55 at 19, top 96: 61",%0A+   "rating 56 at 19, top 96: 62",%0A+   "rating 57 at 19, top 96: 63",%0A+   "rating 58 at 19, top 96: 64",%0A+   "rating 59 at 19, top 96: 65",%0A+   "rating 60 at 19, top 96: 66",%0A+   "rating 61 at 19, top 96: 67",%0A+   "rating 62 at 19, top 96: 68",%0A+   "rating 63 at 19, top 96: 69",%0A+   "rating 64 at 19, top 96: 70",%0A+   "rating 65 at 19, top 96: 71",%0A+   "rating 66 at 19, top 96: 72",%0A+   "rating 67 at 19, top 96: 73",%0A+   "rating 68 at 19, top 96: 74",%0A+   "rating 69 at 19, top 96: 75",%0A+   "rating 70 at 19, top 96: 76",%0A+   "rating 71 at 19, top 96: 77",%0A+   "rating 72 at 19, top 96: 78",%0A+   "rating 73 at 19, top 96: 79",%0A+   "rating 74 at 19, top 96: 80",%0A+   "rating 75 at 19, top 96: 81",%0A+   "rating 76 at 19, top 96: 82",%0A+   "rating 77 at 19, top 96: 83",%0A+   "rating 78 at 19, top 96: 84",%0A+   "rating 79 at 19, top 96: 85",%0A+   "rating 80 at 19, top 96: 86",%0A+   "rating 81 at 19, top 96: 87",%0A+   "rating 83 at 19, top 96: 88",%0A+   "rating 84 at 19, top 96: 89",%0A+   "rating 86 at 19, top 96: 90",%0A+   "rating 87 at 19, top 96: 91",%0A+   "rating 89 at 19, top 96: 92",%0A+   "rating 90 at 19, top 96: 93",%0A+   "rating 92 at 19, top 96: 94",%0A+   "rating 93 at 19, top 96: 95",%0A+   "rating 95 at 19, top 96: 96",%0A+   "rating 48 at 20, top 96: 53",%0A+   "rating 49 at 20, top 96: 54",%0A+   "rating 50 at 20, top 96: 55",%0A+   "rating 51 at 20, top 96: 56",%0A+   "rating 52 at 20, top 96: 57",%0A+   "rating 53 at 20, top 96: 58",%0A+   "rating 54 at 20, top 96: 59",%0A+   "rating 55 at 20, top 96: 60",%0A+   "rating 56 at 20, top 96: 61",%0A+   "rating 57 at 20, top 96: 62",%0A+   "rating 58 at 20, top 96: 63",%0A+   "rating 59 at 20, top 96: 64",%0A+   "rating 60 at 20, top 96: 65",%0A+   "rating 61 at 20, top 96: 66",%0A+   "rating 62 at 20, top 96: 67",%0A+   "rating 63 at 20, top 96: 68",%0A+   "rating 64 at 20, top 96: 69",%0A+   "rating 65 at 20, top 96: 70",%0A+   "rating 66 at 20, top 96: 71",%0A+   "rating 67 at 20, top 96: 72",%0A+   "rating 68 at 20, top 96: 73",%0A+   "rating 69 at 20, top 96: 74",%0A+   "rating 70 at 20, top 96: 75",%0A+   "rating 71 at 20, top 96: 76",%0A+   "rating 72 at 20, top 96: 77",%0A+   "rating 73 at 20, top 96: 78",%0A+   "rating 74 at 20, top 96: 79",%0A+   "rating 75 at 20, top 96: 80",%0A+   "rating 76 at 20, top 96: 81",%0A+   "rating 77 at 20, top 96: 82",%0A+   "rating 78 at 20, top 96: 83",%0A+   "rating 79 at 20, top 96: 84",%0A+   "rating 80 at 20, top 96: 85",%0A+   "rating 81 at 20, top 96: 86",%0A+   "rating 82 at 20, top 96: 87",%0A+   "rating 83 at 20, top 96: 88",%0A+   "rating 84 at 20, top 96: 89",%0A+   "rating 86 at 20, top 96: 90",%0A+   "rating 87 at 20, top 96: 91",%0A+   "rating 89 at 20, top 96: 92",%0A+   "rating 90 at 20, top 96: 93",%0A+   "rating 92 at 20, top 96: 94",%0A+   "rating 93 at 20, top 96: 95",%0A+   "rating 95 at 20, top 96: 96",%0A+   "rating 48 at 21, top 96: 52",%0A+   "rating 49 at 21, top 96: 53",%0A+   "rating 50 at 21, top 96: 54",%0A+   "rating 51 at 21, top 96: 55",%0A+   "rating 52 at 21, top 96: 56",%0A+   "rating 53 at 21, top 96: 57",%0A+   "rating 54 at 21, top 96: 58",%0A+   "rating 55 at 21, top 96: 59",%0A+   "rating 56 at 21, top 96: 60",%0A+   "rating 57 at 21, top 96: 61",%0A+   "rating 58 at 21, top 96: 62",%0A+   "rating 59 at 21, top 96: 63",%0A+   "rating 60 at 21, top 96: 64",%0A+   "rating 61 at 21, top 96: 65",%0A+   "rating 62 at 21, top 96: 66",%0A+   "rating 63 at 21, top 96: 67",%0A+   "rating 64 at 21, top 96: 68",%0A+   "rating 65 at 21, top 96: 69",%0A+   "rating 66 at 21, top 96: 70",%0A+   "rating 67 at 21, top 96: 71",%0A+   "rating 68 at 21, top 96: 72",%0A+   "rating 69 at 21, top 96: 73",%0A+   "rating 70 at 21, top 96: 74",%0A+   "rating 71 at 21, top 96: 75",%0A+   "rating 72 at 21, top 96: 76",%0A+   "rating 73 at 21, top 96: 77",%0A+   "rating 74 at 21, top 96: 78",%0A+   "rating 75 at 21, top 96: 79",%0A+   "rating 76 at 21, top 96: 80",%0A+   "rating 77 at 21, top 96: 81",%0A+   "rating 78 at 21, top 96: 82",%0A+   "rating 79 at 21, top 96: 83",%0A+   "rating 80 at 21, top 96: 84",%0A+   "rating 81 at 21, top 96: 85",%0A+   "rating 82 at 21, top 96: 86",%0A+   "rating 83 at 21, top 96: 87",%0A+   "rating 84 at 21, top 96: 88",%0A+   "rating 85 at 21, top 96: 89",%0A+   "rating 86 at 21, top 96: 90",%0A+   "rating 87 at 21, top 96: 91",%0A+   "rating 89 at 21, top 96: 92",%0A+   "rating 90 at 21, top 96: 93",%0A+   "rating 92 at 21, top 96: 94",%0A+   "rating 93 at 21, top 96: 95",%0A+   "rating 95 at 21, top 96: 96",%0A+   "rating 48 at 22, top 96: 51",%0A+   "rating 49 at 22, top 96: 52",%0A+   "rating 50 at 22, top 96: 53",%0A+   "rating 51 at 22, top 96: 54",%0A+   "rating 52 at 22, top 96: 55",%0A+   "rating 53 at 22, top 96: 56",%0A+   "rating 54 at 22, top 96: 57",%0A+   "rating 55 at 22, top 96: 58",%0A+   "rating 56 at 22, top 96: 59",%0A+   "rating 57 at 22, top 96: 60",%0A+   "rating 58 at 22, top 96: 61",%0A+   "rating 59 at 22, top 96: 62",%0A+   "rating 60 at 22, top 96: 63",%0A+   "rating 61 at 22, top 96: 64",%0A+   "rating 62 at 22, top 96: 65",%0A+   "rating 63 at 22, top 96: 66",%0A+   "rating 64 at 22, top 96: 67",%0A+   "rating 65 at 22, top 96: 68",%0A+   "rating 66 at 22, top 96: 69",%0A+   "rating 67 at 22, top 96: 70",%0A+   "rating 68 at 22, top 96: 71",%0A+   "rating 69 at 22, top 96: 72",%0A+   "rating 70 at 22, top 96: 73",%0A+   "rating 71 at 22, top 96: 74",%0A+   "rating 72 at 22, top 96: 75",%0A+   "rating 73 at 22, top 96: 76",%0A+   "rating 74 at 22, top 96: 77",%0A+   "rating 75 at 22, top 96: 78",%0A+   "rating 76 at 22, top 96: 79",%0A+   "rating 77 at 22, top 96: 80",%0A+   "rating 78 at 22, top 96: 81",%0A+   "rating 79 at 22, top 96: 82",%0A+   "rating 80 at 22, top 96: 83",%0A+   "rating 81 at 22, top 96: 84",%0A+   "rating 82 at 22, top 96: 85",%0A+   "rating 83 at 22, top 96: 86",%0A+   "rating 84 at 22, top 96: 87",%0A+   "rating 85 at 22, top 96: 88",%0A+   "rating 86 at 22, top 96: 89",%0A+   "rating 87 at 22, top 96: 90",%0A+   "rating 88 at 22, top 96: 91",%0A+   "rating 89 at 22, top 96: 92",%0A+   "rating 90 at 22, top 96: 93",%0A+   "rating 92 at 22, top 96: 94",%0A+   "rating 93 at 22, top 96: 95",%0A+   "rating 95 at 22, top 96: 96",%0A+   "rating 48 at 23, top 96: 50",%0A+   "rating 49 at 23, top 96: 51",%0A+   "rating 50 at 23, top 96: 52",%0A+   "rating 51 at 23, top 96: 53",%0A+   "rating 52 at 23, top 96: 54",%0A+   "rating 53 at 23, top 96: 55",%0A+   "rating 54 at 23, top 96: 56",%0A+   "rating 55 at 23, top 96: 57",%0A+   "rating 56 at 23, top 96: 58",%0A+   "rating 57 at 23, top 96: 59",%0A+   "rating 58 at 23, top 96: 60",%0A+   "rating 59 at 23, top 96: 61",%0A+   "rating 60 at 23, top 96: 62",%0A+   "rating 61 at 23, top 96: 63",%0A+   "rating 62 at 23, top 96: 64",%0A+   "rating 63 at 23, top 96: 65",%0A+   "rating 64 at 23, top 96: 66",%0A+   "rating 65 at 23, top 96: 67",%0A+   "rating 66 at 23, top 96: 68",%0A+   "rating 67 at 23, top 96: 69",%0A+   "rating 68 at 23, top 96: 70",%0A+   "rating 69 at 23, top 96: 71",%0A+   "rating 70 at 23, top 96: 72",%0A+   "rating 71 at 23, top 96: 73",%0A+   "rating 72 at 23, top 96: 74",%0A+   "rating 73 at 23, top 96: 75",%0A+   "rating 74 at 23, top 96: 76",%0A+   "rating 75 at 23, top 96: 77",%0A+   "rating 76 at 23, top 96: 78",%0A+   "rating 77 at 23, top 96: 79",%0A+   "rating 78 at 23, top 96: 80",%0A+   "rating 79 at 23, top 96: 81",%0A+   "rating 80 at 23, top 96: 82",%0A+   "rating 81 at 23, top 96: 83",%0A+   "rating 82 at 23, top 96: 84",%0A+   "rating 83 at 23, top 96: 85",%0A+   "rating 84 at 23, top 96: 86",%0A+   "rating 85 at 23, top 96: 87",%0A+   "rating 86 at 23, top 96: 88",%0A+   "rating 87 at 23, top 96: 89",%0A+   "rating 88 at 23, top 96: 90",%0A+   "rating 89 at 23, top 96: 91",%0A+   "rating 90 at 23, top 96: 92",%0A+   "rating 91 at 23, top 96: 93",%0A+   "rating 92 at 23, top 96: 94",%0A+   "rating 93 at 23, top 96: 95",%0A+   "rating 95 at 23, top 96: 96",%0A+   "rating 48 at 24, top 96: 49",%0A+   "rating 49 at 24, top 96: 50",%0A+   "rating 50 at 24, top 96: 51",%0A+   "rating 51 at 24, top 96: 52",%0A+   "rating 52 at 24, top 96: 53",%0A+   "rating 53 at 24, top 96: 54",%0A+   "rating 54 at 24, top 96: 55",%0A+   "rating 55 at 24, top 96: 56",%0A+   "rating 56 at 24, top 96: 57",%0A+   "rating 57 at 24, top 96: 58",%0A+   "rating 58 at 24, top 96: 59",%0A+   "rating 59 at 24, top 96: 60",%0A+   "rating 60 at 24, top 96: 61",%0A+   "rating 61 at 24, top 96: 62",%0A+   "rating 62 at 24, top 96: 63",%0A+   "rating 63 at 24, top 96: 64",%0A+   "rating 64 at 24, top 96: 65",%0A+   "rating 65 at 24, top 96: 66",%0A+   "rating 66 at 24, top 96: 67",%0A+   "rating 67 at 24, top 96: 68",%0A+   "rating 68 at 24, top 96: 69",%0A+   "rating 69 at 24, top 96: 70",%0A+   "rating 70 at 24, top 96: 71",%0A+   "rating 71 at 24, top 96: 72",%0A+   "rating 72 at 24, top 96: 73",%0A+   "rating 73 at 24, top 96: 74",%0A+   "rating 74 at 24, top 96: 75",%0A+   "rating 75 at 24, top 96: 76",%0A+   "rating 76 at 24, top 96: 77",%0A+   "rating 77 at 24, top 96: 78",%0A+   "rating 78 at 24, top 96: 79",%0A+   "rating 79 at 24, top 96: 80",%0A+   "rating 80 at 24, top 96: 81",%0A+   "rating 81 at 24, top 96: 82",%0A+   "rating 82 at 24, top 96: 83",%0A+   "rating 83 at 24, top 96: 84",%0A+   "rating 84 at 24, top 96: 85",%0A+   "rating 85 at 24, top 96: 86",%0A+   "rating 86 at 24, top 96: 87",%0A+   "rating 87 at 24, top 96: 88",%0A+   "rating 88 at 24, top 96: 89",%0A+   "rating 89 at 24, top 96: 90",%0A+   "rating 90 at 24, top 96: 91",%0A+   "rating 91 at 24, top 96: 92",%0A+   "rating 92 at 24, top 96: 93",%0A+   "rating 93 at 24, top 96: 94",%0A+   "rating 94 at 24, top 96: 95",%0A+   "rating 95 at 24, top 96: 96",%0A+   "rating 48 at 25, top 96: 49",%0A+   "rating 49 at 25, top 96: 50",%0A+   "rating 50 at 25, top 96: 51",%0A+   "rating 51 at 25, top 96: 52",%0A+   "rating 52 at 25, top 96: 53",%0A+   "rating 53 at 25, top 96: 54",%0A+   "rating 54 at 25, top 96: 55",%0A+   "rating 55 at 25, top 96: 56",%0A+   "rating 56 at 25, top 96: 57",%0A+   "rating 57 at 25, top 96: 58",%0A+   "rating 58 at 25, top 96: 59",%0A+   "rating 59 at 25, top 96: 60",%0A+   "rating 60 at 25, top 96: 61",%0A+   "rating 61 at 25, top 96: 62",%0A+   "rating 62 at 25, top 96: 63",%0A+   "rating 63 at 25, top 96: 64",%0A+   "rating 64 at 25, top 96: 65",%0A+   "rating 65 at 25, top 96: 66",%0A+   "rating 66 at 25, top 96: 67",%0A+   "rating 67 at 25, top 96: 68",%0A+   "rating 68 at 25, top 96: 69",%0A+   "rating 69 at 25, top 96: 70",%0A+   "rating 70 at 25, top 96: 71",%0A+   "rating 71 at 25, top 96: 72",%0A+   "rating 72 at 25, top 96: 73",%0A+   "rating 73 at 25, top 96: 74",%0A+   "rating 74 at 25, top 96: 75",%0A+   "rating 75 at 25, top 96: 76",%0A+   "rating 76 at 25, top 96: 77",%0A+   "rating 77 at 25, top 96: 78",%0A+   "rating 78 at 25, top 96: 79",%0A+   "rating 79 at 25, top 96: 80",%0A+   "rating 80 at 25, top 96: 81",%0A+   "rating 81 at 25, top 96: 82",%0A+   "rating 82 at 25, top 96: 83",%0A+   "rating 83 at 25, top 96: 84",%0A+   "rating 84 at 25, top 96: 85",%0A+   "rating 85 at 25, top 96: 86",%0A+   "rating 86 at 25, top 96: 87",%0A+   "rating 87 at 25, top 96: 88",%0A+   "rating 88 at 25, top 96: 89",%0A+   "rating 89 at 25, top 96: 90",%0A+   "rating 90 at 25, top 96: 91",%0A+   "rating 91 at 25, top 96: 92",%0A+   "rating 92 at 25, top 96: 93",%0A+   "rating 93 at 25, top 96: 94",%0A+   "rating 94 at 25, top 96: 95",%0A+   "rating 95 at 25, top 96: 96",%0A+   "rating 48 at 26, top 96: 49",%0A+   "rating 49 at 26, top 96: 50",%0A+   "rating 50 at 26, top 96: 51",%0A+   "rating 51 at 26, top 96: 52",%0A+   "rating 52 at 26, top 96: 53",%0A+   "rating 53 at 26, top 96: 54",%0A+   "rating 54 at 26, top 96: 55",%0A+   "rating 55 at 26, top 96: 56",%0A+   "rating 56 at 26, top 96: 57",%0A+   "rating 57 at 26, top 96: 58",%0A+   "rating 58 at 26, top 96: 59",%0A+   "rating 59 at 26, top 96: 60",%0A+   "rating 60 at 26, top 96: 61",%0A+   "rating 61 at 26, top 96: 62",%0A+   "rating 62 at 26, top 96: 63",%0A+   "rating 63 at 26, top 96: 64",%0A+   "rating 64 at 26, top 96: 65",%0A+   "rating 65 at 26, top 96: 66",%0A+   "rating 66 at 26, top 96: 67",%0A+   "rating 67 at 26, top 96: 68",%0A+   "rating 68 at 26, top 96: 69",%0A+   "rating 69 at 26, top 96: 70",%0A+   "rating 70 at 26, top 96: 71",%0A+   "rating 71 at 26, top 96: 72",%0A+   "rating 72 at 26, top 96: 73",%0A+   "rating 73 at 26, top 96: 74",%0A+   "rating 74 at 26, top 96: 75",%0A+   "rating 75 at 26, top 96: 76",%0A+   "rating 76 at 26, top 96: 77",%0A+   "rating 77 at 26, top 96: 78",%0A+   "rating 78 at 26, top 96: 79",%0A+   "rating 79 at 26, top 96: 80",%0A+   "rating 80 at 26, top 96: 81",%0A+   "rating 81 at 26, top 96: 82",%0A+   "rating 82 at 26, top 96: 83",%0A+   "rating 83 at 26, top 96: 84",%0A+   "rating 84 at 26, top 96: 85",%0A+   "rating 85 at 26, top 96: 86",%0A+   "rating 86 at 26, top 96: 87",%0A+   "rating 87 at 26, top 96: 88",%0A+   "rating 88 at 26, top 96: 89",%0A+   "rating 89 at 26, top 96: 90",%0A+   "rating 90 at 26, top 96: 91",%0A+   "rating 91 at 26, top 96: 92",%0A+   "rating 92 at 26, top 96: 93",%0A+   "rating 93 at 26, top 96: 94",%0A+   "rating 94 at 26, top 96: 95",%0A+   "rating 95 at 26, top 96: 96",%0A+   "rating 48 at 27, top 96: 49",%0A+   "rating 49 at 27, top 96: 50",%0A+   "rating 50 at 27, top 96: 51",%0A+   "rating 51 at 27, top 96: 52",%0A+   "rating 52 at 27, top 96: 53",%0A+   "rating 53 at 27, top 96: 54",%0A+   "rating 54 at 27, top 96: 55",%0A+   "rating 55 at 27, top 96: 56",%0A+   "rating 56 at 27, top 96: 57",%0A+   "rating 57 at 27, top 96: 58",%0A+   "rating 58 at 27, top 96: 59",%0A+   "rating 59 at 27, top 96: 60",%0A+   "rating 60 at 27, top 96: 61",%0A+   "rating 61 at 27, top 96: 62",%0A+   "rating 62 at 27, top 96: 63",%0A+   "rating 63 at 27, top 96: 64",%0A+   "rating 64 at 27, top 96: 65",%0A+   "rating 65 at 27, top 96: 66",%0A+   "rating 66 at 27, top 96: 67",%0A+   "rating 67 at 27, top 96: 68",%0A+   "rating 68 at 27, top 96: 69",%0A+   "rating 69 at 27, top 96: 70",%0A+   "rating 70 at 27, top 96: 71",%0A+   "rating 71 at 27, top 96: 72",%0A+   "rating 72 at 27, top 96: 73",%0A+   "rating 73 at 27, top 96: 74",%0A+   "rating 74 at 27, top 96: 75",%0A+   "rating 75 at 27, top 96: 76",%0A+   "rating 76 at 27, top 96: 77",%0A+   "rating 77 at 27, top 96: 78",%0A+   "rating 78 at 27, top 96: 79",%0A+   "rating 79 at 27, top 96: 80",%0A+   "rating 80 at 27, top 96: 81",%0A+   "rating 81 at 27, top 96: 82",%0A+   "rating 82 at 27, top 96: 83",%0A+   "rating 83 at 27, top 96: 84",%0A+   "rating 84 at 27, top 96: 85",%0A+   "rating 85 at 27, top 96: 86",%0A+   "rating 86 at 27, top 96: 87",%0A+   "rating 87 at 27, top 96: 88",%0A+   "rating 88 at 27, top 96: 89",%0A+   "rating 89 at 27, top 96: 90",%0A+   "rating 90 at 27, top 96: 91",%0A+   "rating 91 at 27, top 96: 92",%0A+   "rating 92 at 27, top 96: 93",%0A+   "rating 93 at 27, top 96: 94",%0A+   "rating 94 at 27, top 96: 95",%0A+   "rating 95 at 27, top 96: 96",%0A+   "rating 48 at 28, top 96: 49",%0A+   "rating 49 at 28, top 96: 50",%0A+   "rating 50 at 28, top 96: 51",%0A+   "rating 51 at 28, top 96: 52",%0A+   "rating 52 at 28, top 96: 53",%0A+   "rating 53 at 28, top 96: 54",%0A+   "rating 54 at 28, top 96: 55",%0A+   "rating 55 at 28, top 96: 56",%0A+   "rating 56 at 28, top 96: 57",%0A+   "rating 57 at 28, top 96: 58",%0A+   "rating 58 at 28, top 96: 59",%0A+   "rating 59 at 28, top 96: 60",%0A+   "rating 60 at 28, top 96: 61",%0A+   "rating 61 at 28, top 96: 62",%0A+   "rating 62 at 28, top 96: 63",%0A+   "rating 63 at 28, top 96: 64",%0A+   "rating 64 at 28, top 96: 65",%0A+   "rating 65 at 28, top 96: 66",%0A+   "rating 66 at 28, top 96: 67",%0A+   "rating 67 at 28, top 96: 68",%0A+   "rating 68 at 28, top 96: 69",%0A+   "rating 69 at 28, top 96: 70",%0A+   "rating 70 at 28, top 96: 71",%0A+   "rating 71 at 28, top 96: 72",%0A+   "rating 72 at 28, top 96: 73",%0A+   "rating 73 at 28, top 96: 74",%0A+   "rating 74 at 28, top 96: 75",%0A+   "rating 75 at 28, top 96: 76",%0A+   "rating 76 at 28, top 96: 77",%0A+   "rating 77 at 28, top 96: 78",%0A+   "rating 78 at 28, top 96: 79",%0A+   "rating 79 at 28, top 96: 80",%0A+   "rating 80 at 28, top 96: 81",%0A+   "rating 81 at 28, top 96: 82",%0A+   "rating 82 at 28, top 96: 83",%0A+   "rating 83 at 28, top 96: 84",%0A+   "rating 84 at 28, top 96: 85",%0A+   "rating 85 at 28, top 96: 86",%0A+   "rating 86 at 28, top 96: 87",%0A+   "rating 87 at 28, top 96: 88",%0A+   "rating 88 at 28, top 96: 89",%0A+   "rating 89 at 28, top 96: 90",%0A+   "rating 90 at 28, top 96: 91",%0A+   "rating 91 at 28, top 96: 92",%0A+   "rating 92 at 28, top 96: 93",%0A+   "rating 93 at 28, top 96: 94",%0A+   "rating 94 at 28, top 96: 95",%0A+   "rating 95 at 28, top 96: 96",%0A+   "rating 48 at 29, top 96: 49",%0A+   "rating 49 at 29, top 96: 50",%0A+   "rating 50 at 29, top 96: 51",%0A+   "rating 51 at 29, top 96: 52",%0A+   "rating 52 at 29, top 96: 53",%0A+   "rating 53 at 29, top 96: 54",%0A+   "rating 54 at 29, top 96: 55",%0A+   "rating 55 at 29, top 96: 56",%0A+   "rating 56 at 29, top 96: 57",%0A+   "rating 57 at 29, top 96: 58",%0A+   "rating 58 at 29, top 96: 59",%0A+   "rating 59 at 29, top 96: 60",%0A+   "rating 60 at 29, top 96: 61",%0A+   "rating 61 at 29, top 96: 62",%0A+   "rating 62 at 29, top 96: 63",%0A+   "rating 63 at 29, top 96: 64",%0A+   "rating 64 at 29, top 96: 65",%0A+   "rating 65 at 29, top 96: 66",%0A+   "rating 66 at 29, top 96: 67",%0A+   "rating 67 at 29, top 96: 68",%0A+   "rating 68 at 29, top 96: 69",%0A+   "rating 69 at 29, top 96: 70",%0A+   "rating 70 at 29, top 96: 71",%0A+   "rating 71 at 29, top 96: 72",%0A+   "rating 72 at 29, top 96: 73",%0A+   "rating 73 at 29, top 96: 74",%0A+   "rating 74 at 29, top 96: 75",%0A+   "rating 75 at 29, top 96: 76",%0A+   "rating 76 at 29, top 96: 77",%0A+   "rating 77 at 29, top 96: 78",%0A+   "rating 78 at 29, top 96: 79",%0A+   "rating 79 at 29, top 96: 80",%0A+   "rating 80 at 29, top 96: 81",%0A+   "rating 81 at 29, top 96: 82",%0A+   "rating 82 at 29, top 96: 83",%0A+   "rating 83 at 29, top 96: 84",%0A+   "rating 84 at 29, top 96: 85",%0A+   "rating 85 at 29, top 96: 86",%0A+   "rating 86 at 29, top 96: 87",%0A+   "rating 87 at 29, top 96: 88",%0A+   "rating 88 at 29, top 96: 89",%0A+   "rating 89 at 29, top 96: 90",%0A+   "rating 90 at 29, top 96: 91",%0A+   "rating 91 at 29, top 96: 92",%0A+   "rating 92 at 29, top 96: 93",%0A+   "rating 93 at 29, top 96: 94",%0A+   "rating 94 at 29, top 96: 95",%0A+   "rating 95 at 29, top 96: 96",%0A+   "rating 49 at 30, top 96: 49",%0A+   "rating 50 at 30, top 96: 50",%0A+   "rating 51 at 30, top 96: 51",%0A+   "rating 52 at 30, top 96: 52",%0A+   "rating 53 at 30, top 96: 53",%0A+   "rating 54 at 30, top 96: 54",%0A+   "rating 55 at 30, top 96: 55",%0A+   "rating 56 at 30, top 96: 56",%0A+   "rating 57 at 30, top 96: 57",%0A+   "rating 58 at 30, top 96: 58",%0A+   "rating 59 at 30, top 96: 59",%0A+   "rating 60 at 30, top 96: 60",%0A+   "rating 61 at 30, top 96: 61",%0A+   "rating 62 at 30, top 96: 62",%0A+   "rating 63 at 30, top 96: 63",%0A+   "rating 64 at 30, top 96: 64",%0A+   "rating 65 at 30, top 96: 65",%0A+   "rating 66 at 30, top 96: 66",%0A+   "rating 67 at 30, top 96: 67",%0A+   "rating 68 at 30, top 96: 68",%0A+   "rating 69 at 30, top 96: 69",%0A+   "rating 70 at 30, top 96: 70",%0A+   "rating 71 at 30, top 96: 71",%0A+   "rating 72 at 30, top 96: 72",%0A+   "rating 73 at 30, top 96: 73",%0A+   "rating 74 at 30, top 96: 74",%0A+   "rating 75 at 30, top 96: 75",%0A+   "rating 76 at 30, top 96: 76",%0A+   "rating 77 at 30, top 96: 77",%0A+   "rating 78 at 30, top 96: 78",%0A+   "rating 79 at 30, top 96: 79",%0A+   "rating 80 at 30, top 96: 80",%0A+   "rating 81 at 30, top 96: 81",%0A+   "rating 82 at 30, top 96: 82",%0A+   "rating 83 at 30, top 96: 83",%0A+   "rating 84 at 30, top 96: 84",%0A+   "rating 85 at 30, top 96: 85",%0A+   "rating 86 at 30, top 96: 86",%0A+   "rating 87 at 30, top 96: 87",%0A+   "rating 88 at 30, top 96: 88",%0A+   "rating 89 at 30, top 96: 89",%0A+   "rating 90 at 30, top 96: 90",%0A+   "rating 91 at 30, top 96: 91",%0A+   "rating 92 at 30, top 96: 92",%0A+   "rating 93 at 30, top 96: 93",%0A+   "rating 94 at 30, top 96: 94",%0A+   "rating 95 at 30, top 96: 95",%0A+   "rating 96 at 30, top 96: 96",%0A+   "rating 50 at 31, top 96: 49",%0A+   "rating 51 at 31, top 96: 50",%0A+   "rating 52 at 31, top 96: 51",%0A+   "rating 53 at 31, top 96: 52",%0A+   "rating 54 at 31, top 96: 53",%0A+   "rating 55 at 31, top 96: 54",%0A+   "rating 56 at 31, top 96: 55",%0A+   "rating 57 at 31, top 96: 56",%0A+   "rating 58 at 31, top 96: 57",%0A+   "rating 59 at 31, top 96: 58",%0A+   "rating 60 at 31, top 96: 59",%0A+   "rating 61 at 31, top 96: 60",%0A+   "rating 62 at 31, top 96: 61",%0A+   "rating 63 at 31, top 96: 62",%0A+   "rating 64 at 31, top 96: 63",%0A+   "rating 65 at 31, top 96: 64",%0A+   "rating 66 at 31, top 96: 65",%0A+   "rating 67 at 31, top 96: 66",%0A+   "rating 68 at 31, top 96: 67",%0A+   "rating 69 at 31, top 96: 68",%0A+   "rating 70 at 31, top 96: 69",%0A+   "rating 71 at 31, top 96: 70",%0A+   "rating 72 at 31, top 96: 71",%0A+   "rating 73 at 31, top 96: 72",%0A+   "rating 74 at 31, top 96: 73",%0A+   "rating 75 at 31, top 96: 74",%0A+   "rating 76 at 31, top 96: 75",%0A+   "rating 77 at 31, top 96: 76",%0A+   "rating 78 at 31, top 96: 77",%0A+   "rating 79 at 31, top 96: 78",%0A+   "rating 80 at 31, top 96: 79",%0A+   "rating 81 at 31, top 96: 80",%0A+   "rating 82 at 31, top 96: 81",%0A+   "rating 83 at 31, top 96: 82",%0A+   "rating 84 at 31, top 96: 83",%0A+   "rating 85 at 31, top 96: 84",%0A+   "rating 86 at 31, top 96: 85",%0A+   "rating 87 at 31, top 96: 86",%0A+   "rating 88 at 31, top 96: 87",%0A+   "rating 89 at 31, top 96: 88",%0A+   "rating 90 at 31, top 96: 89",%0A+   "rating 91 at 31, top 96: 90",%0A+   "rating 92 at 31, top 96: 91",%0A+   "rating 93 at 31, top 96: 92",%0A+   "rating 94 at 31, top 96: 93",%0A+   "rating 95 at 31, top 96: 94",%0A+   "rating 96 at 31, top 96: 96",%0A+   "rating 50 at 32, top 96: 49",%0A+   "rating 51 at 32, top 96: 50",%0A+   "rating 52 at 32, top 96: 51",%0A+   "rating 53 at 32, top 96: 52",%0A+   "rating 54 at 32, top 96: 53",%0A+   "rating 55 at 32, top 96: 54",%0A+   "rating 56 at 32, top 96: 55",%0A+   "rating 57 at 32, top 96: 56",%0A+   "rating 58 at 32, top 96: 57",%0A+   "rating 59 at 32, top 96: 58",%0A+   "rating 60 at 32, top 96: 59",%0A+   "rating 61 at 32, top 96: 60",%0A+   "rating 62 at 32, top 96: 61",%0A+   "rating 63 at 32, top 96: 62",%0A+   "rating 64 at 32, top 96: 63",%0A+   "rating 65 at 32, top 96: 64",%0A+   "rating 66 at 32, top 96: 65",%0A+   "rating 67 at 32, top 96: 66",%0A+   "rating 68 at 32, top 96: 67",%0A+   "rating 69 at 32, top 96: 68",%0A+   "rating 70 at 32, top 96: 69",%0A+   "rating 71 at 32, top 96: 70",%0A+   "rating 72 at 32, top 96: 71",%0A+   "rating 73 at 32, top 96: 72",%0A+   "rating 74 at 32, top 96: 73",%0A+   "rating 75 at 32, top 96: 74",%0A+   "rating 76 at 32, top 96: 75",%0A+   "rating 77 at 32, top 96: 76",%0A+   "rating 78 at 32, top 96: 77",%0A+   "rating 79 at 32, top 96: 78",%0A+   "rating 80 at 32, top 96: 79",%0A+   "rating 81 at 32, top 96: 80",%0A+   "rating 82 at 32, top 96: 81",%0A+   "rating 83 at 32, top 96: 82",%0A+   "rating 84 at 32, top 96: 83",%0A+   "rating 85 at 32, top 96: 84",%0A+   "rating 86 at 32, top 96: 85",%0A+   "rating 87 at 32, top 96: 86",%0A+   "rating 88 at 32, top 96: 87",%0A+   "rating 89 at 32, top 96: 88",%0A+   "rating 90 at 32, top 96: 89",%0A+   "rating 91 at 32, top 96: 90",%0A+   "rating 92 at 32, top 96: 91",%0A+   "rating 93 at 32, top 96: 92",%0A+   "rating 94 at 32, top 96: 93",%0A+   "rating 95 at 32, top 96: 94",%0A+   "rating 96 at 32, top 96: 96",%0A+   "rating 51 at 33, top 96: 49",%0A+   "rating 52 at 33, top 96: 50",%0A+   "rating 53 at 33, top 96: 51",%0A+   "rating 54 at 33, top 96: 52",%0A+   "rating 55 at 33, top 96: 53",%0A+   "rating 56 at 33, top 96: 54",%0A+   "rating 57 at 33, top 96: 55",%0A+   "rating 58 at 33, top 96: 56",%0A+   "rating 59 at 33, top 96: 57",%0A+   "rating 60 at 33, top 96: 58",%0A+   "rating 61 at 33, top 96: 59",%0A+   "rating 62 at 33, top 96: 60",%0A+   "rating 63 at 33, top 96: 61",%0A+   "rating 64 at 33, top 96: 62",%0A+   "rating 65 at 33, top 96: 63",%0A+   "rating 66 at 33, top 96: 64",%0A+   "rating 67 at 33, top 96: 65",%0A+   "rating 68 at 33, top 96: 66",%0A+   "rating 69 at 33, top 96: 67",%0A+   "rating 70 at 33, top 96: 68",%0A+   "rating 71 at 33, top 96: 69",%0A+   "rating 72 at 33, top 96: 70",%0A+   "rating 73 at 33, top 96: 71",%0A+   "rating 74 at 33, top 96: 72",%0A+   "rating 75 at 33, top 96: 73",%0A+   "rating 76 at 33, top 96: 74",%0A+   "rating 77 at 33, top 96: 75",%0A+   "rating 78 at 33, top 96: 76",%0A+   "rating 79 at 33, top 96: 77",%0A+   "rating 80 at 33, top 96: 78",%0A+   "rating 81 at 33, top 96: 79",%0A+   "rating 82 at 33, top 96: 80",%0A+   "rating 83 at 33, top 96: 81",%0A+   "rating 84 at 33, top 96: 82",%0A+   "rating 85 at 33, top 96: 83",%0A+   "rating 86 at 33, top 96: 84",%0A+   "rating 87 at 33, top 96: 85",%0A+   "rating 88 at 33, top 96: 86",%0A+   "rating 89 at 33, top 96: 87",%0A+   "rating 90 at 33, top 96: 88",%0A+   "rating 91 at 33, top 96: 89",%0A+   "rating 92 at 33, top 96: 90",%0A+   "rating 93 at 33, top 96: 91",%0A+   "rating 94 at 33, top 96: 92",%0A+   "rating 95 at 33, top 96: 93",%0A+   "rating 96 at 33, top 96: 96",%0A+   "rating 52 at 34, top 96: 49",%0A+   "rating 53 at 34, top 96: 50",%0A+   "rating 54 at 34, top 96: 51",%0A+   "rating 55 at 34, top 96: 52",%0A+   "rating 56 at 34, top 96: 53",%0A+   "rating 57 at 34, top 96: 54",%0A+   "rating 58 at 34, top 96: 55",%0A+   "rating 59 at 34, top 96: 56",%0A+   "rating 60 at 34, top 96: 57",%0A+   "rating 61 at 34, top 96: 58",%0A+   "rating 62 at 34, top 96: 59",%0A+   "rating 63 at 34, top 96: 60",%0A+   "rating 64 at 34, top 96: 61",%0A+   "rating 65 at 34, top 96: 62",%0A+   "rating 66 at 34, top 96: 63",%0A+   "rating 67 at 34, top 96: 64",%0A+   "rating 68 at 34, top 96: 65",%0A+   "rating 69 at 34, top 96: 66",%0A+   "rating 70 at 34, top 96: 67",%0A+   "rating 71 at 34, top 96: 68",%0A+   "rating 72 at 34, top 96: 69",%0A+   "rating 73 at 34, top 96: 70",%0A+   "rating 74 at 34, top 96: 71",%0A+   "rating 75 at 34, top 96: 72",%0A+   "rating 76 at 34, top 96: 73",%0A+   "rating 77 at 34, top 96: 74",%0A+   "rating 78 at 34, top 96: 75",%0A+   "rating 79 at 34, top 96: 76",%0A+   "rating 80 at 34, top 96: 77",%0A+   "rating 81 at 34, top 96: 78",%0A+   "rating 82 at 34, top 96: 79",%0A+   "rating 83 at 34, top 96: 80",%0A+   "rating 84 at 34, top 96: 81",%0A+   "rating 85 at 34, top 96: 82",%0A+   "rating 86 at 34, top 96: 83",%0A+   "rating 87 at 34, top 96: 84",%0A+   "rating 88 at 34, top 96: 85",%0A+   "rating 89 at 34, top 96: 86",%0A+   "rating 90 at 34, top 96: 87",%0A+   "rating 91 at 34, top 96: 88",%0A+   "rating 92 at 34, top 96: 89",%0A+   "rating 93 at 34, top 96: 90",%0A+   "rating 94 at 34, top 96: 91",%0A+   "rating 95 at 34, top 96: 92",%0A+   "rating 96 at 34, top 96: 96",%0A+   "rating 53 at 35, top 96: 49",%0A+   "rating 54 at 35, top 96: 50",%0A+   "rating 55 at 35, top 96: 51",%0A+   "rating 56 at 35, top 96: 52",%0A+   "rating 57 at 35, top 96: 53",%0A+   "rating 58 at 35, top 96: 54",%0A+   "rating 59 at 35, top 96: 55",%0A+   "rating 60 at 35, top 96: 56",%0A+   "rating 61 at 35, top 96: 57",%0A+   "rating 62 at 35, top 96: 58",%0A+   "rating 63 at 35, top 96: 59",%0A+   "rating 64 at 35, top 96: 60",%0A+   "rating 65 at 35, top 96: 61",%0A+   "rating 66 at 35, top 96: 62",%0A+   "rating 67 at 35, top 96: 63",%0A+   "rating 68 at 35, top 96: 64",%0A+   "rating 69 at 35, top 96: 65",%0A+   "rating 70 at 35, top 96: 66",%0A+   "rating 71 at 35, top 96: 67",%0A+   "rating 72 at 35, top 96: 68",%0A+   "rating 73 at 35, top 96: 69",%0A+   "rating 74 at 35, top 96: 70",%0A+   "rating 75 at 35, top 96: 71",%0A+   "rating 76 at 35, top 96: 72",%0A+   "rating 77 at 35, top 96: 73",%0A+   "rating 78 at 35, top 96: 74",%0A+   "rating 79 at 35, top 96: 75",%0A+   "rating 80 at 35, top 96: 76",%0A+   "rating 81 at 35, top 96: 77",%0A+   "rating 82 at 35, top 96: 78",%0A+   "rating 83 at 35, top 96: 79",%0A+   "rating 84 at 35, top 96: 80",%0A+   "rating 85 at 35, top 96: 81",%0A+   "rating 86 at 35, top 96: 82",%0A+   "rating 87 at 35, top 96: 83",%0A+   "rating 88 at 35, top 96: 84",%0A+   "rating 89 at 35, top 96: 85",%0A+   "rating 90 at 35, top 96: 86",%0A+   "rating 91 at 35, top 96: 87",%0A+   "rating 92 at 35, top 96: 88",%0A+   "rating 93 at 35, top 96: 89",%0A+   "rating 94 at 35, top 96: 90",%0A+   "rating 95 at 35, top 96: 91",%0A+   "rating 96 at 35, top 96: 96",%0A+   "rating 54 at 36, top 96: 49",%0A+   "rating 55 at 36, top 96: 50",%0A+   "rating 56 at 36, top 96: 51",%0A+   "rating 57 at 36, top 96: 52",%0A+   "rating 58 at 36, top 96: 53",%0A+   "rating 59 at 36, top 96: 54",%0A+   "rating 60 at 36, top 96: 55",%0A+   "rating 61 at 36, top 96: 56",%0A+   "rating 62 at 36, top 96: 57",%0A+   "rating 63 at 36, top 96: 58",%0A+   "rating 64 at 36, top 96: 59",%0A+   "rating 65 at 36, top 96: 60",%0A+   "rating 66 at 36, top 96: 61",%0A+   "rating 67 at 36, top 96: 62",%0A+   "rating 68 at 36, top 96: 63",%0A+   "rating 69 at 36, top 96: 64",%0A+   "rating 70 at 36, top 96: 65",%0A+   "rating 71 at 36, top 96: 66",%0A+   "rating 72 at 36, top 96: 67",%0A+   "rating 73 at 36, top 96: 68",%0A+   "rating 74 at 36, top 96: 69",%0A+   "rating 75 at 36, top 96: 70",%0A+   "rating 76 at 36, top 96: 71",%0A+   "rating 77 at 36, top 96: 72",%0A+   "rating 78 at 36, top 96: 73",%0A+   "rating 79 at 36, top 96: 74",%0A+   "rating 80 at 36, top 96: 75",%0A+   "rating 81 at 36, top 96: 76",%0A+   "rating 82 at 36, top 96: 77",%0A+   "rating 83 at 36, top 96: 78",%0A+   "rating 84 at 36, top 96: 79",%0A+   "rating 85 at 36, top 96: 80",%0A+   "rating 86 at 36, top 96: 81",%0A+   "rating 87 at 36, top 96: 82",%0A+   "rating 88 at 36, top 96: 83",%0A+   "rating 89 at 36, top 96: 84",%0A+   "rating 90 at 36, top 96: 85",%0A+   "rating 91 at 36, top 96: 86",%0A+   "rating 92 at 36, top 96: 87",%0A+   "rating 93 at 36, top 96: 88",%0A+   "rating 94 at 36, top 96: 89",%0A+   "rating 95 at 36, top 96: 90",%0A+   "rating 96 at 36, top 96: 96",%0A+   "rating 55 at 37, top 96: 49",%0A+   "rating 56 at 37, top 96: 50",%0A+   "rating 57 at 37, top 96: 51",%0A+   "rating 58 at 37, top 96: 52",%0A+   "rating 59 at 37, top 96: 53",%0A+   "rating 60 at 37, top 96: 54",%0A+   "rating 61 at 37, top 96: 55",%0A+   "rating 62 at 37, top 96: 56",%0A+   "rating 63 at 37, top 96: 57",%0A+   "rating 64 at 37, top 96: 58",%0A+   "rating 65 at 37, top 96: 59",%0A+   "rating 66 at 37, top 96: 60",%0A+   "rating 67 at 37, top 96: 61",%0A+   "rating 68 at 37, top 96: 62",%0A+   "rating 69 at 37, top 96: 63",%0A+   "rating 70 at 37, top 96: 64",%0A+   "rating 71 at 37, top 96: 65",%0A+   "rating 72 at 37, top 96: 66",%0A+   "rating 73 at 37, top 96: 67",%0A+   "rating 74 at 37, top 96: 68",%0A+   "rating 75 at 37, top 96: 69",%0A+   "rating 76 at 37, top 96: 70",%0A+   "rating 77 at 37, top 96: 71",%0A+   "rating 78 at 37, top 96: 72",%0A+   "rating 79 at 37, top 96: 73",%0A+   "rating 80 at 37, top 96: 74",%0A+   "rating 81 at 37, top 96: 75",%0A+   "rating 82 at 37, top 96: 76",%0A+   "rating 83 at 37, top 96: 77",%0A+   "rating 84 at 37, top 96: 78",%0A+   "rating 85 at 37, top 96: 79",%0A+   "rating 86 at 37, top 96: 80",%0A+   "rating 87 at 37, top 96: 81",%0A+   "rating 88 at 37, top 96: 82",%0A+   "rating 89 at 37, top 96: 83",%0A+   "rating 90 at 37, top 96: 84",%0A+   "rating 91 at 37, top 96: 85",%0A+   "rating 92 at 37, top 96: 86",%0A+   "rating 93 at 37, top 96: 87",%0A+   "rating 94 at 37, top 96: 88",%0A+   "rating 95 at 37, top 96: 89",%0A+   "rating 96 at 37, top 96: 96",%0A+   "rating 56 at 38, top 96: 49",%0A+   "rating 57 at 38, top 96: 50",%0A+   "rating 58 at 38, top 96: 51",%0A+   "rating 59 at 38, top 96: 52",%0A+   "rating 60 at 38, top 96: 53",%0A+   "rating 61 at 38, top 96: 54",%0A+   "rating 62 at 38, top 96: 55",%0A+   "rating 63 at 38, top 96: 56",%0A+   "rating 64 at 38, top 96: 57",%0A+   "rating 65 at 38, top 96: 58",%0A+   "rating 66 at 38, top 96: 59",%0A+   "rating 67 at 38, top 96: 60",%0A+   "rating 68 at 38, top 96: 61",%0A+   "rating 69 at 38, top 96: 62",%0A+   "rating 70 at 38, top 96: 63",%0A+   "rating 71 at 38, top 96: 64",%0A+   "rating 72 at 38, top 96: 65",%0A+   "rating 73 at 38, top 96: 66",%0A+   "rating 74 at 38, top 96: 67",%0A+   "rating 75 at 38, top 96: 68",%0A+   "rating 76 at 38, top 96: 69",%0A+   "rating 77 at 38, top 96: 70",%0A+   "rating 78 at 38, top 96: 71",%0A+   "rating 79 at 38, top 96: 72",%0A+   "rating 80 at 38, top 96: 73",%0A+   "rating 81 at 38, top 96: 74",%0A+   "rating 82 at 38, top 96: 75",%0A+   "rating 83 at 38, top 96: 76",%0A+   "rating 84 at 38, top 96: 77",%0A+   "rating 85 at 38, top 96: 78",%0A+   "rating 86 at 38, top 96: 79",%0A+   "rating 87 at 38, top 96: 80",%0A+   "rating 88 at 38, top 96: 81",%0A+   "rating 89 at 38, top 96: 82",%0A+   "rating 90 at 38, top 96: 83",%0A+   "rating 91 at 38, top 96: 84",%0A+   "rating 92 at 38, top 96: 85",%0A+   "rating 93 at 38, top 96: 86",%0A+   "rating 94 at 38, top 96: 87",%0A+   "rating 95 at 38, top 96: 88",%0A+   "rating 96 at 38, top 96: 96",%0A+   "rating 56 at 39, top 96: 49",%0A+   "rating 57 at 39, top 96: 50",%0A+   "rating 58 at 39, top 96: 51",%0A+   "rating 59 at 39, top 96: 52",%0A+   "rating 60 at 39, top 96: 53",%0A+   "rating 61 at 39, top 96: 54",%0A+   "rating 62 at 39, top 96: 55",%0A+   "rating 63 at 39, top 96: 56",%0A+   "rating 64 at 39, top 96: 57",%0A+   "rating 65 at 39, top 96: 58",%0A+   "rating 66 at 39, top 96: 59",%0A+   "rating 67 at 39, top 96: 60",%0A+   "rating 68 at 39, top 96: 61",%0A+   "rating 69 at 39, top 96: 62",%0A+   "rating 70 at 39, top 96: 63",%0A+   "rating 71 at 39, top 96: 64",%0A+   "rating 72 at 39, top 96: 65",%0A+   "rating 73 at 39, top 96: 66",%0A+   "rating 74 at 39, top 96: 67",%0A+   "rating 75 at 39, top 96: 68",%0A+   "rating 76 at 39, top 96: 69",%0A+   "rating 77 at 39, top 96: 70",%0A+   "rating 78 at 39, top 96: 71",%0A+   "rating 79 at 39, top 96: 72",%0A+   "rating 80 at 39, top 96: 73",%0A+   "rating 81 at 39, top 96: 74",%0A+   "rating 82 at 39, top 96: 75",%0A+   "rating 83 at 39, top 96: 76",%0A+   "rating 84 at 39, top 96: 77",%0A+   "rating 85 at 39, top 96: 78",%0A+   "rating 86 at 39, top 96: 79",%0A+   "rating 87 at 39, top 96: 80",%0A+   "rating 88 at 39, top 96: 81",%0A+   "rating 89 at 39, top 96: 82",%0A+   "rating 90 at 39, top 96: 83",%0A+   "rating 91 at 39, top 96: 84",%0A+   "rating 92 at 39, top 96: 85",%0A+   "rating 93 at 39, top 96: 86",%0A+   "rating 94 at 39, top 96: 87",%0A+   "rating 95 at 39, top 96: 88",%0A+   "rating 96 at 39, top 96: 96",%0A+   "rating 56 at 40, top 96: 49",%0A+   "rating 57 at 40, top 96: 50",%0A+   "rating 58 at 40, top 96: 51",%0A+   "rating 59 at 40, top 96: 52",%0A+   "rating 60 at 40, top 96: 53",%0A+   "rating 61 at 40, top 96: 54",%0A+   "rating 62 at 40, top 96: 55",%0A+   "rating 63 at 40, top 96: 56",%0A+   "rating 64 at 40, top 96: 57",%0A+   "rating 65 at 40, top 96: 58",%0A+   "rating 66 at 40, top 96: 59",%0A+   "rating 67 at 40, top 96: 60",%0A+   "rating 68 at 40, top 96: 61",%0A+   "rating 69 at 40, top 96: 62",%0A+   "rating 70 at 40, top 96: 63",%0A+   "rating 71 at 40, top 96: 64",%0A+   "rating 72 at 40, top 96: 65",%0A+   "rating 73 at 40, top 96: 66",%0A+   "rating 74 at 40, top 96: 67",%0A+   "rating 75 at 40, top 96: 68",%0A+   "rating 76 at 40, top 96: 69",%0A+   "rating 77 at 40, top 96: 70",%0A+   "rating 78 at 40, top 96: 71",%0A+   "rating 79 at 40, top 96: 72",%0A+   "rating 80 at 40, top 96: 73",%0A+   "rating 81 at 40, top 96: 74",%0A+   "rating 82 at 40, top 96: 75",%0A+   "rating 83 at 40, top 96: 76",%0A+   "rating 84 at 40, top 96: 77",%0A+   "rating 85 at 40, top 96: 78",%0A+   "rating 86 at 40, top 96: 79",%0A+   "rating 87 at 40, top 96: 80",%0A+   "rating 88 at 40, top 96: 81",%0A+   "rating 89 at 40, top 96: 82",%0A+   "rating 90 at 40, top 96: 83",%0A+   "rating 91 at 40, top 96: 84",%0A+   "rating 92 at 40, top 96: 85",%0A+   "rating 93 at 40, top 96: 86",%0A+   "rating 94 at 40, top 96: 87",%0A+   "rating 95 at 40, top 96: 88",%0A+   "rating 96 at 40, top 96: 96",%0A+   "rating 56 at 41, top 96: 49",%0A+   "rating 57 at 41, top 96: 50",%0A+   "rating 58 at 41, top 96: 51",%0A+   "rating 59 at 41, top 96: 52",%0A+   "rating 60 at 41, top 96: 53",%0A+   "rating 61 at 41, top 96: 54",%0A+   "rating 62 at 41, top 96: 55",%0A+   "rating 63 at 41, top 96: 56",%0A+   "rating 64 at 41, top 96: 57",%0A+   "rating 65 at 41, top 96: 58",%0A+   "rating 66 at 41, top 96: 59",%0A+   "rating 67 at 41, top 96: 60",%0A+   "rating 68 at 41, top 96: 61",%0A+   "rating 69 at 41, top 96: 62",%0A+   "rating 70 at 41, top 96: 63",%0A+   "rating 71 at 41, top 96: 64",%0A+   "rating 72 at 41, top 96: 65",%0A+   "rating 73 at 41, top 96: 66",%0A+   "rating 74 at 41, top 96: 67",%0A+   "rating 75 at 41, top 96: 68",%0A+   "rating 76 at 41, top 96: 69",%0A+   "rating 77 at 41, top 96: 70",%0A+   "rating 78 at 41, top 96: 71",%0A+   "rating 79 at 41, top 96: 72",%0A+   "rating 80 at 41, top 96: 73",%0A+   "rating 81 at 41, top 96: 74",%0A+   "rating 82 at 41, top 96: 75",%0A+   "rating 83 at 41, top 96: 76",%0A+   "rating 84 at 41, top 96: 77",%0A+   "rating 85 at 41, top 96: 78",%0A+   "rating 86 at 41, top 96: 79",%0A+   "rating 87 at 41, top 96: 80",%0A+   "rating 88 at 41, top 96: 81",%0A+   "rating 89 at 41, top 96: 82",%0A+   "rating 90 at 41, top 96: 83",%0A+   "rating 91 at 41, top 96: 84",%0A+   "rating 92 at 41, top 96: 85",%0A+   "rating 93 at 41, top 96: 86",%0A+   "rating 94 at 41, top 96: 87",%0A+   "rating 95 at 41, top 96: 88",%0A+   "rating 96 at 41, top 96: 96",%0A+   "rating 56 at 42, top 96: 49",%0A+   "rating 57 at 42, top 96: 50",%0A+   "rating 58 at 42, top 96: 51",%0A+   "rating 59 at 42, top 96: 52",%0A+   "rating 60 at 42, top 96: 53",%0A+   "rating 61 at 42, top 96: 54",%0A+   "rating 62 at 42, top 96: 55",%0A+   "rating 63 at 42, top 96: 56",%0A+   "rating 64 at 42, top 96: 57",%0A+   "rating 65 at 42, top 96: 58",%0A+   "rating 66 at 42, top 96: 59",%0A+   "rating 67 at 42, top 96: 60",%0A+   "rating 68 at 42, top 96: 61",%0A+   "rating 69 at 42, top 96: 62",%0A+   "rating 70 at 42, top 96: 63",%0A+   "rating 71 at 42, top 96: 64",%0A+   "rating 72 at 42, top 96: 65",%0A+   "rating 73 at 42, top 96: 66",%0A+   "rating 74 at 42, top 96: 67",%0A+   "rating 75 at 42, top 96: 68",%0A+   "rating 76 at 42, top 96: 69",%0A+   "rating 77 at 42, top 96: 70",%0A+   "rating 78 at 42, top 96: 71",%0A+   "rating 79 at 42, top 96: 72",%0A+   "rating 80 at 42, top 96: 73",%0A+   "rating 81 at 42, top 96: 74",%0A+   "rating 82 at 42, top 96: 75",%0A+   "rating 83 at 42, top 96: 76",%0A+   "rating 84 at 42, top 96: 77",%0A+   "rating 85 at 42, top 96: 78",%0A+   "rating 86 at 42, top 96: 79",%0A+   "rating 87 at 42, top 96: 80",%0A+   "rating 88 at 42, top 96: 81",%0A+   "rating 89 at 42, top 96: 82",%0A+   "rating 90 at 42, top 96: 83",%0A+   "rating 91 at 42, top 96: 84",%0A+   "rating 92 at 42, top 96: 85",%0A+   "rating 93 at 42, top 96: 86",%0A+   "rating 94 at 42, top 96: 87",%0A+   "rating 95 at 42, top 96: 88",%0A+   "rating 96 at 42, top 96: 96",%0A+   "rating 56 at 43, top 96: 49",%0A+   "rating 57 at 43, top 96: 50",%0A+   "rating 58 at 43, top 96: 51",%0A+   "rating 59 at 43, top 96: 52",%0A+   "rating 60 at 43, top 96: 53",%0A+   "rating 61 at 43, top 96: 54",%0A+   "rating 62 at 43, top 96: 55",%0A+   "rating 63 at 43, top 96: 56",%0A+   "rating 64 at 43, top 96: 57",%0A+   "rating 65 at 43, top 96: 58",%0A+   "rating 66 at 43, top 96: 59",%0A+   "rating 67 at 43, top 96: 60",%0A+   "rating 68 at 43, top 96: 61",%0A+   "rating 69 at 43, top 96: 62",%0A+   "rating 70 at 43, top 96: 63",%0A+   "rating 71 at 43, top 96: 64",%0A+   "rating 72 at 43, top 96: 65",%0A+   "rating 73 at 43, top 96: 66",%0A+   "rating 74 at 43, top 96: 67",%0A+   "rating 75 at 43, top 96: 68",%0A+   "rating 76 at 43, top 96: 69",%0A+   "rating 77 at 43, top 96: 70",%0A+   "rating 78 at 43, top 96: 71",%0A+   "rating 79 at 43, top 96: 72",%0A+   "rating 80 at 43, top 96: 73",%0A+   "rating 81 at 43, top 96: 74",%0A+   "rating 82 at 43, top 96: 75",%0A+   "rating 83 at 43, top 96: 76",%0A+   "rating 84 at 43, top 96: 77",%0A+   "rating 85 at 43, top 96: 78",%0A+   "rating 86 at 43, top 96: 79",%0A+   "rating 87 at 43, top 96: 80",%0A+   "rating 88 at 43, top 96: 81",%0A+   "rating 89 at 43, top 96: 82",%0A+   "rating 90 at 43, top 96: 83",%0A+   "rating 91 at 43, top 96: 84",%0A+   "rating 92 at 43, top 96: 85",%0A+   "rating 93 at 43, top 96: 86",%0A+   "rating 94 at 43, top 96: 87",%0A+   "rating 95 at 43, top 96: 88",%0A+   "rating 96 at 43, top 96: 96",%0A+   "rating 56 at 44, top 96: 49",%0A+   "rating 57 at 44, top 96: 50",%0A+   "rating 58 at 44, top 96: 51",%0A+   "rating 59 at 44, top 96: 52",%0A+   "rating 60 at 44, top 96: 53",%0A+   "rating 61 at 44, top 96: 54",%0A+   "rating 62 at 44, top 96: 55",%0A+   "rating 63 at 44, top 96: 56",%0A+   "rating 64 at 44, top 96: 57",%0A+   "rating 65 at 44, top 96: 58",%0A+   "rating 66 at 44, top 96: 59",%0A+   "rating 67 at 44, top 96: 60",%0A+   "rating 68 at 44, top 96: 61",%0A+   "rating 69 at 44, top 96: 62",%0A+   "rating 70 at 44, top 96: 63",%0A+   "rating 71 at 44, top 96: 64",%0A+   "rating 72 at 44, top 96: 65",%0A+   "rating 73 at 44, top 96: 66",%0A+   "rating 74 at 44, top 96: 67",%0A+   "rating 75 at 44, top 96: 68",%0A+   "rating 76 at 44, top 96: 69",%0A+   "rating 77 at 44, top 96: 70",%0A+   "rating 78 at 44, top 96: 71",%0A+   "rating 79 at 44, top 96: 72",%0A+   "rating 80 at 44, top 96: 73",%0A+   "rating 81 at 44, top 96: 74",%0A+   "rating 82 at 44, top 96: 75",%0A+   "rating 83 at 44, top 96: 76",%0A+   "rating 84 at 44, top 96: 77",%0A+   "rating 85 at 44, top 96: 78",%0A+   "rating 86 at 44, top 96: 79",%0A+   "rating 87 at 44, top 96: 80",%0A+   "rating 88 at 44, top 96: 81",%0A+   "rating 89 at 44, top 96: 82",%0A+   "rating 90 at 44, top 96: 83",%0A+   "rating 91 at 44, top 96: 84",%0A+   "rating 92 at 44, top 96: 85",%0A+   "rating 93 at 44, top 96: 86",%0A+   "rating 94 at 44, top 96: 87",%0A+   "rating 95 at 44, top 96: 88",%0A+   "rating 96 at 44, top 96: 96",%0A+   "rating 56 at 45, top 96: 49",%0A+   "rating 57 at 45, top 96: 50",%0A+   "rating 58 at 45, top 96: 51",%0A+   "rating 59 at 45, top 96: 52",%0A+   "rating 60 at 45, top 96: 53",%0A+   "rating 61 at 45, top 96: 54",%0A+   "rating 62 at 45, top 96: 55",%0A+   "rating 63 at 45, top 96: 56",%0A+   "rating 64 at 45, top 96: 57",%0A+   "rating 65 at 45, top 96: 58",%0A+   "rating 66 at 45, top 96: 59",%0A+   "rating 67 at 45, top 96: 60",%0A+   "rating 68 at 45, top 96: 61",%0A+   "rating 69 at 45, top 96: 62",%0A+   "rating 70 at 45, top 96: 63",%0A+   "rating 71 at 45, top 96: 64",%0A+   "rating 72 at 45, top 96: 65",%0A+   "rating 73 at 45, top 96: 66",%0A+   "rating 74 at 45, top 96: 67",%0A+   "rating 75 at 45, top 96: 68",%0A+   "rating 76 at 45, top 96: 69",%0A+   "rating 77 at 45, top 96: 70",%0A+   "rating 78 at 45, top 96: 71",%0A+   "rating 79 at 45, top 96: 72",%0A+   "rating 80 at 45, top 96: 73",%0A+   "rating 81 at 45, top 96: 74",%0A+   "rating 82 at 45, top 96: 75",%0A+   "rating 83 at 45, top 96: 76",%0A+   "rating 84 at 45, top 96: 77",%0A+   "rating 85 at 45, top 96: 78",%0A+   "rating 86 at 45, top 96: 79",%0A+   "rating 87 at 45, top 96: 80",%0A+   "rating 88 at 45, top 96: 81",%0A+   "rating 89 at 45, top 96: 82",%0A+   "rating 90 at 45, top 96: 83",%0A+   "rating 91 at 45, top 96: 84",%0A+   "rating 92 at 45, top 96: 85",%0A+   "rating 93 at 45, top 96: 86",%0A+   "rating 94 at 45, top 96: 87",%0A+   "rating 95 at 45, top 96: 88",%0A+   "rating 96 at 45, top 96: 96",%0A+   "rating 48 at 14, top 97: 55",%0A+   "rating 49 at 14, top 97: 56",%0A+   "rating 50 at 14, top 97: 57",%0A+   "rating 51 at 14, top 97: 58",%0A+   "rating 52 at 14, top 97: 59",%0A+   "rating 53 at 14, top 97: 60",%0A+   "rating 54 at 14, top 97: 61",%0A+   "rating 55 at 14, top 97: 62",%0A+   "rating 56 at 14, top 97: 63",%0A+   "rating 57 at 14, top 97: 64",%0A+   "rating 58 at 14, top 97: 65",%0A+   "rating 59 at 14, top 97: 66",%0A+   "rating 60 at 14, top 97: 67",%0A+   "rating 61 at 14, top 97: 68",%0A+   "rating 62 at 14, top 97: 69",%0A+   "rating 63 at 14, top 97: 70",%0A+   "rating 64 at 14, top 97: 71",%0A+   "rating 65 at 14, top 97: 72",%0A+   "rating 66 at 14, top 97: 73",%0A+   "rating 67 at 14, top 97: 74",%0A+   "rating 68 at 14, top 97: 75",%0A+   "rating 69 at 14, top 97: 76",%0A+   "rating 70 at 14, top 97: 77",%0A+   "rating 71 at 14, top 97: 78",%0A+   "rating 72 at 14, top 97: 79",%0A+   "rating 73 at 14, top 97: 80",%0A+   "rating 74 at 14, top 97: 81",%0A+   "rating 75 at 14, top 97: 82",%0A+   "rating 76 at 14, top 97: 83",%0A+   "rating 77 at 14, top 97: 84",%0A+   "rating 78 at 14, top 97: 85",%0A+   "rating 79 at 14, top 97: 86",%0A+   "rating 81 at 14, top 97: 87",%0A+   "rating 82 at 14, top 97: 88",%0A+   "rating 84 at 14, top 97: 89",%0A+   "rating 85 at 14, top 97: 90",%0A+   "rating 87 at 14, top 97: 91",%0A+   "rating 88 at 14, top 97: 92",%0A+   "rating 90 at 14, top 97: 93",%0A+   "rating 91 at 14, top 97: 94",%0A+   "rating 93 at 14, top 97: 95",%0A+   "rating 94 at 14, top 97: 96",%0A+   "rating 96 at 14, top 97: 97",%0A+   "rating 48 at 15, top 97: 55",%0A+   "rating 49 at 15, top 97: 56",%0A+   "rating 50 at 15, top 97: 57",%0A+   "rating 51 at 15, top 97: 58",%0A+   "rating 52 at 15, top 97: 59",%0A+   "rating 53 at 15, top 97: 60",%0A+   "rating 54 at 15, top 97: 61",%0A+   "rating 55 at 15, top 97: 62",%0A+   "rating 56 at 15, top 97: 63",%0A+   "rating 57 at 15, top 97: 64",%0A+   "rating 58 at 15, top 97: 65",%0A+   "rating 59 at 15, top 97: 66",%0A+   "rating 60 at 15, top 97: 67",%0A+   "rating 61 at 15, top 97: 68",%0A+   "rating 62 at 15, top 97: 69",%0A+   "rating 63 at 15, top 97: 70",%0A+   "rating 64 at 15, top 97: 71",%0A+   "rating 65 at 15, top 97: 72",%0A+   "rating 66 at 15, top 97: 73",%0A+   "rating 67 at 15, top 97: 74",%0A+   "rating 68 at 15, top 97: 75",%0A+   "rating 69 at 15, top 97: 76",%0A+   "rating 70 at 15, top 97: 77",%0A+   "rating 71 at 15, top 97: 78",%0A+   "rating 72 at 15, top 97: 79",%0A+   "rating 73 at 15, top 97: 80",%0A+   "rating 74 at 15, top 97: 81",%0A+   "rating 75 at 15, top 97: 82",%0A+   "rating 76 at 15, top 97: 83",%0A+   "rating 77 at 15, top 97: 84",%0A+   "rating 78 at 15, top 97: 85",%0A+   "rating 79 at 15, top 97: 86",%0A+   "rating 81 at 15, top 97: 87",%0A+   "rating 82 at 15, top 97: 88",%0A+   "rating 84 at 15, top 97: 89",%0A+   "rating 85 at 15, top 97: 90",%0A+   "rating 87 at 15, top 97: 91",%0A+   "rating 88 at 15, top 97: 92",%0A+   "rating 90 at 15, top 97: 93",%0A+   "rating 91 at 15, top 97: 94",%0A+   "rating 93 at 15, top 97: 95",%0A+   "rating 94 at 15, top 97: 96",%0A+   "rating 96 at 15, top 97: 97",%0A+   "rating 48 at 16, top 97: 55",%0A+   "rating 49 at 16, top 97: 56",%0A+   "rating 50 at 16, top 97: 57",%0A+   "rating 51 at 16, top 97: 58",%0A+   "rating 52 at 16, top 97: 59",%0A+   "rating 53 at 16, top 97: 60",%0A+   "rating 54 at 16, top 97: 61",%0A+   "rating 55 at 16, top 97: 62",%0A+   "rating 56 at 16, top 97: 63",%0A+   "rating 57 at 16, top 97: 64",%0A+   "rating 58 at 16, top 97: 65",%0A+   "rating 59 at 16, top 97: 66",%0A+   "rating 60 at 16, top 97: 67",%0A+   "rating 61 at 16, top 97: 68",%0A+   "rating 62 at 16, top 97: 69",%0A+   "rating 63 at 16, top 97: 70",%0A+   "rating 64 at 16, top 97: 71",%0A+   "rating 65 at 16, top 97: 72",%0A+   "rating 66 at 16, top 97: 73",%0A+   "rating 67 at 16, top 97: 74",%0A+   "rating 68 at 16, top 97: 75",%0A+   "rating 69 at 16, top 97: 76",%0A+   "rating 70 at 16, top 97: 77",%0A+   "rating 71 at 16, top 97: 78",%0A+   "rating 72 at 16, top 97: 79",%0A+   "rating 73 at 16, top 97: 80",%0A+   "rating 74 at 16, top 97: 81",%0A+   "rating 75 at 16, top 97: 82",%0A+   "rating 76 at 16, top 97: 83",%0A+   "rating 77 at 16, top 97: 84",%0A+   "rating 78 at 16, top 97: 85",%0A+   "rating 79 at 16, top 97: 86",%0A+   "rating 81 at 16, top 97: 87",%0A+   "rating 82 at 16, top 97: 88",%0A+   "rating 84 at 16, top 97: 89",%0A+   "rating 85 at 16, top 97: 90",%0A+   "rating 87 at 16, top 97: 91",%0A+   "rating 88 at 16, top 97: 92",%0A+   "rating 90 at 16, top 97: 93",%0A+   "rating 91 at 16, top 97: 94",%0A+   "rating 93 at 16, top 97: 95",%0A+   "rating 94 at 16, top 97: 96",%0A+   "rating 96 at 16, top 97: 97",%0A+   "rating 48 at 17, top 97: 55",%0A+   "rating 49 at 17, top 97: 56",%0A+   "rating 50 at 17, top 97: 57",%0A+   "rating 51 at 17, top 97: 58",%0A+   "rating 52 at 17, top 97: 59",%0A+   "rating 53 at 17, top 97: 60",%0A+   "rating 54 at 17, top 97: 61",%0A+   "rating 55 at 17, top 97: 62",%0A+   "rating 56 at 17, top 97: 63",%0A+   "rating 57 at 17, top 97: 64",%0A+   "rating 58 at 17, top 97: 65",%0A+   "rating 59 at 17, top 97: 66",%0A+   "rating 60 at 17, top 97: 67",%0A+   "rating 61 at 17, top 97: 68",%0A+   "rating 62 at 17, top 97: 69",%0A+   "rating 63 at 17, top 97: 70",%0A+   "rating 64 at 17, top 97: 71",%0A+   "rating 65 at 17, top 97: 72",%0A+   "rating 66 at 17, top 97: 73",%0A+   "rating 67 at 17, top 97: 74",%0A+   "rating 68 at 17, top 97: 75",%0A+   "rating 69 at 17, top 97: 76",%0A+   "rating 70 at 17, top 97: 77",%0A+   "rating 71 at 17, top 97: 78",%0A+   "rating 72 at 17, top 97: 79",%0A+   "rating 73 at 17, top 97: 80",%0A+   "rating 74 at 17, top 97: 81",%0A+   "rating 75 at 17, top 97: 82",%0A+   "rating 76 at 17, top 97: 83",%0A+   "rating 77 at 17, top 97: 84",%0A+   "rating 78 at 17, top 97: 85",%0A+   "rating 79 at 17, top 97: 86",%0A+   "rating 81 at 17, top 97: 87",%0A+   "rating 82 at 17, top 97: 88",%0A+   "rating 84 at 17, top 97: 89",%0A+   "rating 85 at 17, top 97: 90",%0A+   "rating 87 at 17, top 97: 91",%0A+   "rating 88 at 17, top 97: 92",%0A+   "rating 90 at 17, top 97: 93",%0A+   "rating 91 at 17, top 97: 94",%0A+   "rating 93 at 17, top 97: 95",%0A+   "rating 94 at 17, top 97: 96",%0A+   "rating 96 at 17, top 97: 97",%0A+   "rating 48 at 18, top 97: 55",%0A+   "rating 49 at 18, top 97: 56",%0A+   "rating 50 at 18, top 97: 57",%0A+   "rating 51 at 18, top 97: 58",%0A+   "rating 52 at 18, top 97: 59",%0A+   "rating 53 at 18, top 97: 60",%0A+   "rating 54 at 18, top 97: 61",%0A+   "rating 55 at 18, top 97: 62",%0A+   "rating 56 at 18, top 97: 63",%0A+   "rating 57 at 18, top 97: 64",%0A+   "rating 58 at 18, top 97: 65",%0A+   "rating 59 at 18, top 97: 66",%0A+   "rating 60 at 18, top 97: 67",%0A+   "rating 61 at 18, top 97: 68",%0A+   "rating 62 at 18, top 97: 69",%0A+   "rating 63 at 18, top 97: 70",%0A+   "rating 64 at 18, top 97: 71",%0A+   "rating 65 at 18, top 97: 72",%0A+   "rating 66 at 18, top 97: 73",%0A+   "rating 67 at 18, top 97: 74",%0A+   "rating 68 at 18, top 97: 75",%0A+   "rating 69 at 18, top 97: 76",%0A+   "rating 70 at 18, top 97: 77",%0A+   "rating 71 at 18, top 97: 78",%0A+   "rating 72 at 18, top 97: 79",%0A+   "rating 73 at 18, top 97: 80",%0A+   "rating 74 at 18, top 97: 81",%0A+   "rating 75 at 18, top 97: 82",%0A+   "rating 76 at 18, top 97: 83",%0A+   "rating 77 at 18, top 97: 84",%0A+   "rating 78 at 18, top 97: 85",%0A+   "rating 79 at 18, top 97: 86",%0A+   "rating 81 at 18, top 97: 87",%0A+   "rating 82 at 18, top 97: 88",%0A+   "rating 84 at 18, top 97: 89",%0A+   "rating 85 at 18, top 97: 90",%0A+   "rating 87 at 18, top 97: 91",%0A+   "rating 88 at 18, top 97: 92",%0A+   "rating 90 at 18, top 97: 93",%0A+   "rating 91 at 18, top 97: 94",%0A+   "rating 93 at 18, top 97: 95",%0A+   "rating 94 at 18, top 97: 96",%0A+   "rating 96 at 18, top 97: 97",%0A+   "rating 48 at 19, top 97: 54",%0A+   "rating 49 at 19, top 97: 55",%0A+   "rating 50 at 19, top 97: 56",%0A+   "rating 51 at 19, top 97: 57",%0A+   "rating 52 at 19, top 97: 58",%0A+   "rating 53 at 19, top 97: 59",%0A+   "rating 54 at 19, top 97: 60",%0A+   "rating 55 at 19, top 97: 61",%0A+   "rating 56 at 19, top 97: 62",%0A+   "rating 57 at 19, top 97: 63",%0A+   "rating 58 at 19, top 97: 64",%0A+   "rating 59 at 19, top 97: 65",%0A+   "rating 60 at 19, top 97: 66",%0A+   "rating 61 at 19, top 97: 67",%0A+   "rating 62 at 19, top 97: 68",%0A+   "rating 63 at 19, top 97: 69",%0A+   "rating 64 at 19, top 97: 70",%0A+   "rating 65 at 19, top 97: 71",%0A+   "rating 66 at 19, top 97: 72",%0A+   "rating 67 at 19, top 97: 73",%0A+   "rating 68 at 19, top 97: 74",%0A+   "rating 69 at 19, top 97: 75",%0A+   "rating 70 at 19, top 97: 76",%0A+   "rating 71 at 19, top 97: 77",%0A+   "rating 72 at 19, top 97: 78",%0A+   "rating 73 at 19, top 97: 79",%0A+   "rating 74 at 19, top 97: 80",%0A+   "rating 75 at 19, top 97: 81",%0A+   "rating 76 at 19, top 97: 82",%0A+   "rating 77 at 19, top 97: 83",%0A+   "rating 78 at 19, top 97: 84",%0A+   "rating 79 at 19, top 97: 85",%0A+   "rating 80 at 19, top 97: 86",%0A+   "rating 81 at 19, top 97: 87",%0A+   "rating 82 at 19, top 97: 88",%0A+   "rating 84 at 19, top 97: 89",%0A+   "rating 85 at 19, top 97: 90",%0A+   "rating 87 at 19, top 97: 91",%0A+   "rating 88 at 19, top 97: 92",%0A+   "rating 90 at 19, top 97: 93",%0A+   "rating 91 at 19, top 97: 94",%0A+   "rating 93 at 19, top 97: 95",%0A+   "rating 94 at 19, top 97: 96",%0A+   "rating 96 at 19, top 97: 97",%0A+   "rating 48 at 20, top 97: 53",%0A+   "rating 49 at 20, top 97: 54",%0A+   "rating 50 at 20, top 97: 55",%0A+   "rating 51 at 20, top 97: 56",%0A+   "rating 52 at 20, top 97: 57",%0A+   "rating 53 at 20, top 97: 58",%0A+   "rating 54 at 20, top 97: 59",%0A+   "rating 55 at 20, top 97: 60",%0A+   "rating 56 at 20, top 97: 61",%0A+   "rating 57 at 20, top 97: 62",%0A+   "rating 58 at 20, top 97: 63",%0A+   "rating 59 at 20, top 97: 64",%0A+   "rating 60 at 20, top 97: 65",%0A+   "rating 61 at 20, top 97: 66",%0A+   "rating 62 at 20, top 97: 67",%0A+   "rating 63 at 20, top 97: 68",%0A+   "rating 64 at 20, top 97: 69",%0A+   "rating 65 at 20, top 97: 70",%0A+   "rating 66 at 20, top 97: 71",%0A+   "rating 67 at 20, top 97: 72",%0A+   "rating 68 at 20, top 97: 73",%0A+   "rating 69 at 20, top 97: 74",%0A+   "rating 70 at 20, top 97: 75",%0A+   "rating 71 at 20, top 97: 76",%0A+   "rating 72 at 20, top 97: 77",%0A+   "rating 73 at 20, top 97: 78",%0A+   "rating 74 at 20, top 97: 79",%0A+   "rating 75 at 20, top 97: 80",%0A+   "rating 76 at 20, top 97: 81",%0A+   "rating 77 at 20, top 97: 82",%0A+   "rating 78 at 20, top 97: 83",%0A+   "rating 79 at 20, top 97: 84",%0A+   "rating 80 at 20, top 97: 85",%0A+   "rating 81 at 20, top 97: 86",%0A+   "rating 82 at 20, top 97: 87",%0A+   "rating 83 at 20, top 97: 88",%0A+   "rating 84 at 20, top 97: 89",%0A+   "rating 85 at 20, top 97: 90",%0A+   "rating 87 at 20, top 97: 91",%0A+   "rating 88 at 20, top 97: 92",%0A+   "rating 90 at 20, top 97: 93",%0A+   "rating 91 at 20, top 97: 94",%0A+   "rating 93 at 20, top 97: 95",%0A+   "rating 94 at 20, top 97: 96",%0A+   "rating 96 at 20, top 97: 97",%0A+   "rating 48 at 21, top 97: 52",%0A+   "rating 49 at 21, top 97: 53",%0A+   "rating 50 at 21, top 97: 54",%0A+   "rating 51 at 21, top 97: 55",%0A+   "rating 52 at 21, top 97: 56",%0A+   "rating 53 at 21, top 97: 57",%0A+   "rating 54 at 21, top 97: 58",%0A+   "rating 55 at 21, top 97: 59",%0A+   "rating 56 at 21, top 97: 60",%0A+   "rating 57 at 21, top 97: 61",%0A+   "rating 58 at 21, top 97: 62",%0A+   "rating 59 at 21, top 97: 63",%0A+   "rating 60 at 21, top 97: 64",%0A+   "rating 61 at 21, top 97: 65",%0A+   "rating 62 at 21, top 97: 66",%0A+   "rating 63 at 21, top 97: 67",%0A+   "rating 64 at 21, top 97: 68",%0A+   "rating 65 at 21, top 97: 69",%0A+   "rating 66 at 21, top 97: 70",%0A+   "rating 67 at 21, top 97: 71",%0A+   "rating 68 at 21, top 97: 72",%0A+   "rating 69 at 21, top 97: 73",%0A+   "rating 70 at 21, top 97: 74",%0A+   "rating 71 at 21, top 97: 75",%0A+   "rating 72 at 21, top 97: 76",%0A+   "rating 73 at 21, top 97: 77",%0A+   "rating 74 at 21, top 97: 78",%0A+   "rating 75 at 21, top 97: 79",%0A+   "rating 76 at 21, top 97: 80",%0A+   "rating 77 at 21, top 97: 81",%0A+   "rating 78 at 21, top 97: 82",%0A+   "rating 79 at 21, top 97: 83",%0A+   "rating 80 at 21, top 97: 84",%0A+   "rating 81 at 21, top 97: 85",%0A+   "rating 82 at 21, top 97: 86",%0A+   "rating 83 at 21, top 97: 87",%0A+   "rating 84 at 21, top 97: 88",%0A+   "rating 85 at 21, top 97: 89",%0A+   "rating 86 at 21, top 97: 90",%0A+   "rating 87 at 21, top 97: 91",%0A+   "rating 88 at 21, top 97: 92",%0A+   "rating 90 at 21, top 97: 93",%0A+   "rating 91 at 21, top 97: 94",%0A+   "rating 93 at 21, top 97: 95",%0A+   "rating 94 at 21, top 97: 96",%0A+   "rating 96 at 21, top 97: 97",%0A+   "rating 48 at 22, top 97: 51",%0A+   "rating 49 at 22, top 97: 52",%0A+   "rating 50 at 22, top 97: 53",%0A+   "rating 51 at 22, top 97: 54",%0A+   "rating 52 at 22, top 97: 55",%0A+   "rating 53 at 22, top 97: 56",%0A+   "rating 54 at 22, top 97: 57",%0A+   "rating 55 at 22, top 97: 58",%0A+   "rating 56 at 22, top 97: 59",%0A+   "rating 57 at 22, top 97: 60",%0A+   "rating 58 at 22, top 97: 61",%0A+   "rating 59 at 22, top 97: 62",%0A+   "rating 60 at 22, top 97: 63",%0A+   "rating 61 at 22, top 97: 64",%0A+   "rating 62 at 22, top 97: 65",%0A+   "rating 63 at 22, top 97: 66",%0A+   "rating 64 at 22, top 97: 67",%0A+   "rating 65 at 22, top 97: 68",%0A+   "rating 66 at 22, top 97: 69",%0A+   "rating 67 at 22, top 97: 70",%0A+   "rating 68 at 22, top 97: 71",%0A+   "rating 69 at 22, top 97: 72",%0A+   "rating 70 at 22, top 97: 73",%0A+   "rating 71 at 22, top 97: 74",%0A+   "rating 72 at 22, top 97: 75",%0A+   "rating 73 at 22, top 97: 76",%0A+   "rating 74 at 22, top 97: 77",%0A+   "rating 75 at 22, top 97: 78",%0A+   "rating 76 at 22, top 97: 79",%0A+   "rating 77 at 22, top 97: 80",%0A+   "rating 78 at 22, top 97: 81",%0A+   "rating 79 at 22, top 97: 82",%0A+   "rating 80 at 22, top 97: 83",%0A+   "rating 81 at 22, top 97: 84",%0A+   "rating 82 at 22, top 97: 85",%0A+   "rating 83 at 22, top 97: 86",%0A+   "rating 84 at 22, top 97: 87",%0A+   "rating 85 at 22, top 97: 88",%0A+   "rating 86 at 22, top 97: 89",%0A+   "rating 87 at 22, top 97: 90",%0A+   "rating 88 at 22, top 97: 91",%0A+   "rating 89 at 22, top 97: 92",%0A+   "rating 90 at 22, top 97: 93",%0A+   "rating 91 at 22, top 97: 94",%0A+   "rating 93 at 22, top 97: 95",%0A+   "rating 94 at 22, top 97: 96",%0A+   "rating 96 at 22, top 97: 97",%0A+   "rating 48 at 23, top 97: 50",%0A+   "rating 49 at 23, top 97: 51",%0A+   "rating 50 at 23, top 97: 52",%0A+   "rating 51 at 23, top 97: 53",%0A+   "rating 52 at 23, top 97: 54",%0A+   "rating 53 at 23, top 97: 55",%0A+   "rating 54 at 23, top 97: 56",%0A+   "rating 55 at 23, top 97: 57",%0A+   "rating 56 at 23, top 97: 58",%0A+   "rating 57 at 23, top 97: 59",%0A+   "rating 58 at 23, top 97: 60",%0A+   "rating 59 at 23, top 97: 61",%0A+   "rating 60 at 23, top 97: 62",%0A+   "rating 61 at 23, top 97: 63",%0A+   "rating 62 at 23, top 97: 64",%0A+   "rating 63 at 23, top 97: 65",%0A+   "rating 64 at 23, top 97: 66",%0A+   "rating 65 at 23, top 97: 67",%0A+   "rating 66 at 23, top 97: 68",%0A+   "rating 67 at 23, top 97: 69",%0A+   "rating 68 at 23, top 97: 70",%0A+   "rating 69 at 23, top 97: 71",%0A+   "rating 70 at 23, top 97: 72",%0A+   "rating 71 at 23, top 97: 73",%0A+   "rating 72 at 23, top 97: 74",%0A+   "rating 73 at 23, top 97: 75",%0A+   "rating 74 at 23, top 97: 76",%0A+   "rating 75 at 23, top 97: 77",%0A+   "rating 76 at 23, top 97: 78",%0A+   "rating 77 at 23, top 97: 79",%0A+   "rating 78 at 23, top 97: 80",%0A+   "rating 79 at 23, top 97: 81",%0A+   "rating 80 at 23, top 97: 82",%0A+   "rating 81 at 23, top 97: 83",%0A+   "rating 82 at 23, top 97: 84",%0A+   "rating 83 at 23, top 97: 85",%0A+   "rating 84 at 23, top 97: 86",%0A+   "rating 85 at 23, top 97: 87",%0A+   "rating 86 at 23, top 97: 88",%0A+   "rating 87 at 23, top 97: 89",%0A+   "rating 88 at 23, top 97: 90",%0A+   "rating 89 at 23, top 97: 91",%0A+   "rating 90 at 23, top 97: 92",%0A+   "rating 91 at 23, top 97: 93",%0A+   "rating 92 at 23, top 97: 94",%0A+   "rating 93 at 23, top 97: 95",%0A+   "rating 94 at 23, top 97: 96",%0A+   "rating 96 at 23, top 97: 97",%0A+   "rating 48 at 24, top 97: 49",%0A+   "rating 49 at 24, top 97: 50",%0A+   "rating 50 at 24, top 97: 51",%0A+   "rating 51 at 24, top 97: 52",%0A+   "rating 52 at 24, top 97: 53",%0A+   "rating 53 at 24, top 97: 54",%0A+   "rating 54 at 24, top 97: 55",%0A+   "rating 55 at 24, top 97: 56",%0A+   "rating 56 at 24, top 97: 57",%0A+   "rating 57 at 24, top 97: 58",%0A+   "rating 58 at 24, top 97: 59",%0A+   "rating 59 at 24, top 97: 60",%0A+   "rating 60 at 24, top 97: 61",%0A+   "rating 61 at 24, top 97: 62",%0A+   "rating 62 at 24, top 97: 63",%0A+   "rating 63 at 24, top 97: 64",%0A+   "rating 64 at 24, top 97: 65",%0A+   "rating 65 at 24, top 97: 66",%0A+   "rating 66 at 24, top 97: 67",%0A+   "rating 67 at 24, top 97: 68",%0A+   "rating 68 at 24, top 97: 69",%0A+   "rating 69 at 24, top 97: 70",%0A+   "rating 70 at 24, top 97: 71",%0A+   "rating 71 at 24, top 97: 72",%0A+   "rating 72 at 24, top 97: 73",%0A+   "rating 73 at 24, top 97: 74",%0A+   "rating 74 at 24, top 97: 75",%0A+   "rating 75 at 24, top 97: 76",%0A+   "rating 76 at 24, top 97: 77",%0A+   "rating 77 at 24, top 97: 78",%0A+   "rating 78 at 24, top 97: 79",%0A+   "rating 79 at 24, top 97: 80",%0A+   "rating 80 at 24, top 97: 81",%0A+   "rating 81 at 24, top 97: 82",%0A+   "rating 82 at 24, top 97: 83",%0A+   "rating 83 at 24, top 97: 84",%0A+   "rating 84 at 24, top 97: 85",%0A+   "rating 85 at 24, top 97: 86",%0A+   "rating 86 at 24, top 97: 87",%0A+   "rating 87 at 24, top 97: 88",%0A+   "rating 88 at 24, top 97: 89",%0A+   "rating 89 at 24, top 97: 90",%0A+   "rating 90 at 24, top 97: 91",%0A+   "rating 91 at 24, top 97: 92",%0A+   "rating 92 at 24, top 97: 93",%0A+   "rating 93 at 24, top 97: 94",%0A+   "rating 94 at 24, top 97: 95",%0A+   "rating 95 at 24, top 97: 96",%0A+   "rating 96 at 24, top 97: 97",%0A+   "rating 48 at 25, top 97: 49",%0A+   "rating 49 at 25, top 97: 50",%0A+   "rating 50 at 25, top 97: 51",%0A+   "rating 51 at 25, top 97: 52",%0A+   "rating 52 at 25, top 97: 53",%0A+   "rating 53 at 25, top 97: 54",%0A+   "rating 54 at 25, top 97: 55",%0A+   "rating 55 at 25, top 97: 56",%0A+   "rating 56 at 25, top 97: 57",%0A+   "rating 57 at 25, top 97: 58",%0A+   "rating 58 at 25, top 97: 59",%0A+   "rating 59 at 25, top 97: 60",%0A+   "rating 60 at 25, top 97: 61",%0A+   "rating 61 at 25, top 97: 62",%0A+   "rating 62 at 25, top 97: 63",%0A+   "rating 63 at 25, top 97: 64",%0A+   "rating 64 at 25, top 97: 65",%0A+   "rating 65 at 25, top 97: 66",%0A+   "rating 66 at 25, top 97: 67",%0A+   "rating 67 at 25, top 97: 68",%0A+   "rating 68 at 25, top 97: 69",%0A+   "rating 69 at 25, top 97: 70",%0A+   "rating 70 at 25, top 97: 71",%0A+   "rating 71 at 25, top 97: 72",%0A+   "rating 72 at 25, top 97: 73",%0A+   "rating 73 at 25, top 97: 74",%0A+   "rating 74 at 25, top 97: 75",%0A+   "rating 75 at 25, top 97: 76",%0A+   "rating 76 at 25, top 97: 77",%0A+   "rating 77 at 25, top 97: 78",%0A+   "rating 78 at 25, top 97: 79",%0A+   "rating 79 at 25, top 97: 80",%0A+   "rating 80 at 25, top 97: 81",%0A+   "rating 81 at 25, top 97: 82",%0A+   "rating 82 at 25, top 97: 83",%0A+   "rating 83 at 25, top 97: 84",%0A+   "rating 84 at 25, top 97: 85",%0A+   "rating 85 at 25, top 97: 86",%0A+   "rating 86 at 25, top 97: 87",%0A+   "rating 87 at 25, top 97: 88",%0A+   "rating 88 at 25, top 97: 89",%0A+   "rating 89 at 25, top 97: 90",%0A+   "rating 90 at 25, top 97: 91",%0A+   "rating 91 at 25, top 97: 92",%0A+   "rating 92 at 25, top 97: 93",%0A+   "rating 93 at 25, top 97: 94",%0A+   "rating 94 at 25, top 97: 95",%0A+   "rating 95 at 25, top 97: 96",%0A+   "rating 96 at 25, top 97: 97",%0A+   "rating 48 at 26, top 97: 49",%0A+   "rating 49 at 26, top 97: 50",%0A+   "rating 50 at 26, top 97: 51",%0A+   "rating 51 at 26, top 97: 52",%0A+   "rating 52 at 26, top 97: 53",%0A+   "rating 53 at 26, top 97: 54",%0A+   "rating 54 at 26, top 97: 55",%0A+   "rating 55 at 26, top 97: 56",%0A+   "rating 56 at 26, top 97: 57",%0A+   "rating 57 at 26, top 97: 58",%0A+   "rating 58 at 26, top 97: 59",%0A+   "rating 59 at 26, top 97: 60",%0A+   "rating 60 at 26, top 97: 61",%0A+   "rating 61 at 26, top 97: 62",%0A+   "rating 62 at 26, top 97: 63",%0A+   "rating 63 at 26, top 97: 64",%0A+   "rating 64 at 26, top 97: 65",%0A+   "rating 65 at 26, top 97: 66",%0A+   "rating 66 at 26, top 97: 67",%0A+   "rating 67 at 26, top 97: 68",%0A+   "rating 68 at 26, top 97: 69",%0A+   "rating 69 at 26, top 97: 70",%0A+   "rating 70 at 26, top 97: 71",%0A+   "rating 71 at 26, top 97: 72",%0A+   "rating 72 at 26, top 97: 73",%0A+   "rating 73 at 26, top 97: 74",%0A+   "rating 74 at 26, top 97: 75",%0A+   "rating 75 at 26, top 97: 76",%0A+   "rating 76 at 26, top 97: 77",%0A+   "rating 77 at 26, top 97: 78",%0A+   "rating 78 at 26, top 97: 79",%0A+   "rating 79 at 26, top 97: 80",%0A+   "rating 80 at 26, top 97: 81",%0A+   "rating 81 at 26, top 97: 82",%0A+   "rating 82 at 26, top 97: 83",%0A+   "rating 83 at 26, top 97: 84",%0A+   "rating 84 at 26, top 97: 85",%0A+   "rating 85 at 26, top 97: 86",%0A+   "rating 86 at 26, top 97: 87",%0A+   "rating 87 at 26, top 97: 88",%0A+   "rating 88 at 26, top 97: 89",%0A+   "rating 89 at 26, top 97: 90",%0A+   "rating 90 at 26, top 97: 91",%0A+   "rating 91 at 26, top 97: 92",%0A+   "rating 92 at 26, top 97: 93",%0A+   "rating 93 at 26, top 97: 94",%0A+   "rating 94 at 26, top 97: 95",%0A+   "rating 95 at 26, top 97: 96",%0A+   "rating 96 at 26, top 97: 97",%0A+   "rating 48 at 27, top 97: 49",%0A+   "rating 49 at 27, top 97: 50",%0A+   "rating 50 at 27, top 97: 51",%0A+   "rating 51 at 27, top 97: 52",%0A+   "rating 52 at 27, top 97: 53",%0A+   "rating 53 at 27, top 97: 54",%0A+   "rating 54 at 27, top 97: 55",%0A+   "rating 55 at 27, top 97: 56",%0A+   "rating 56 at 27, top 97: 57",%0A+   "rating 57 at 27, top 97: 58",%0A+   "rating 58 at 27, top 97: 59",%0A+   "rating 59 at 27, top 97: 60",%0A+   "rating 60 at 27, top 97: 61",%0A+   "rating 61 at 27, top 97: 62",%0A+   "rating 62 at 27, top 97: 63",%0A+   "rating 63 at 27, top 97: 64",%0A+   "rating 64 at 27, top 97: 65",%0A+   "rating 65 at 27, top 97: 66",%0A+   "rating 66 at 27, top 97: 67",%0A+   "rating 67 at 27, top 97: 68",%0A+   "rating 68 at 27, top 97: 69",%0A+   "rating 69 at 27, top 97: 70",%0A+   "rating 70 at 27, top 97: 71",%0A+   "rating 71 at 27, top 97: 72",%0A+   "rating 72 at 27, top 97: 73",%0A+   "rating 73 at 27, top 97: 74",%0A+   "rating 74 at 27, top 97: 75",%0A+   "rating 75 at 27, top 97: 76",%0A+   "rating 76 at 27, top 97: 77",%0A+   "rating 77 at 27, top 97: 78",%0A+   "rating 78 at 27, top 97: 79",%0A+   "rating 79 at 27, top 97: 80",%0A+   "rating 80 at 27, top 97: 81",%0A+   "rating 81 at 27, top 97: 82",%0A+   "rating 82 at 27, top 97: 83",%0A+   "rating 83 at 27, top 97: 84",%0A+   "rating 84 at 27, top 97: 85",%0A+   "rating 85 at 27, top 97: 86",%0A+   "rating 86 at 27, top 97: 87",%0A+   "rating 87 at 27, top 97: 88",%0A+   "rating 88 at 27, top 97: 89",%0A+   "rating 89 at 27, top 97: 90",%0A+   "rating 90 at 27, top 97: 91",%0A+   "rating 91 at 27, top 97: 92",%0A+   "rating 92 at 27, top 97: 93",%0A+   "rating 93 at 27, top 97: 94",%0A+   "rating 94 at 27, top 97: 95",%0A+   "rating 95 at 27, top 97: 96",%0A+   "rating 96 at 27, top 97: 97",%0A+   "rating 48 at 28, top 97: 49",%0A+   "rating 49 at 28, top 97: 50",%0A+   "rating 50 at 28, top 97: 51",%0A+   "rating 51 at 28, top 97: 52",%0A+   "rating 52 at 28, top 97: 53",%0A+   "rating 53 at 28, top 97: 54",%0A+   "rating 54 at 28, top 97: 55",%0A+   "rating 55 at 28, top 97: 56",%0A+   "rating 56 at 28, top 97: 57",%0A+   "rating 57 at 28, top 97: 58",%0A+   "rating 58 at 28, top 97: 59",%0A+   "rating 59 at 28, top 97: 60",%0A+   "rating 60 at 28, top 97: 61",%0A+   "rating 61 at 28, top 97: 62",%0A+   "rating 62 at 28, top 97: 63",%0A+   "rating 63 at 28, top 97: 64",%0A+   "rating 64 at 28, top 97: 65",%0A+   "rating 65 at 28, top 97: 66",%0A+   "rating 66 at 28, top 97: 67",%0A+   "rating 67 at 28, top 97: 68",%0A+   "rating 68 at 28, top 97: 69",%0A+   "rating 69 at 28, top 97: 70",%0A+   "rating 70 at 28, top 97: 71",%0A+   "rating 71 at 28, top 97: 72",%0A+   "rating 72 at 28, top 97: 73",%0A+   "rating 73 at 28, top 97: 74",%0A+   "rating 74 at 28, top 97: 75",%0A+   "rating 75 at 28, top 97: 76",%0A+   "rating 76 at 28, top 97: 77",%0A+   "rating 77 at 28, top 97: 78",%0A+   "rating 78 at 28, top 97: 79",%0A+   "rating 79 at 28, top 97: 80",%0A+   "rating 80 at 28, top 97: 81",%0A+   "rating 81 at 28, top 97: 82",%0A+   "rating 82 at 28, top 97: 83",%0A+   "rating 83 at 28, top 97: 84",%0A+   "rating 84 at 28, top 97: 85",%0A+   "rating 85 at 28, top 97: 86",%0A+   "rating 86 at 28, top 97: 87",%0A+   "rating 87 at 28, top 97: 88",%0A+   "rating 88 at 28, top 97: 89",%0A+   "rating 89 at 28, top 97: 90",%0A+   "rating 90 at 28, top 97: 91",%0A+   "rating 91 at 28, top 97: 92",%0A+   "rating 92 at 28, top 97: 93",%0A+   "rating 93 at 28, top 97: 94",%0A+   "rating 94 at 28, top 97: 95",%0A+   "rating 95 at 28, top 97: 96",%0A+   "rating 96 at 28, top 97: 97",%0A+   "rating 48 at 29, top 97: 49",%0A+   "rating 49 at 29, top 97: 50",%0A+   "rating 50 at 29, top 97: 51",%0A+   "rating 51 at 29, top 97: 52",%0A+   "rating 52 at 29, top 97: 53",%0A+   "rating 53 at 29, top 97: 54",%0A+   "rating 54 at 29, top 97: 55",%0A+   "rating 55 at 29, top 97: 56",%0A+   "rating 56 at 29, top 97: 57",%0A+   "rating 57 at 29, top 97: 58",%0A+   "rating 58 at 29, top 97: 59",%0A+   "rating 59 at 29, top 97: 60",%0A+   "rating 60 at 29, top 97: 61",%0A+   "rating 61 at 29, top 97: 62",%0A+   "rating 62 at 29, top 97: 63",%0A+   "rating 63 at 29, top 97: 64",%0A+   "rating 64 at 29, top 97: 65",%0A+   "rating 65 at 29, top 97: 66",%0A+   "rating 66 at 29, top 97: 67",%0A+   "rating 67 at 29, top 97: 68",%0A+   "rating 68 at 29, top 97: 69",%0A+   "rating 69 at 29, top 97: 70",%0A+   "rating 70 at 29, top 97: 71",%0A+   "rating 71 at 29, top 97: 72",%0A+   "rating 72 at 29, top 97: 73",%0A+   "rating 73 at 29, top 97: 74",%0A+   "rating 74 at 29, top 97: 75",%0A+   "rating 75 at 29, top 97: 76",%0A+   "rating 76 at 29, top 97: 77",%0A+   "rating 77 at 29, top 97: 78",%0A+   "rating 78 at 29, top 97: 79",%0A+   "rating 79 at 29, top 97: 80",%0A+   "rating 80 at 29, top 97: 81",%0A+   "rating 81 at 29, top 97: 82",%0A+   "rating 82 at 29, top 97: 83",%0A+   "rating 83 at 29, top 97: 84",%0A+   "rating 84 at 29, top 97: 85",%0A+   "rating 85 at 29, top 97: 86",%0A+   "rating 86 at 29, top 97: 87",%0A+   "rating 87 at 29, top 97: 88",%0A+   "rating 88 at 29, top 97: 89",%0A+   "rating 89 at 29, top 97: 90",%0A+   "rating 90 at 29, top 97: 91",%0A+   "rating 91 at 29, top 97: 92",%0A+   "rating 92 at 29, top 97: 93",%0A+   "rating 93 at 29, top 97: 94",%0A+   "rating 94 at 29, top 97: 95",%0A+   "rating 95 at 29, top 97: 96",%0A+   "rating 96 at 29, top 97: 97",%0A+   "rating 49 at 30, top 97: 49",%0A+   "rating 50 at 30, top 97: 50",%0A+   "rating 51 at 30, top 97: 51",%0A+   "rating 52 at 30, top 97: 52",%0A+   "rating 53 at 30, top 97: 53",%0A+   "rating 54 at 30, top 97: 54",%0A+   "rating 55 at 30, top 97: 55",%0A+   "rating 56 at 30, top 97: 56",%0A+   "rating 57 at 30, top 97: 57",%0A+   "rating 58 at 30, top 97: 58",%0A+   "rating 59 at 30, top 97: 59",%0A+   "rating 60 at 30, top 97: 60",%0A+   "rating 61 at 30, top 97: 61",%0A+   "rating 62 at 30, top 97: 62",%0A+   "rating 63 at 30, top 97: 63",%0A+   "rating 64 at 30, top 97: 64",%0A+   "rating 65 at 30, top 97: 65",%0A+   "rating 66 at 30, top 97: 66",%0A+   "rating 67 at 30, top 97: 67",%0A+   "rating 68 at 30, top 97: 68",%0A+   "rating 69 at 30, top 97: 69",%0A+   "rating 70 at 30, top 97: 70",%0A+   "rating 71 at 30, top 97: 71",%0A+   "rating 72 at 30, top 97: 72",%0A+   "rating 73 at 30, top 97: 73",%0A+   "rating 74 at 30, top 97: 74",%0A+   "rating 75 at 30, top 97: 75",%0A+   "rating 76 at 30, top 97: 76",%0A+   "rating 77 at 30, top 97: 77",%0A+   "rating 78 at 30, top 97: 78",%0A+   "rating 79 at 30, top 97: 79",%0A+   "rating 80 at 30, top 97: 80",%0A+   "rating 81 at 30, top 97: 81",%0A+   "rating 82 at 30, top 97: 82",%0A+   "rating 83 at 30, top 97: 83",%0A+   "rating 84 at 30, top 97: 84",%0A+   "rating 85 at 30, top 97: 85",%0A+   "rating 86 at 30, top 97: 86",%0A+   "rating 87 at 30, top 97: 87",%0A+   "rating 88 at 30, top 97: 88",%0A+   "rating 89 at 30, top 97: 89",%0A+   "rating 90 at 30, top 97: 90",%0A+   "rating 91 at 30, top 97: 91",%0A+   "rating 92 at 30, top 97: 92",%0A+   "rating 93 at 30, top 97: 93",%0A+   "rating 94 at 30, top 97: 94",%0A+   "rating 95 at 30, top 97: 95",%0A+   "rating 96 at 30, top 97: 96",%0A+   "rating 97 at 30, top 97: 97",%0A+   "rating 50 at 31, top 97: 49",%0A+   "rating 51 at 31, top 97: 50",%0A+   "rating 52 at 31, top 97: 51",%0A+   "rating 53 at 31, top 97: 52",%0A+   "rating 54 at 31, top 97: 53",%0A+   "rating 55 at 31, top 97: 54",%0A+   "rating 56 at 31, top 97: 55",%0A+   "rating 57 at 31, top 97: 56",%0A+   "rating 58 at 31, top 97: 57",%0A+   "rating 59 at 31, top 97: 58",%0A+   "rating 60 at 31, top 97: 59",%0A+   "rating 61 at 31, top 97: 60",%0A+   "rating 62 at 31, top 97: 61",%0A+   "rating 63 at 31, top 97: 62",%0A+   "rating 64 at 31, top 97: 63",%0A+   "rating 65 at 31, top 97: 64",%0A+   "rating 66 at 31, top 97: 65",%0A+   "rating 67 at 31, top 97: 66",%0A+   "rating 68 at 31, top 97: 67",%0A+   "rating 69 at 31, top 97: 68",%0A+   "rating 70 at 31, top 97: 69",%0A+   "rating 71 at 31, top 97: 70",%0A+   "rating 72 at 31, top 97: 71",%0A+   "rating 73 at 31, top 97: 72",%0A+   "rating 74 at 31, top 97: 73",%0A+   "rating 75 at 31, top 97: 74",%0A+   "rating 76 at 31, top 97: 75",%0A+   "rating 77 at 31, top 97: 76",%0A+   "rating 78 at 31, top 97: 77",%0A+   "rating 79 at 31, top 97: 78",%0A+   "rating 80 at 31, top 97: 79",%0A+   "rating 81 at 31, top 97: 80",%0A+   "rating 82 at 31, top 97: 81",%0A+   "rating 83 at 31, top 97: 82",%0A+   "rating 84 at 31, top 97: 83",%0A+   "rating 85 at 31, top 97: 84",%0A+   "rating 86 at 31, top 97: 85",%0A+   "rating 87 at 31, top 97: 86",%0A+   "rating 88 at 31, top 97: 87",%0A+   "rating 89 at 31, top 97: 88",%0A+   "rating 90 at 31, top 97: 89",%0A+   "rating 91 at 31, top 97: 90",%0A+   "rating 92 at 31, top 97: 91",%0A+   "rating 93 at 31, top 97: 92",%0A+   "rating 94 at 31, top 97: 93",%0A+   "rating 95 at 31, top 97: 94",%0A+   "rating 96 at 31, top 97: 95",%0A+   "rating 97 at 31, top 97: 97",%0A+   "rating 50 at 32, top 97: 49",%0A+   "rating 51 at 32, top 97: 50",%0A+   "rating 52 at 32, top 97: 51",%0A+   "rating 53 at 32, top 97: 52",%0A+   "rating 54 at 32, top 97: 53",%0A+   "rating 55 at 32, top 97: 54",%0A+   "rating 56 at 32, top 97: 55",%0A+   "rating 57 at 32, top 97: 56",%0A+   "rating 58 at 32, top 97: 57",%0A+   "rating 59 at 32, top 97: 58",%0A+   "rating 60 at 32, top 97: 59",%0A+   "rating 61 at 32, top 97: 60",%0A+   "rating 62 at 32, top 97: 61",%0A+   "rating 63 at 32, top 97: 62",%0A+   "rating 64 at 32, top 97: 63",%0A+   "rating 65 at 32, top 97: 64",%0A+   "rating 66 at 32, top 97: 65",%0A+   "rating 67 at 32, top 97: 66",%0A+   "rating 68 at 32, top 97: 67",%0A+   "rating 69 at 32, top 97: 68",%0A+   "rating 70 at 32, top 97: 69",%0A+   "rating 71 at 32, top 97: 70",%0A+   "rating 72 at 32, top 97: 71",%0A+   "rating 73 at 32, top 97: 72",%0A+   "rating 74 at 32, top 97: 73",%0A+   "rating 75 at 32, top 97: 74",%0A+   "rating 76 at 32, top 97: 75",%0A+   "rating 77 at 32, top 97: 76",%0A+   "rating 78 at 32, top 97: 77",%0A+   "rating 79 at 32, top 97: 78",%0A+   "rating 80 at 32, top 97: 79",%0A+   "rating 81 at 32, top 97: 80",%0A+   "rating 82 at 32, top 97: 81",%0A+   "rating 83 at 32, top 97: 82",%0A+   "rating 84 at 32, top 97: 83",%0A+   "rating 85 at 32, top 97: 84",%0A+   "rating 86 at 32, top 97: 85",%0A+   "rating 87 at 32, top 97: 86",%0A+   "rating 88 at 32, top 97: 87",%0A+   "rating 89 at 32, top 97: 88",%0A+   "rating 90 at 32, top 97: 89",%0A+   "rating 91 at 32, top 97: 90",%0A+   "rating 92 at 32, top 97: 91",%0A+   "rating 93 at 32, top 97: 92",%0A+   "rating 94 at 32, top 97: 93",%0A+   "rating 95 at 32, top 97: 94",%0A+   "rating 96 at 32, top 97: 95",%0A+   "rating 97 at 32, top 97: 97",%0A+   "rating 51 at 33, top 97: 49",%0A+   "rating 52 at 33, top 97: 50",%0A+   "rating 53 at 33, top 97: 51",%0A+   "rating 54 at 33, top 97: 52",%0A+   "rating 55 at 33, top 97: 53",%0A+   "rating 56 at 33, top 97: 54",%0A+   "rating 57 at 33, top 97: 55",%0A+   "rating 58 at 33, top 97: 56",%0A+   "rating 59 at 33, top 97: 57",%0A+   "rating 60 at 33, top 97: 58",%0A+   "rating 61 at 33, top 97: 59",%0A+   "rating 62 at 33, top 97: 60",%0A+   "rating 63 at 33, top 97: 61",%0A+   "rating 64 at 33, top 97: 62",%0A+   "rating 65 at 33, top 97: 63",%0A+   "rating 66 at 33, top 97: 64",%0A+   "rating 67 at 33, top 97: 65",%0A+   "rating 68 at 33, top 97: 66",%0A+   "rating 69 at 33, top 97: 67",%0A+   "rating 70 at 33, top 97: 68",%0A+   "rating 71 at 33, top 97: 69",%0A+   "rating 72 at 33, top 97: 70",%0A+   "rating 73 at 33, top 97: 71",%0A+   "rating 74 at 33, top 97: 72",%0A+   "rating 75 at 33, top 97: 73",%0A+   "rating 76 at 33, top 97: 74",%0A+   "rating 77 at 33, top 97: 75",%0A+   "rating 78 at 33, top 97: 76",%0A+   "rating 79 at 33, top 97: 77",%0A+   "rating 80 at 33, top 97: 78",%0A+   "rating 81 at 33, top 97: 79",%0A+   "rating 82 at 33, top 97: 80",%0A+   "rating 83 at 33, top 97: 81",%0A+   "rating 84 at 33, top 97: 82",%0A+   "rating 85 at 33, top 97: 83",%0A+   "rating 86 at 33, top 97: 84",%0A+   "rating 87 at 33, top 97: 85",%0A+   "rating 88 at 33, top 97: 86",%0A+   "rating 89 at 33, top 97: 87",%0A+   "rating 90 at 33, top 97: 88",%0A+   "rating 91 at 33, top 97: 89",%0A+   "rating 92 at 33, top 97: 90",%0A+   "rating 93 at 33, top 97: 91",%0A+   "rating 94 at 33, top 97: 92",%0A+   "rating 95 at 33, top 97: 93",%0A+   "rating 96 at 33, top 97: 94",%0A+   "rating 97 at 33, top 97: 97",%0A+   "rating 52 at 34, top 97: 49",%0A+   "rating 53 at 34, top 97: 50",%0A+   "rating 54 at 34, top 97: 51",%0A+   "rating 55 at 34, top 97: 52",%0A+   "rating 56 at 34, top 97: 53",%0A+   "rating 57 at 34, top 97: 54",%0A+   "rating 58 at 34, top 97: 55",%0A+   "rating 59 at 34, top 97: 56",%0A+   "rating 60 at 34, top 97: 57",%0A+   "rating 61 at 34, top 97: 58",%0A+   "rating 62 at 34, top 97: 59",%0A+   "rating 63 at 34, top 97: 60",%0A+   "rating 64 at 34, top 97: 61",%0A+   "rating 65 at 34, top 97: 62",%0A+   "rating 66 at 34, top 97: 63",%0A+   "rating 67 at 34, top 97: 64",%0A+   "rating 68 at 34, top 97: 65",%0A+   "rating 69 at 34, top 97: 66",%0A+   "rating 70 at 34, top 97: 67",%0A+   "rating 71 at 34, top 97: 68",%0A+   "rating 72 at 34, top 97: 69",%0A+   "rating 73 at 34, top 97: 70",%0A+   "rating 74 at 34, top 97: 71",%0A+   "rating 75 at 34, top 97: 72",%0A+   "rating 76 at 34, top 97: 73",%0A+   "rating 77 at 34, top 97: 74",%0A+   "rating 78 at 34, top 97: 75",%0A+   "rating 79 at 34, top 97: 76",%0A+   "rating 80 at 34, top 97: 77",%0A+   "rating 81 at 34, top 97: 78",%0A+   "rating 82 at 34, top 97: 79",%0A+   "rating 83 at 34, top 97: 80",%0A+   "rating 84 at 34, top 97: 81",%0A+   "rating 85 at 34, top 97: 82",%0A+   "rating 86 at 34, top 97: 83",%0A+   "rating 87 at 34, top 97: 84",%0A+   "rating 88 at 34, top 97: 85",%0A+   "rating 89 at 34, top 97: 86",%0A+   "rating 90 at 34, top 97: 87",%0A+   "rating 91 at 34, top 97: 88",%0A+   "rating 92 at 34, top 97: 89",%0A+   "rating 93 at 34, top 97: 90",%0A+   "rating 94 at 34, top 97: 91",%0A+   "rating 95 at 34, top 97: 92",%0A+   "rating 96 at 34, top 97: 93",%0A+   "rating 97 at 34, top 97: 97",%0A+   "rating 53 at 35, top 97: 49",%0A+   "rating 54 at 35, top 97: 50",%0A+   "rating 55 at 35, top 97: 51",%0A+   "rating 56 at 35, top 97: 52",%0A+   "rating 57 at 35, top 97: 53",%0A+   "rating 58 at 35, top 97: 54",%0A+   "rating 59 at 35, top 97: 55",%0A+   "rating 60 at 35, top 97: 56",%0A+   "rating 61 at 35, top 97: 57",%0A+   "rating 62 at 35, top 97: 58",%0A+   "rating 63 at 35, top 97: 59",%0A+   "rating 64 at 35, top 97: 60",%0A+   "rating 65 at 35, top 97: 61",%0A+   "rating 66 at 35, top 97: 62",%0A+   "rating 67 at 35, top 97: 63",%0A+   "rating 68 at 35, top 97: 64",%0A+   "rating 69 at 35, top 97: 65",%0A+   "rating 70 at 35, top 97: 66",%0A+   "rating 71 at 35, top 97: 67",%0A+   "rating 72 at 35, top 97: 68",%0A+   "rating 73 at 35, top 97: 69",%0A+   "rating 74 at 35, top 97: 70",%0A+   "rating 75 at 35, top 97: 71",%0A+   "rating 76 at 35, top 97: 72",%0A+   "rating 77 at 35, top 97: 73",%0A+   "rating 78 at 35, top 97: 74",%0A+   "rating 79 at 35, top 97: 75",%0A+   "rating 80 at 35, top 97: 76",%0A+   "rating 81 at 35, top 97: 77",%0A+   "rating 82 at 35, top 97: 78",%0A+   "rating 83 at 35, top 97: 79",%0A+   "rating 84 at 35, top 97: 80",%0A+   "rating 85 at 35, top 97: 81",%0A+   "rating 86 at 35, top 97: 82",%0A+   "rating 87 at 35, top 97: 83",%0A+   "rating 88 at 35, top 97: 84",%0A+   "rating 89 at 35, top 97: 85",%0A+   "rating 90 at 35, top 97: 86",%0A+   "rating 91 at 35, top 97: 87",%0A+   "rating 92 at 35, top 97: 88",%0A+   "rating 93 at 35, top 97: 89",%0A+   "rating 94 at 35, top 97: 90",%0A+   "rating 95 at 35, top 97: 91",%0A+   "rating 96 at 35, top 97: 92",%0A+   "rating 97 at 35, top 97: 97",%0A+   "rating 54 at 36, top 97: 49",%0A+   "rating 55 at 36, top 97: 50",%0A+   "rating 56 at 36, top 97: 51",%0A+   "rating 57 at 36, top 97: 52",%0A+   "rating 58 at 36, top 97: 53",%0A+   "rating 59 at 36, top 97: 54",%0A+   "rating 60 at 36, top 97: 55",%0A+   "rating 61 at 36, top 97: 56",%0A+   "rating 62 at 36, top 97: 57",%0A+   "rating 63 at 36, top 97: 58",%0A+   "rating 64 at 36, top 97: 59",%0A+   "rating 65 at 36, top 97: 60",%0A+   "rating 66 at 36, top 97: 61",%0A+   "rating 67 at 36, top 97: 62",%0A+   "rating 68 at 36, top 97: 63",%0A+   "rating 69 at 36, top 97: 64",%0A+   "rating 70 at 36, top 97: 65",%0A+   "rating 71 at 36, top 97: 66",%0A+   "rating 72 at 36, top 97: 67",%0A+   "rating 73 at 36, top 97: 68",%0A+   "rating 74 at 36, top 97: 69",%0A+   "rating 75 at 36, top 97: 70",%0A+   "rating 76 at 36, top 97: 71",%0A+   "rating 77 at 36, top 97: 72",%0A+   "rating 78 at 36, top 97: 73",%0A+   "rating 79 at 36, top 97: 74",%0A+   "rating 80 at 36, top 97: 75",%0A+   "rating 81 at 36, top 97: 76",%0A+   "rating 82 at 36, top 97: 77",%0A+   "rating 83 at 36, top 97: 78",%0A+   "rating 84 at 36, top 97: 79",%0A+   "rating 85 at 36, top 97: 80",%0A+   "rating 86 at 36, top 97: 81",%0A+   "rating 87 at 36, top 97: 82",%0A+   "rating 88 at 36, top 97: 83",%0A+   "rating 89 at 36, top 97: 84",%0A+   "rating 90 at 36, top 97: 85",%0A+   "rating 91 at 36, top 97: 86",%0A+   "rating 92 at 36, top 97: 87",%0A+   "rating 93 at 36, top 97: 88",%0A+   "rating 94 at 36, top 97: 89",%0A+   "rating 95 at 36, top 97: 90",%0A+   "rating 96 at 36, top 97: 91",%0A+   "rating 97 at 36, top 97: 97",%0A+   "rating 55 at 37, top 97: 49",%0A+   "rating 56 at 37, top 97: 50",%0A+   "rating 57 at 37, top 97: 51",%0A+   "rating 58 at 37, top 97: 52",%0A+   "rating 59 at 37, top 97: 53",%0A+   "rating 60 at 37, top 97: 54",%0A+   "rating 61 at 37, top 97: 55",%0A+   "rating 62 at 37, top 97: 56",%0A+   "rating 63 at 37, top 97: 57",%0A+   "rating 64 at 37, top 97: 58",%0A+   "rating 65 at 37, top 97: 59",%0A+   "rating 66 at 37, top 97: 60",%0A+   "rating 67 at 37, top 97: 61",%0A+   "rating 68 at 37, top 97: 62",%0A+   "rating 69 at 37, top 97: 63",%0A+   "rating 70 at 37, top 97: 64",%0A+   "rating 71 at 37, top 97: 65",%0A+   "rating 72 at 37, top 97: 66",%0A+   "rating 73 at 37, top 97: 67",%0A+   "rating 74 at 37, top 97: 68",%0A+   "rating 75 at 37, top 97: 69",%0A+   "rating 76 at 37, top 97: 70",%0A+   "rating 77 at 37, top 97: 71",%0A+   "rating 78 at 37, top 97: 72",%0A+   "rating 79 at 37, top 97: 73",%0A+   "rating 80 at 37, top 97: 74",%0A+   "rating 81 at 37, top 97: 75",%0A+   "rating 82 at 37, top 97: 76",%0A+   "rating 83 at 37, top 97: 77",%0A+   "rating 84 at 37, top 97: 78",%0A+   "rating 85 at 37, top 97: 79",%0A+   "rating 86 at 37, top 97: 80",%0A+   "rating 87 at 37, top 97: 81",%0A+   "rating 88 at 37, top 97: 82",%0A+   "rating 89 at 37, top 97: 83",%0A+   "rating 90 at 37, top 97: 84",%0A+   "rating 91 at 37, top 97: 85",%0A+   "rating 92 at 37, top 97: 86",%0A+   "rating 93 at 37, top 97: 87",%0A+   "rating 94 at 37, top 97: 88",%0A+   "rating 95 at 37, top 97: 89",%0A+   "rating 96 at 37, top 97: 90",%0A+   "rating 97 at 37, top 97: 97",%0A+   "rating 56 at 38, top 97: 49",%0A+   "rating 57 at 38, top 97: 50",%0A+   "rating 58 at 38, top 97: 51",%0A+   "rating 59 at 38, top 97: 52",%0A+   "rating 60 at 38, top 97: 53",%0A+   "rating 61 at 38, top 97: 54",%0A+   "rating 62 at 38, top 97: 55",%0A+   "rating 63 at 38, top 97: 56",%0A+   "rating 64 at 38, top 97: 57",%0A+   "rating 65 at 38, top 97: 58",%0A+   "rating 66 at 38, top 97: 59",%0A+   "rating 67 at 38, top 97: 60",%0A+   "rating 68 at 38, top 97: 61",%0A+   "rating 69 at 38, top 97: 62",%0A+   "rating 70 at 38, top 97: 63",%0A+   "rating 71 at 38, top 97: 64",%0A+   "rating 72 at 38, top 97: 65",%0A+   "rating 73 at 38, top 97: 66",%0A+   "rating 74 at 38, top 97: 67",%0A+   "rating 75 at 38, top 97: 68",%0A+   "rating 76 at 38, top 97: 69",%0A+   "rating 77 at 38, top 97: 70",%0A+   "rating 78 at 38, top 97: 71",%0A+   "rating 79 at 38, top 97: 72",%0A+   "rating 80 at 38, top 97: 73",%0A+   "rating 81 at 38, top 97: 74",%0A+   "rating 82 at 38, top 97: 75",%0A+   "rating 83 at 38, top 97: 76",%0A+   "rating 84 at 38, top 97: 77",%0A+   "rating 85 at 38, top 97: 78",%0A+   "rating 86 at 38, top 97: 79",%0A+   "rating 87 at 38, top 97: 80",%0A+   "rating 88 at 38, top 97: 81",%0A+   "rating 89 at 38, top 97: 82",%0A+   "rating 90 at 38, top 97: 83",%0A+   "rating 91 at 38, top 97: 84",%0A+   "rating 92 at 38, top 97: 85",%0A+   "rating 93 at 38, top 97: 86",%0A+   "rating 94 at 38, top 97: 87",%0A+   "rating 95 at 38, top 97: 88",%0A+   "rating 96 at 38, top 97: 89",%0A+   "rating 97 at 38, top 97: 97",%0A+   "rating 56 at 39, top 97: 49",%0A+   "rating 57 at 39, top 97: 50",%0A+   "rating 58 at 39, top 97: 51",%0A+   "rating 59 at 39, top 97: 52",%0A+   "rating 60 at 39, top 97: 53",%0A+   "rating 61 at 39, top 97: 54",%0A+   "rating 62 at 39, top 97: 55",%0A+   "rating 63 at 39, top 97: 56",%0A+   "rating 64 at 39, top 97: 57",%0A+   "rating 65 at 39, top 97: 58",%0A+   "rating 66 at 39, top 97: 59",%0A+   "rating 67 at 39, top 97: 60",%0A+   "rating 68 at 39, top 97: 61",%0A+   "rating 69 at 39, top 97: 62",%0A+   "rating 70 at 39, top 97: 63",%0A+   "rating 71 at 39, top 97: 64",%0A+   "rating 72 at 39, top 97: 65",%0A+   "rating 73 at 39, top 97: 66",%0A+   "rating 74 at 39, top 97: 67",%0A+   "rating 75 at 39, top 97: 68",%0A+   "rating 76 at 39, top 97: 69",%0A+   "rating 77 at 39, top 97: 70",%0A+   "rating 78 at 39, top 97: 71",%0A+   "rating 79 at 39, top 97: 72",%0A+   "rating 80 at 39, top 97: 73",%0A+   "rating 81 at 39, top 97: 74",%0A+   "rating 82 at 39, top 97: 75",%0A+   "rating 83 at 39, top 97: 76",%0A+   "rating 84 at 39, top 97: 77",%0A+   "rating 85 at 39, top 97: 78",%0A+   "rating 86 at 39, top 97: 79",%0A+   "rating 87 at 39, top 97: 80",%0A+   "rating 88 at 39, top 97: 81",%0A+   "rating 89 at 39, top 97: 82",%0A+   "rating 90 at 39, top 97: 83",%0A+   "rating 91 at 39, top 97: 84",%0A+   "rating 92 at 39, top 97: 85",%0A+   "rating 93 at 39, top 97: 86",%0A+   "rating 94 at 39, top 97: 87",%0A+   "rating 95 at 39, top 97: 88",%0A+   "rating 96 at 39, top 97: 89",%0A+   "rating 97 at 39, top 97: 97",%0A+   "rating 56 at 40, top 97: 49",%0A+   "rating 57 at 40, top 97: 50",%0A+   "rating 58 at 40, top 97: 51",%0A+   "rating 59 at 40, top 97: 52",%0A+   "rating 60 at 40, top 97: 53",%0A+   "rating 61 at 40, top 97: 54",%0A+   "rating 62 at 40, top 97: 55",%0A+   "rating 63 at 40, top 97: 56",%0A+   "rating 64 at 40, top 97: 57",%0A+   "rating 65 at 40, top 97: 58",%0A+   "rating 66 at 40, top 97: 59",%0A+   "rating 67 at 40, top 97: 60",%0A+   "rating 68 at 40, top 97: 61",%0A+   "rating 69 at 40, top 97: 62",%0A+   "rating 70 at 40, top 97: 63",%0A+   "rating 71 at 40, top 97: 64",%0A+   "rating 72 at 40, top 97: 65",%0A+   "rating 73 at 40, top 97: 66",%0A+   "rating 74 at 40, top 97: 67",%0A+   "rating 75 at 40, top 97: 68",%0A+   "rating 76 at 40, top 97: 69",%0A+   "rating 77 at 40, top 97: 70",%0A+   "rating 78 at 40, top 97: 71",%0A+   "rating 79 at 40, top 97: 72",%0A+   "rating 80 at 40, top 97: 73",%0A+   "rating 81 at 40, top 97: 74",%0A+   "rating 82 at 40, top 97: 75",%0A+   "rating 83 at 40, top 97: 76",%0A+   "rating 84 at 40, top 97: 77",%0A+   "rating 85 at 40, top 97: 78",%0A+   "rating 86 at 40, top 97: 79",%0A+   "rating 87 at 40, top 97: 80",%0A+   "rating 88 at 40, top 97: 81",%0A+   "rating 89 at 40, top 97: 82",%0A+   "rating 90 at 40, top 97: 83",%0A+   "rating 91 at 40, top 97: 84",%0A+   "rating 92 at 40, top 97: 85",%0A+   "rating 93 at 40, top 97: 86",%0A+   "rating 94 at 40, top 97: 87",%0A+   "rating 95 at 40, top 97: 88",%0A+   "rating 96 at 40, top 97: 89",%0A+   "rating 97 at 40, top 97: 97",%0A+   "rating 56 at 41, top 97: 49",%0A+   "rating 57 at 41, top 97: 50",%0A+   "rating 58 at 41, top 97: 51",%0A+   "rating 59 at 41, top 97: 52",%0A+   "rating 60 at 41, top 97: 53",%0A+   "rating 61 at 41, top 97: 54",%0A+   "rating 62 at 41, top 97: 55",%0A+   "rating 63 at 41, top 97: 56",%0A+   "rating 64 at 41, top 97: 57",%0A+   "rating 65 at 41, top 97: 58",%0A+   "rating 66 at 41, top 97: 59",%0A+   "rating 67 at 41, top 97: 60",%0A+   "rating 68 at 41, top 97: 61",%0A+   "rating 69 at 41, top 97: 62",%0A+   "rating 70 at 41, top 97: 63",%0A+   "rating 71 at 41, top 97: 64",%0A+   "rating 72 at 41, top 97: 65",%0A+   "rating 73 at 41, top 97: 66",%0A+   "rating 74 at 41, top 97: 67",%0A+   "rating 75 at 41, top 97: 68",%0A+   "rating 76 at 41, top 97: 69",%0A+   "rating 77 at 41, top 97: 70",%0A+   "rating 78 at 41, top 97: 71",%0A+   "rating 79 at 41, top 97: 72",%0A+   "rating 80 at 41, top 97: 73",%0A+   "rating 81 at 41, top 97: 74",%0A+   "rating 82 at 41, top 97: 75",%0A+   "rating 83 at 41, top 97: 76",%0A+   "rating 84 at 41, top 97: 77",%0A+   "rating 85 at 41, top 97: 78",%0A+   "rating 86 at 41, top 97: 79",%0A+   "rating 87 at 41, top 97: 80",%0A+   "rating 88 at 41, top 97: 81",%0A+   "rating 89 at 41, top 97: 82",%0A+   "rating 90 at 41, top 97: 83",%0A+   "rating 91 at 41, top 97: 84",%0A+   "rating 92 at 41, top 97: 85",%0A+   "rating 93 at 41, top 97: 86",%0A+   "rating 94 at 41, top 97: 87",%0A+   "rating 95 at 41, top 97: 88",%0A+   "rating 96 at 41, top 97: 89",%0A+   "rating 97 at 41, top 97: 97",%0A+   "rating 56 at 42, top 97: 49",%0A+   "rating 57 at 42, top 97: 50",%0A+   "rating 58 at 42, top 97: 51",%0A+   "rating 59 at 42, top 97: 52",%0A+   "rating 60 at 42, top 97: 53",%0A+   "rating 61 at 42, top 97: 54",%0A+   "rating 62 at 42, top 97: 55",%0A+   "rating 63 at 42, top 97: 56",%0A+   "rating 64 at 42, top 97: 57",%0A+   "rating 65 at 42, top 97: 58",%0A+   "rating 66 at 42, top 97: 59",%0A+   "rating 67 at 42, top 97: 60",%0A+   "rating 68 at 42, top 97: 61",%0A+   "rating 69 at 42, top 97: 62",%0A+   "rating 70 at 42, top 97: 63",%0A+   "rating 71 at 42, top 97: 64",%0A+   "rating 72 at 42, top 97: 65",%0A+   "rating 73 at 42, top 97: 66",%0A+   "rating 74 at 42, top 97: 67",%0A+   "rating 75 at 42, top 97: 68",%0A+   "rating 76 at 42, top 97: 69",%0A+   "rating 77 at 42, top 97: 70",%0A+   "rating 78 at 42, top 97: 71",%0A+   "rating 79 at 42, top 97: 72",%0A+   "rating 80 at 42, top 97: 73",%0A+   "rating 81 at 42, top 97: 74",%0A+   "rating 82 at 42, top 97: 75",%0A+   "rating 83 at 42, top 97: 76",%0A+   "rating 84 at 42, top 97: 77",%0A+   "rating 85 at 42, top 97: 78",%0A+   "rating 86 at 42, top 97: 79",%0A+   "rating 87 at 42, top 97: 80",%0A+   "rating 88 at 42, top 97: 81",%0A+   "rating 89 at 42, top 97: 82",%0A+   "rating 90 at 42, top 97: 83",%0A+   "rating 91 at 42, top 97: 84",%0A+   "rating 92 at 42, top 97: 85",%0A+   "rating 93 at 42, top 97: 86",%0A+   "rating 94 at 42, top 97: 87",%0A+   "rating 95 at 42, top 97: 88",%0A+   "rating 96 at 42, top 97: 89",%0A+   "rating 97 at 42, top 97: 97",%0A+   "rating 56 at 43, top 97: 49",%0A+   "rating 57 at 43, top 97: 50",%0A+   "rating 58 at 43, top 97: 51",%0A+   "rating 59 at 43, top 97: 52",%0A+   "rating 60 at 43, top 97: 53",%0A+   "rating 61 at 43, top 97: 54",%0A+   "rating 62 at 43, top 97: 55",%0A+   "rating 63 at 43, top 97: 56",%0A+   "rating 64 at 43, top 97: 57",%0A+   "rating 65 at 43, top 97: 58",%0A+   "rating 66 at 43, top 97: 59",%0A+   "rating 67 at 43, top 97: 60",%0A+   "rating 68 at 43, top 97: 61",%0A+   "rating 69 at 43, top 97: 62",%0A+   "rating 70 at 43, top 97: 63",%0A+   "rating 71 at 43, top 97: 64",%0A+   "rating 72 at 43, top 97: 65",%0A+   "rating 73 at 43, top 97: 66",%0A+   "rating 74 at 43, top 97: 67",%0A+   "rating 75 at 43, top 97: 68",%0A+   "rating 76 at 43, top 97: 69",%0A+   "rating 77 at 43, top 97: 70",%0A+   "rating 78 at 43, top 97: 71",%0A+   "rating 79 at 43, top 97: 72",%0A+   "rating 80 at 43, top 97: 73",%0A+   "rating 81 at 43, top 97: 74",%0A+   "rating 82 at 43, top 97: 75",%0A+   "rating 83 at 43, top 97: 76",%0A+   "rating 84 at 43, top 97: 77",%0A+   "rating 85 at 43, top 97: 78",%0A+   "rating 86 at 43, top 97: 79",%0A+   "rating 87 at 43, top 97: 80",%0A+   "rating 88 at 43, top 97: 81",%0A+   "rating 89 at 43, top 97: 82",%0A+   "rating 90 at 43, top 97: 83",%0A+   "rating 91 at 43, top 97: 84",%0A+   "rating 92 at 43, top 97: 85",%0A+   "rating 93 at 43, top 97: 86",%0A+   "rating 94 at 43, top 97: 87",%0A+   "rating 95 at 43, top 97: 88",%0A+   "rating 96 at 43, top 97: 89",%0A+   "rating 97 at 43, top 97: 97",%0A+   "rating 56 at 44, top 97: 49",%0A+   "rating 57 at 44, top 97: 50",%0A+   "rating 58 at 44, top 97: 51",%0A+   "rating 59 at 44, top 97: 52",%0A+   "rating 60 at 44, top 97: 53",%0A+   "rating 61 at 44, top 97: 54",%0A+   "rating 62 at 44, top 97: 55",%0A+   "rating 63 at 44, top 97: 56",%0A+   "rating 64 at 44, top 97: 57",%0A+   "rating 65 at 44, top 97: 58",%0A+   "rating 66 at 44, top 97: 59",%0A+   "rating 67 at 44, top 97: 60",%0A+   "rating 68 at 44, top 97: 61",%0A+   "rating 69 at 44, top 97: 62",%0A+   "rating 70 at 44, top 97: 63",%0A+   "rating 71 at 44, top 97: 64",%0A+   "rating 72 at 44, top 97: 65",%0A+   "rating 73 at 44, top 97: 66",%0A+   "rating 74 at 44, top 97: 67",%0A+   "rating 75 at 44, top 97: 68",%0A+   "rating 76 at 44, top 97: 69",%0A+   "rating 77 at 44, top 97: 70",%0A+   "rating 78 at 44, top 97: 71",%0A+   "rating 79 at 44, top 97: 72",%0A+   "rating 80 at 44, top 97: 73",%0A+   "rating 81 at 44, top 97: 74",%0A+   "rating 82 at 44, top 97: 75",%0A+   "rating 83 at 44, top 97: 76",%0A+   "rating 84 at 44, top 97: 77",%0A+   "rating 85 at 44, top 97: 78",%0A+   "rating 86 at 44, top 97: 79",%0A+   "rating 87 at 44, top 97: 80",%0A+   "rating 88 at 44, top 97: 81",%0A+   "rating 89 at 44, top 97: 82",%0A+   "rating 90 at 44, top 97: 83",%0A+   "rating 91 at 44, top 97: 84",%0A+   "rating 92 at 44, top 97: 85",%0A+   "rating 93 at 44, top 97: 86",%0A+   "rating 94 at 44, top 97: 87",%0A+   "rating 95 at 44, top 97: 88",%0A+   "rating 96 at 44, top 97: 89",%0A+   "rating 97 at 44, top 97: 97",%0A+   "rating 56 at 45, top 97: 49",%0A+   "rating 57 at 45, top 97: 50",%0A+   "rating 58 at 45, top 97: 51",%0A+   "rating 59 at 45, top 97: 52",%0A+   "rating 60 at 45, top 97: 53",%0A+   "rating 61 at 45, top 97: 54",%0A+   "rating 62 at 45, top 97: 55",%0A+   "rating 63 at 45, top 97: 56",%0A+   "rating 64 at 45, top 97: 57",%0A+   "rating 65 at 45, top 97: 58",%0A+   "rating 66 at 45, top 97: 59",%0A+   "rating 67 at 45, top 97: 60",%0A+   "rating 68 at 45, top 97: 61",%0A+   "rating 69 at 45, top 97: 62",%0A+   "rating 70 at 45, top 97: 63",%0A+   "rating 71 at 45, top 97: 64",%0A+   "rating 72 at 45, top 97: 65",%0A+   "rating 73 at 45, top 97: 66",%0A+   "rating 74 at 45, top 97: 67",%0A+   "rating 75 at 45, top 97: 68",%0A+   "rating 76 at 45, top 97: 69",%0A+   "rating 77 at 45, top 97: 70",%0A+   "rating 78 at 45, top 97: 71",%0A+   "rating 79 at 45, top 97: 72",%0A+   "rating 80 at 45, top 97: 73",%0A+   "rating 81 at 45, top 97: 74",%0A+   "rating 82 at 45, top 97: 75",%0A+   "rating 83 at 45, top 97: 76",%0A+   "rating 84 at 45, top 97: 77",%0A+   "rating 85 at 45, top 97: 78",%0A+   "rating 86 at 45, top 97: 79",%0A+   "rating 87 at 45, top 97: 80",%0A+   "rating 88 at 45, top 97: 81",%0A+   "rating 89 at 45, top 97: 82",%0A+   "rating 90 at 45, top 97: 83",%0A+   "rating 91 at 45, top 97: 84",%0A+   "rating 92 at 45, top 97: 85",%0A+   "rating 93 at 45, top 97: 86",%0A+   "rating 94 at 45, top 97: 87",%0A+   "rating 95 at 45, top 97: 88",%0A+   "rating 96 at 45, top 97: 89",%0A+   "rating 97 at 45, top 97: 97",%0A+   "rating 48 at 14, top 98: 55",%0A+   "rating 49 at 14, top 98: 56",%0A+   "rating 50 at 14, top 98: 57",%0A+   "rating 51 at 14, top 98: 58",%0A+   "rating 52 at 14, top 98: 59",%0A+   "rating 53 at 14, top 98: 60",%0A+   "rating 54 at 14, top 98: 61",%0A+   "rating 55 at 14, top 98: 62",%0A+   "rating 56 at 14, top 98: 63",%0A+   "rating 57 at 14, top 98: 64",%0A+   "rating 58 at 14, top 98: 65",%0A+   "rating 59 at 14, top 98: 66",%0A+   "rating 60 at 14, top 98: 67",%0A+   "rating 61 at 14, top 98: 68",%0A+   "rating 62 at 14, top 98: 69",%0A+   "rating 63 at 14, top 98: 70",%0A+   "rating 64 at 14, top 98: 71",%0A+   "rating 65 at 14, top 98: 72",%0A+   "rating 66 at 14, top 98: 73",%0A+   "rating 67 at 14, top 98: 74",%0A+   "rating 68 at 14, top 98: 75",%0A+   "rating 69 at 14, top 98: 76",%0A+   "rating 70 at 14, top 98: 77",%0A+   "rating 71 at 14, top 98: 78",%0A+   "rating 72 at 14, top 98: 79",%0A+   "rating 73 at 14, top 98: 80",%0A+   "rating 74 at 14, top 98: 81",%0A+   "rating 75 at 14, top 98: 82",%0A+   "rating 76 at 14, top 98: 83",%0A+   "rating 77 at 14, top 98: 84",%0A+   "rating 78 at 14, top 98: 85",%0A+   "rating 79 at 14, top 98: 86",%0A+   "rating 80 at 14, top 98: 87",%0A+   "rating 82 at 14, top 98: 88",%0A+   "rating 83 at 14, top 98: 89",%0A+   "rating 85 at 14, top 98: 90",%0A+   "rating 86 at 14, top 98: 91",%0A+   "rating 88 at 14, top 98: 92",%0A+   "rating 89 at 14, top 98: 93",%0A+   "rating 91 at 14, top 98: 94",%0A+   "rating 92 at 14, top 98: 95",%0A+   "rating 94 at 14, top 98: 96",%0A+   "rating 95 at 14, top 98: 97",%0A+   "rating 97 at 14, top 98: 98",%0A+   "rating 48 at 15, top 98: 55",%0A+   "rating 49 at 15, top 98: 56",%0A+   "rating 50 at 15, top 98: 57",%0A+   "rating 51 at 15, top 98: 58",%0A+   "rating 52 at 15, top 98: 59",%0A+   "rating 53 at 15, top 98: 60",%0A+   "rating 54 at 15, top 98: 61",%0A+   "rating 55 at 15, top 98: 62",%0A+   "rating 56 at 15, top 98: 63",%0A+   "rating 57 at 15, top 98: 64",%0A+   "rating 58 at 15, top 98: 65",%0A+   "rating 59 at 15, top 98: 66",%0A+   "rating 60 at 15, top 98: 67",%0A+   "rating 61 at 15, top 98: 68",%0A+   "rating 62 at 15, top 98: 69",%0A+   "rating 63 at 15, top 98: 70",%0A+   "rating 64 at 15, top 98: 71",%0A+   "rating 65 at 15, top 98: 72",%0A+   "rating 66 at 15, top 98: 73",%0A+   "rating 67 at 15, top 98: 74",%0A+   "rating 68 at 15, top 98: 75",%0A+   "rating 69 at 15, top 98: 76",%0A+   "rating 70 at 15, top 98: 77",%0A+   "rating 71 at 15, top 98: 78",%0A+   "rating 72 at 15, top 98: 79",%0A+   "rating 73 at 15, top 98: 80",%0A+   "rating 74 at 15, top 98: 81",%0A+   "rating 75 at 15, top 98: 82",%0A+   "rating 76 at 15, top 98: 83",%0A+   "rating 77 at 15, top 98: 84",%0A+   "rating 78 at 15, top 98: 85",%0A+   "rating 79 at 15, top 98: 86",%0A+   "rating 80 at 15, top 98: 87",%0A+   "rating 82 at 15, top 98: 88",%0A+   "rating 83 at 15, top 98: 89",%0A+   "rating 85 at 15, top 98: 90",%0A+   "rating 86 at 15, top 98: 91",%0A+   "rating 88 at 15, top 98: 92",%0A+   "rating 89 at 15, top 98: 93",%0A+   "rating 91 at 15, top 98: 94",%0A+   "rating 92 at 15, top 98: 95",%0A+   "rating 94 at 15, top 98: 96",%0A+   "rating 95 at 15, top 98: 97",%0A+   "rating 97 at 15, top 98: 98",%0A+   "rating 48 at 16, top 98: 55",%0A+   "rating 49 at 16, top 98: 56",%0A+   "rating 50 at 16, top 98: 57",%0A+   "rating 51 at 16, top 98: 58",%0A+   "rating 52 at 16, top 98: 59",%0A+   "rating 53 at 16, top 98: 60",%0A+   "rating 54 at 16, top 98: 61",%0A+   "rating 55 at 16, top 98: 62",%0A+   "rating 56 at 16, top 98: 63",%0A+   "rating 57 at 16, top 98: 64",%0A+   "rating 58 at 16, top 98: 65",%0A+   "rating 59 at 16, top 98: 66",%0A+   "rating 60 at 16, top 98: 67",%0A+   "rating 61 at 16, top 98: 68",%0A+   "rating 62 at 16, top 98: 69",%0A+   "rating 63 at 16, top 98: 70",%0A+   "rating 64 at 16, top 98: 71",%0A+   "rating 65 at 16, top 98: 72",%0A+   "rating 66 at 16, top 98: 73",%0A+   "rating 67 at 16, top 98: 74",%0A+   "rating 68 at 16, top 98: 75",%0A+   "rating 69 at 16, top 98: 76",%0A+   "rating 70 at 16, top 98: 77",%0A+   "rating 71 at 16, top 98: 78",%0A+   "rating 72 at 16, top 98: 79",%0A+   "rating 73 at 16, top 98: 80",%0A+   "rating 74 at 16, top 98: 81",%0A+   "rating 75 at 16, top 98: 82",%0A+   "rating 76 at 16, top 98: 83",%0A+   "rating 77 at 16, top 98: 84",%0A+   "rating 78 at 16, top 98: 85",%0A+   "rating 79 at 16, top 98: 86",%0A+   "rating 80 at 16, top 98: 87",%0A+   "rating 82 at 16, top 98: 88",%0A+   "rating 83 at 16, top 98: 89",%0A+   "rating 85 at 16, top 98: 90",%0A+   "rating 86 at 16, top 98: 91",%0A+   "rating 88 at 16, top 98: 92",%0A+   "rating 89 at 16, top 98: 93",%0A+   "rating 91 at 16, top 98: 94",%0A+   "rating 92 at 16, top 98: 95",%0A+   "rating 94 at 16, top 98: 96",%0A+   "rating 95 at 16, top 98: 97",%0A+   "rating 97 at 16, top 98: 98",%0A+   "rating 48 at 17, top 98: 55",%0A+   "rating 49 at 17, top 98: 56",%0A+   "rating 50 at 17, top 98: 57",%0A+   "rating 51 at 17, top 98: 58",%0A+   "rating 52 at 17, top 98: 59",%0A+   "rating 53 at 17, top 98: 60",%0A+   "rating 54 at 17, top 98: 61",%0A+   "rating 55 at 17, top 98: 62",%0A+   "rating 56 at 17, top 98: 63",%0A+   "rating 57 at 17, top 98: 64",%0A+   "rating 58 at 17, top 98: 65",%0A+   "rating 59 at 17, top 98: 66",%0A+   "rating 60 at 17, top 98: 67",%0A+   "rating 61 at 17, top 98: 68",%0A+   "rating 62 at 17, top 98: 69",%0A+   "rating 63 at 17, top 98: 70",%0A+   "rating 64 at 17, top 98: 71",%0A+   "rating 65 at 17, top 98: 72",%0A+   "rating 66 at 17, top 98: 73",%0A+   "rating 67 at 17, top 98: 74",%0A+   "rating 68 at 17, top 98: 75",%0A+   "rating 69 at 17, top 98: 76",%0A+   "rating 70 at 17, top 98: 77",%0A+   "rating 71 at 17, top 98: 78",%0A+   "rating 72 at 17, top 98: 79",%0A+   "rating 73 at 17, top 98: 80",%0A+   "rating 74 at 17, top 98: 81",%0A+   "rating 75 at 17, top 98: 82",%0A+   "rating 76 at 17, top 98: 83",%0A+   "rating 77 at 17, top 98: 84",%0A+   "rating 78 at 17, top 98: 85",%0A+   "rating 79 at 17, top 98: 86",%0A+   "rating 80 at 17, top 98: 87",%0A+   "rating 82 at 17, top 98: 88",%0A+   "rating 83 at 17, top 98: 89",%0A+   "rating 85 at 17, top 98: 90",%0A+   "rating 86 at 17, top 98: 91",%0A+   "rating 88 at 17, top 98: 92",%0A+   "rating 89 at 17, top 98: 93",%0A+   "rating 91 at 17, top 98: 94",%0A+   "rating 92 at 17, top 98: 95",%0A+   "rating 94 at 17, top 98: 96",%0A+   "rating 95 at 17, top 98: 97",%0A+   "rating 97 at 17, top 98: 98",%0A+   "rating 48 at 18, top 98: 55",%0A+   "rating 49 at 18, top 98: 56",%0A+   "rating 50 at 18, top 98: 57",%0A+   "rating 51 at 18, top 98: 58",%0A+   "rating 52 at 18, top 98: 59",%0A+   "rating 53 at 18, top 98: 60",%0A+   "rating 54 at 18, top 98: 61",%0A+   "rating 55 at 18, top 98: 62",%0A+   "rating 56 at 18, top 98: 63",%0A+   "rating 57 at 18, top 98: 64",%0A+   "rating 58 at 18, top 98: 65",%0A+   "rating 59 at 18, top 98: 66",%0A+   "rating 60 at 18, top 98: 67",%0A+   "rating 61 at 18, top 98: 68",%0A+   "rating 62 at 18, top 98: 69",%0A+   "rating 63 at 18, top 98: 70",%0A+   "rating 64 at 18, top 98: 71",%0A+   "rating 65 at 18, top 98: 72",%0A+   "rating 66 at 18, top 98: 73",%0A+   "rating 67 at 18, top 98: 74",%0A+   "rating 68 at 18, top 98: 75",%0A+   "rating 69 at 18, top 98: 76",%0A+   "rating 70 at 18, top 98: 77",%0A+   "rating 71 at 18, top 98: 78",%0A+   "rating 72 at 18, top 98: 79",%0A+   "rating 73 at 18, top 98: 80",%0A+   "rating 74 at 18, top 98: 81",%0A+   "rating 75 at 18, top 98: 82",%0A+   "rating 76 at 18, top 98: 83",%0A+   "rating 77 at 18, top 98: 84",%0A+   "rating 78 at 18, top 98: 85",%0A+   "rating 79 at 18, top 98: 86",%0A+   "rating 80 at 18, top 98: 87",%0A+   "rating 82 at 18, top 98: 88",%0A+   "rating 83 at 18, top 98: 89",%0A+   "rating 85 at 18, top 98: 90",%0A+   "rating 86 at 18, top 98: 91",%0A+   "rating 88 at 18, top 98: 92",%0A+   "rating 89 at 18, top 98: 93",%0A+   "rating 91 at 18, top 98: 94",%0A+   "rating 92 at 18, top 98: 95",%0A+   "rating 94 at 18, top 98: 96",%0A+   "rating 95 at 18, top 98: 97",%0A+   "rating 97 at 18, top 98: 98",%0A+   "rating 48 at 19, top 98: 54",%0A+   "rating 49 at 19, top 98: 55",%0A+   "rating 50 at 19, top 98: 56",%0A+   "rating 51 at 19, top 98: 57",%0A+   "rating 52 at 19, top 98: 58",%0A+   "rating 53 at 19, top 98: 59",%0A+   "rating 54 at 19, top 98: 60",%0A+   "rating 55 at 19, top 98: 61",%0A+   "rating 56 at 19, top 98: 62",%0A+   "rating 57 at 19, top 98: 63",%0A+   "rating 58 at 19, top 98: 64",%0A+   "rating 59 at 19, top 98: 65",%0A+   "rating 60 at 19, top 98: 66",%0A+   "rating 61 at 19, top 98: 67",%0A+   "rating 62 at 19, top 98: 68",%0A+   "rating 63 at 19, top 98: 69",%0A+   "rating 64 at 19, top 98: 70",%0A+   "rating 65 at 19, top 98: 71",%0A+   "rating 66 at 19, top 98: 72",%0A+   "rating 67 at 19, top 98: 73",%0A+   "rating 68 at 19, top 98: 74",%0A+   "rating 69 at 19, top 98: 75",%0A+   "rating 70 at 19, top 98: 76",%0A+   "rating 71 at 19, top 98: 77",%0A+   "rating 72 at 19, top 98: 78",%0A+   "rating 73 at 19, top 98: 79",%0A+   "rating 74 at 19, top 98: 80",%0A+   "rating 75 at 19, top 98: 81",%0A+   "rating 76 at 19, top 98: 82",%0A+   "rating 77 at 19, top 98: 83",%0A+   "rating 78 at 19, top 98: 84",%0A+   "rating 79 at 19, top 98: 85",%0A+   "rating 80 at 19, top 98: 86",%0A+   "rating 81 at 19, top 98: 87",%0A+   "rating 82 at 19, top 98: 88",%0A+   "rating 83 at 19, top 98: 89",%0A+   "rating 85 at 19, top 98: 90",%0A+   "rating 86 at 19, top 98: 91",%0A+   "rating 88 at 19, top 98: 92",%0A+   "rating 89 at 19, top 98: 93",%0A+   "rating 91 at 19, top 98: 94",%0A+   "rating 92 at 19, top 98: 95",%0A+   "rating 94 at 19, top 98: 96",%0A+   "rating 95 at 19, top 98: 97",%0A+   "rating 97 at 19, top 98: 98",%0A+   "rating 48 at 20, top 98: 53",%0A+   "rating 49 at 20, top 98: 54",%0A+   "rating 50 at 20, top 98: 55",%0A+   "rating 51 at 20, top 98: 56",%0A+   "rating 52 at 20, top 98: 57",%0A+   "rating 53 at 20, top 98: 58",%0A+   "rating 54 at 20, top 98: 59",%0A+   "rating 55 at 20, top 98: 60",%0A+   "rating 56 at 20, top 98: 61",%0A+   "rating 57 at 20, top 98: 62",%0A+   "rating 58 at 20, top 98: 63",%0A+   "rating 59 at 20, top 98: 64",%0A+   "rating 60 at 20, top 98: 65",%0A+   "rating 61 at 20, top 98: 66",%0A+   "rating 62 at 20, top 98: 67",%0A+   "rating 63 at 20, top 98: 68",%0A+   "rating 64 at 20, top 98: 69",%0A+   "rating 65 at 20, top 98: 70",%0A+   "rating 66 at 20, top 98: 71",%0A+   "rating 67 at 20, top 98: 72",%0A+   "rating 68 at 20, top 98: 73",%0A+   "rating 69 at 20, top 98: 74",%0A+   "rating 70 at 20, top 98: 75",%0A+   "rating 71 at 20, top 98: 76",%0A+   "rating 72 at 20, top 98: 77",%0A+   "rating 73 at 20, top 98: 78",%0A+   "rating 74 at 20, top 98: 79",%0A+   "rating 75 at 20, top 98: 80",%0A+   "rating 76 at 20, top 98: 81",%0A+   "rating 77 at 20, top 98: 82",%0A+   "rating 78 at 20, top 98: 83",%0A+   "rating 79 at 20, top 98: 84",%0A+   "rating 80 at 20, top 98: 85",%0A+   "rating 81 at 20, top 98: 86",%0A+   "rating 82 at 20, top 98: 87",%0A+   "rating 83 at 20, top 98: 88",%0A+   "rating 84 at 20, top 98: 89",%0A+   "rating 85 at 20, top 98: 90",%0A+   "rating 86 at 20, top 98: 91",%0A+   "rating 88 at 20, top 98: 92",%0A+   "rating 89 at 20, top 98: 93",%0A+   "rating 91 at 20, top 98: 94",%0A+   "rating 92 at 20, top 98: 95",%0A+   "rating 94 at 20, top 98: 96",%0A+   "rating 95 at 20, top 98: 97",%0A+   "rating 97 at 20, top 98: 98",%0A+   "rating 48 at 21, top 98: 52",%0A+   "rating 49 at 21, top 98: 53",%0A+   "rating 50 at 21, top 98: 54",%0A+   "rating 51 at 21, top 98: 55",%0A+   "rating 52 at 21, top 98: 56",%0A+   "rating 53 at 21, top 98: 57",%0A+   "rating 54 at 21, top 98: 58",%0A+   "rating 55 at 21, top 98: 59",%0A+   "rating 56 at 21, top 98: 60",%0A+   "rating 57 at 21, top 98: 61",%0A+   "rating 58 at 21, top 98: 62",%0A+   "rating 59 at 21, top 98: 63",%0A+   "rating 60 at 21, top 98: 64",%0A+   "rating 61 at 21, top 98: 65",%0A+   "rating 62 at 21, top 98: 66",%0A+   "rating 63 at 21, top 98: 67",%0A+   "rating 64 at 21, top 98: 68",%0A+   "rating 65 at 21, top 98: 69",%0A+   "rating 66 at 21, top 98: 70",%0A+   "rating 67 at 21, top 98: 71",%0A+   "rating 68 at 21, top 98: 72",%0A+   "rating 69 at 21, top 98: 73",%0A+   "rating 70 at 21, top 98: 74",%0A+   "rating 71 at 21, top 98: 75",%0A+   "rating 72 at 21, top 98: 76",%0A+   "rating 73 at 21, top 98: 77",%0A+   "rating 74 at 21, top 98: 78",%0A+   "rating 75 at 21, top 98: 79",%0A+   "rating 76 at 21, top 98: 80",%0A+   "rating 77 at 21, top 98: 81",%0A+   "rating 78 at 21, top 98: 82",%0A+   "rating 79 at 21, top 98: 83",%0A+   "rating 80 at 21, top 98: 84",%0A+   "rating 81 at 21, top 98: 85",%0A+   "rating 82 at 21, top 98: 86",%0A+   "rating 83 at 21, top 98: 87",%0A+   "rating 84 at 21, top 98: 88",%0A+   "rating 85 at 21, top 98: 89",%0A+   "rating 86 at 21, top 98: 90",%0A+   "rating 87 at 21, top 98: 91",%0A+   "rating 88 at 21, top 98: 92",%0A+   "rating 89 at 21, top 98: 93",%0A+   "rating 91 at 21, top 98: 94",%0A+   "rating 92 at 21, top 98: 95",%0A+   "rating 94 at 21, top 98: 96",%0A+   "rating 95 at 21, top 98: 97",%0A+   "rating 97 at 21, top 98: 98",%0A+   "rating 48 at 22, top 98: 51",%0A+   "rating 49 at 22, top 98: 52",%0A+   "rating 50 at 22, top 98: 53",%0A+   "rating 51 at 22, top 98: 54",%0A+   "rating 52 at 22, top 98: 55",%0A+   "rating 53 at 22, top 98: 56",%0A+   "rating 54 at 22, top 98: 57",%0A+   "rating 55 at 22, top 98: 58",%0A+   "rating 56 at 22, top 98: 59",%0A+   "rating 57 at 22, top 98: 60",%0A+   "rating 58 at 22, top 98: 61",%0A+   "rating 59 at 22, top 98: 62",%0A+   "rating 60 at 22, top 98: 63",%0A+   "rating 61 at 22, top 98: 64",%0A+   "rating 62 at 22, top 98: 65",%0A+   "rating 63 at 22, top 98: 66",%0A+   "rating 64 at 22, top 98: 67",%0A+   "rating 65 at 22, top 98: 68",%0A+   "rating 66 at 22, top 98: 69",%0A+   "rating 67 at 22, top 98: 70",%0A+   "rating 68 at 22, top 98: 71",%0A+   "rating 69 at 22, top 98: 72",%0A+   "rating 70 at 22, top 98: 73",%0A+   "rating 71 at 22, top 98: 74",%0A+   "rating 72 at 22, top 98: 75",%0A+   "rating 73 at 22, top 98: 76",%0A+   "rating 74 at 22, top 98: 77",%0A+   "rating 75 at 22, top 98: 78",%0A+   "rating 76 at 22, top 98: 79",%0A+   "rating 77 at 22, top 98: 80",%0A+   "rating 78 at 22, top 98: 81",%0A+   "rating 79 at 22, top 98: 82",%0A+   "rating 80 at 22, top 98: 83",%0A+   "rating 81 at 22, top 98: 84",%0A+   "rating 82 at 22, top 98: 85",%0A+   "rating 83 at 22, top 98: 86",%0A+   "rating 84 at 22, top 98: 87",%0A+   "rating 85 at 22, top 98: 88",%0A+   "rating 86 at 22, top 98: 89",%0A+   "rating 87 at 22, top 98: 90",%0A+   "rating 88 at 22, top 98: 91",%0A+   "rating 89 at 22, top 98: 92",%0A+   "rating 90 at 22, top 98: 93",%0A+   "rating 91 at 22, top 98: 94",%0A+   "rating 92 at 22, top 98: 95",%0A+   "rating 94 at 22, top 98: 96",%0A+   "rating 95 at 22, top 98: 97",%0A+   "rating 97 at 22, top 98: 98",%0A+   "rating 48 at 23, top 98: 50",%0A+   "rating 49 at 23, top 98: 51",%0A+   "rating 50 at 23, top 98: 52",%0A+   "rating 51 at 23, top 98: 53",%0A+   "rating 52 at 23, top 98: 54",%0A+   "rating 53 at 23, top 98: 55",%0A+   "rating 54 at 23, top 98: 56",%0A+   "rating 55 at 23, top 98: 57",%0A+   "rating 56 at 23, top 98: 58",%0A+   "rating 57 at 23, top 98: 59",%0A+   "rating 58 at 23, top 98: 60",%0A+   "rating 59 at 23, top 98: 61",%0A+   "rating 60 at 23, top 98: 62",%0A+   "rating 61 at 23, top 98: 63",%0A+   "rating 62 at 23, top 98: 64",%0A+   "rating 63 at 23, top 98: 65",%0A+   "rating 64 at 23, top 98: 66",%0A+   "rating 65 at 23, top 98: 67",%0A+   "rating 66 at 23, top 98: 68",%0A+   "rating 67 at 23, top 98: 69",%0A+   "rating 68 at 23, top 98: 70",%0A+   "rating 69 at 23, top 98: 71",%0A+   "rating 70 at 23, top 98: 72",%0A+   "rating 71 at 23, top 98: 73",%0A+   "rating 72 at 23, top 98: 74",%0A+   "rating 73 at 23, top 98: 75",%0A+   "rating 74 at 23, top 98: 76",%0A+   "rating 75 at 23, top 98: 77",%0A+   "rating 76 at 23, top 98: 78",%0A+   "rating 77 at 23, top 98: 79",%0A+   "rating 78 at 23, top 98: 80",%0A+   "rating 79 at 23, top 98: 81",%0A+   "rating 80 at 23, top 98: 82",%0A+   "rating 81 at 23, top 98: 83",%0A+   "rating 82 at 23, top 98: 84",%0A+   "rating 83 at 23, top 98: 85",%0A+   "rating 84 at 23, top 98: 86",%0A+   "rating 85 at 23, top 98: 87",%0A+   "rating 86 at 23, top 98: 88",%0A+   "rating 87 at 23, top 98: 89",%0A+   "rating 88 at 23, top 98: 90",%0A+   "rating 89 at 23, top 98: 91",%0A+   "rating 90 at 23, top 98: 92",%0A+   "rating 91 at 23, top 98: 93",%0A+   "rating 92 at 23, top 98: 94",%0A+   "rating 93 at 23, top 98: 95",%0A+   "rating 94 at 23, top 98: 96",%0A+   "rating 95 at 23, top 98: 97",%0A+   "rating 97 at 23, top 98: 98",%0A+   "rating 48 at 24, top 98: 49",%0A+   "rating 49 at 24, top 98: 50",%0A+   "rating 50 at 24, top 98: 51",%0A+   "rating 51 at 24, top 98: 52",%0A+   "rating 52 at 24, top 98: 53",%0A+   "rating 53 at 24, top 98: 54",%0A+   "rating 54 at 24, top 98: 55",%0A+   "rating 55 at 24, top 98: 56",%0A+   "rating 56 at 24, top 98: 57",%0A+   "rating 57 at 24, top 98: 58",%0A+   "rating 58 at 24, top 98: 59",%0A+   "rating 59 at 24, top 98: 60",%0A+   "rating 60 at 24, top 98: 61",%0A+   "rating 61 at 24, top 98: 62",%0A+   "rating 62 at 24, top 98: 63",%0A+   "rating 63 at 24, top 98: 64",%0A+   "rating 64 at 24, top 98: 65",%0A+   "rating 65 at 24, top 98: 66",%0A+   "rating 66 at 24, top 98: 67",%0A+   "rating 67 at 24, top 98: 68",%0A+   "rating 68 at 24, top 98: 69",%0A+   "rating 69 at 24, top 98: 70",%0A+   "rating 70 at 24, top 98: 71",%0A+   "rating 71 at 24, top 98: 72",%0A+   "rating 72 at 24, top 98: 73",%0A+   "rating 73 at 24, top 98: 74",%0A+   "rating 74 at 24, top 98: 75",%0A+   "rating 75 at 24, top 98: 76",%0A+   "rating 76 at 24, top 98: 77",%0A+   "rating 77 at 24, top 98: 78",%0A+   "rating 78 at 24, top 98: 79",%0A+   "rating 79 at 24, top 98: 80",%0A+   "rating 80 at 24, top 98: 81",%0A+   "rating 81 at 24, top 98: 82",%0A+   "rating 82 at 24, top 98: 83",%0A+   "rating 83 at 24, top 98: 84",%0A+   "rating 84 at 24, top 98: 85",%0A+   "rating 85 at 24, top 98: 86",%0A+   "rating 86 at 24, top 98: 87",%0A+   "rating 87 at 24, top 98: 88",%0A+   "rating 88 at 24, top 98: 89",%0A+   "rating 89 at 24, top 98: 90",%0A+   "rating 90 at 24, top 98: 91",%0A+   "rating 91 at 24, top 98: 92",%0A+   "rating 92 at 24, top 98: 93",%0A+   "rating 93 at 24, top 98: 94",%0A+   "rating 94 at 24, top 98: 95",%0A+   "rating 95 at 24, top 98: 96",%0A+   "rating 96 at 24, top 98: 97",%0A+   "rating 97 at 24, top 98: 98",%0A+   "rating 48 at 25, top 98: 49",%0A+   "rating 49 at 25, top 98: 50",%0A+   "rating 50 at 25, top 98: 51",%0A+   "rating 51 at 25, top 98: 52",%0A+   "rating 52 at 25, top 98: 53",%0A+   "rating 53 at 25, top 98: 54",%0A+   "rating 54 at 25, top 98: 55",%0A+   "rating 55 at 25, top 98: 56",%0A+   "rating 56 at 25, top 98: 57",%0A+   "rating 57 at 25, top 98: 58",%0A+   "rating 58 at 25, top 98: 59",%0A+   "rating 59 at 25, top 98: 60",%0A+   "rating 60 at 25, top 98: 61",%0A+   "rating 61 at 25, top 98: 62",%0A+   "rating 62 at 25, top 98: 63",%0A+   "rating 63 at 25, top 98: 64",%0A+   "rating 64 at 25, top 98: 65",%0A+   "rating 65 at 25, top 98: 66",%0A+   "rating 66 at 25, top 98: 67",%0A+   "rating 67 at 25, top 98: 68",%0A+   "rating 68 at 25, top 98: 69",%0A+   "rating 69 at 25, top 98: 70",%0A+   "rating 70 at 25, top 98: 71",%0A+   "rating 71 at 25, top 98: 72",%0A+   "rating 72 at 25, top 98: 73",%0A+   "rating 73 at 25, top 98: 74",%0A+   "rating 74 at 25, top 98: 75",%0A+   "rating 75 at 25, top 98: 76",%0A+   "rating 76 at 25, top 98: 77",%0A+   "rating 77 at 25, top 98: 78",%0A+   "rating 78 at 25, top 98: 79",%0A+   "rating 79 at 25, top 98: 80",%0A+   "rating 80 at 25, top 98: 81",%0A+   "rating 81 at 25, top 98: 82",%0A+   "rating 82 at 25, top 98: 83",%0A+   "rating 83 at 25, top 98: 84",%0A+   "rating 84 at 25, top 98: 85",%0A+   "rating 85 at 25, top 98: 86",%0A+   "rating 86 at 25, top 98: 87",%0A+   "rating 87 at 25, top 98: 88",%0A+   "rating 88 at 25, top 98: 89",%0A+   "rating 89 at 25, top 98: 90",%0A+   "rating 90 at 25, top 98: 91",%0A+   "rating 91 at 25, top 98: 92",%0A+   "rating 92 at 25, top 98: 93",%0A+   "rating 93 at 25, top 98: 94",%0A+   "rating 94 at 25, top 98: 95",%0A+   "rating 95 at 25, top 98: 96",%0A+   "rating 96 at 25, top 98: 97",%0A+   "rating 97 at 25, top 98: 98",%0A+   "rating 48 at 26, top 98: 49",%0A+   "rating 49 at 26, top 98: 50",%0A+   "rating 50 at 26, top 98: 51",%0A+   "rating 51 at 26, top 98: 52",%0A+   "rating 52 at 26, top 98: 53",%0A+   "rating 53 at 26, top 98: 54",%0A+   "rating 54 at 26, top 98: 55",%0A+   "rating 55 at 26, top 98: 56",%0A+   "rating 56 at 26, top 98: 57",%0A+   "rating 57 at 26, top 98: 58",%0A+   "rating 58 at 26, top 98: 59",%0A+   "rating 59 at 26, top 98: 60",%0A+   "rating 60 at 26, top 98: 61",%0A+   "rating 61 at 26, top 98: 62",%0A+   "rating 62 at 26, top 98: 63",%0A+   "rating 63 at 26, top 98: 64",%0A+   "rating 64 at 26, top 98: 65",%0A+   "rating 65 at 26, top 98: 66",%0A+   "rating 66 at 26, top 98: 67",%0A+   "rating 67 at 26, top 98: 68",%0A+   "rating 68 at 26, top 98: 69",%0A+   "rating 69 at 26, top 98: 70",%0A+   "rating 70 at 26, top 98: 71",%0A+   "rating 71 at 26, top 98: 72",%0A+   "rating 72 at 26, top 98: 73",%0A+   "rating 73 at 26, top 98: 74",%0A+   "rating 74 at 26, top 98: 75",%0A+   "rating 75 at 26, top 98: 76",%0A+   "rating 76 at 26, top 98: 77",%0A+   "rating 77 at 26, top 98: 78",%0A+   "rating 78 at 26, top 98: 79",%0A+   "rating 79 at 26, top 98: 80",%0A+   "rating 80 at 26, top 98: 81",%0A+   "rating 81 at 26, top 98: 82",%0A+   "rating 82 at 26, top 98: 83",%0A+   "rating 83 at 26, top 98: 84",%0A+   "rating 84 at 26, top 98: 85",%0A+   "rating 85 at 26, top 98: 86",%0A+   "rating 86 at 26, top 98: 87",%0A+   "rating 87 at 26, top 98: 88",%0A+   "rating 88 at 26, top 98: 89",%0A+   "rating 89 at 26, top 98: 90",%0A+   "rating 90 at 26, top 98: 91",%0A+   "rating 91 at 26, top 98: 92",%0A+   "rating 92 at 26, top 98: 93",%0A+   "rating 93 at 26, top 98: 94",%0A+   "rating 94 at 26, top 98: 95",%0A+   "rating 95 at 26, top 98: 96",%0A+   "rating 96 at 26, top 98: 97",%0A+   "rating 97 at 26, top 98: 98",%0A+   "rating 48 at 27, top 98: 49",%0A+   "rating 49 at 27, top 98: 50",%0A+   "rating 50 at 27, top 98: 51",%0A+   "rating 51 at 27, top 98: 52",%0A+   "rating 52 at 27, top 98: 53",%0A+   "rating 53 at 27, top 98: 54",%0A+   "rating 54 at 27, top 98: 55",%0A+   "rating 55 at 27, top 98: 56",%0A+   "rating 56 at 27, top 98: 57",%0A+   "rating 57 at 27, top 98: 58",%0A+   "rating 58 at 27, top 98: 59",%0A+   "rating 59 at 27, top 98: 60",%0A+   "rating 60 at 27, top 98: 61",%0A+   "rating 61 at 27, top 98: 62",%0A+   "rating 62 at 27, top 98: 63",%0A+   "rating 63 at 27, top 98: 64",%0A+   "rating 64 at 27, top 98: 65",%0A+   "rating 65 at 27, top 98: 66",%0A+   "rating 66 at 27, top 98: 67",%0A+   "rating 67 at 27, top 98: 68",%0A+   "rating 68 at 27, top 98: 69",%0A+   "rating 69 at 27, top 98: 70",%0A+   "rating 70 at 27, top 98: 71",%0A+   "rating 71 at 27, top 98: 72",%0A+   "rating 72 at 27, top 98: 73",%0A+   "rating 73 at 27, top 98: 74",%0A+   "rating 74 at 27, top 98: 75",%0A+   "rating 75 at 27, top 98: 76",%0A+   "rating 76 at 27, top 98: 77",%0A+   "rating 77 at 27, top 98: 78",%0A+   "rating 78 at 27, top 98: 79",%0A+   "rating 79 at 27, top 98: 80",%0A+   "rating 80 at 27, top 98: 81",%0A+   "rating 81 at 27, top 98: 82",%0A+   "rating 82 at 27, top 98: 83",%0A+   "rating 83 at 27, top 98: 84",%0A+   "rating 84 at 27, top 98: 85",%0A+   "rating 85 at 27, top 98: 86",%0A+   "rating 86 at 27, top 98: 87",%0A+   "rating 87 at 27, top 98: 88",%0A+   "rating 88 at 27, top 98: 89",%0A+   "rating 89 at 27, top 98: 90",%0A+   "rating 90 at 27, top 98: 91",%0A+   "rating 91 at 27, top 98: 92",%0A+   "rating 92 at 27, top 98: 93",%0A+   "rating 93 at 27, top 98: 94",%0A+   "rating 94 at 27, top 98: 95",%0A+   "rating 95 at 27, top 98: 96",%0A+   "rating 96 at 27, top 98: 97",%0A+   "rating 97 at 27, top 98: 98",%0A+   "rating 48 at 28, top 98: 49",%0A+   "rating 49 at 28, top 98: 50",%0A+   "rating 50 at 28, top 98: 51",%0A+   "rating 51 at 28, top 98: 52",%0A+   "rating 52 at 28, top 98: 53",%0A+   "rating 53 at 28, top 98: 54",%0A+   "rating 54 at 28, top 98: 55",%0A+   "rating 55 at 28, top 98: 56",%0A+   "rating 56 at 28, top 98: 57",%0A+   "rating 57 at 28, top 98: 58",%0A+   "rating 58 at 28, top 98: 59",%0A+   "rating 59 at 28, top 98: 60",%0A+   "rating 60 at 28, top 98: 61",%0A+   "rating 61 at 28, top 98: 62",%0A+   "rating 62 at 28, top 98: 63",%0A+   "rating 63 at 28, top 98: 64",%0A+   "rating 64 at 28, top 98: 65",%0A+   "rating 65 at 28, top 98: 66",%0A+   "rating 66 at 28, top 98: 67",%0A+   "rating 67 at 28, top 98: 68",%0A+   "rating 68 at 28, top 98: 69",%0A+   "rating 69 at 28, top 98: 70",%0A+   "rating 70 at 28, top 98: 71",%0A+   "rating 71 at 28, top 98: 72",%0A+   "rating 72 at 28, top 98: 73",%0A+   "rating 73 at 28, top 98: 74",%0A+   "rating 74 at 28, top 98: 75",%0A+   "rating 75 at 28, top 98: 76",%0A+   "rating 76 at 28, top 98: 77",%0A+   "rating 77 at 28, top 98: 78",%0A+   "rating 78 at 28, top 98: 79",%0A+   "rating 79 at 28, top 98: 80",%0A+   "rating 80 at 28, top 98: 81",%0A+   "rating 81 at 28, top 98: 82",%0A+   "rating 82 at 28, top 98: 83",%0A+   "rating 83 at 28, top 98: 84",%0A+   "rating 84 at 28, top 98: 85",%0A+   "rating 85 at 28, top 98: 86",%0A+   "rating 86 at 28, top 98: 87",%0A+   "rating 87 at 28, top 98: 88",%0A+   "rating 88 at 28, top 98: 89",%0A+   "rating 89 at 28, top 98: 90",%0A+   "rating 90 at 28, top 98: 91",%0A+   "rating 91 at 28, top 98: 92",%0A+   "rating 92 at 28, top 98: 93",%0A+   "rating 93 at 28, top 98: 94",%0A+   "rating 94 at 28, top 98: 95",%0A+   "rating 95 at 28, top 98: 96",%0A+   "rating 96 at 28, top 98: 97",%0A+   "rating 97 at 28, top 98: 98",%0A+   "rating 48 at 29, top 98: 49",%0A+   "rating 49 at 29, top 98: 50",%0A+   "rating 50 at 29, top 98: 51",%0A+   "rating 51 at 29, top 98: 52",%0A+   "rating 52 at 29, top 98: 53",%0A+   "rating 53 at 29, top 98: 54",%0A+   "rating 54 at 29, top 98: 55",%0A+   "rating 55 at 29, top 98: 56",%0A+   "rating 56 at 29, top 98: 57",%0A+   "rating 57 at 29, top 98: 58",%0A+   "rating 58 at 29, top 98: 59",%0A+   "rating 59 at 29, top 98: 60",%0A+   "rating 60 at 29, top 98: 61",%0A+   "rating 61 at 29, top 98: 62",%0A+   "rating 62 at 29, top 98: 63",%0A+   "rating 63 at 29, top 98: 64",%0A+   "rating 64 at 29, top 98: 65",%0A+   "rating 65 at 29, top 98: 66",%0A+   "rating 66 at 29, top 98: 67",%0A+   "rating 67 at 29, top 98: 68",%0A+   "rating 68 at 29, top 98: 69",%0A+   "rating 69 at 29, top 98: 70",%0A+   "rating 70 at 29, top 98: 71",%0A+   "rating 71 at 29, top 98: 72",%0A+   "rating 72 at 29, top 98: 73",%0A+   "rating 73 at 29, top 98: 74",%0A+   "rating 74 at 29, top 98: 75",%0A+   "rating 75 at 29, top 98: 76",%0A+   "rating 76 at 29, top 98: 77",%0A+   "rating 77 at 29, top 98: 78",%0A+   "rating 78 at 29, top 98: 79",%0A+   "rating 79 at 29, top 98: 80",%0A+   "rating 80 at 29, top 98: 81",%0A+   "rating 81 at 29, top 98: 82",%0A+   "rating 82 at 29, top 98: 83",%0A+   "rating 83 at 29, top 98: 84",%0A+   "rating 84 at 29, top 98: 85",%0A+   "rating 85 at 29, top 98: 86",%0A+   "rating 86 at 29, top 98: 87",%0A+   "rating 87 at 29, top 98: 88",%0A+   "rating 88 at 29, top 98: 89",%0A+   "rating 89 at 29, top 98: 90",%0A+   "rating 90 at 29, top 98: 91",%0A+   "rating 91 at 29, top 98: 92",%0A+   "rating 92 at 29, top 98: 93",%0A+   "rating 93 at 29, top 98: 94",%0A+   "rating 94 at 29, top 98: 95",%0A+   "rating 95 at 29, top 98: 96",%0A+   "rating 96 at 29, top 98: 97",%0A+   "rating 97 at 29, top 98: 98",%0A+   "rating 49 at 30, top 98: 49",%0A+   "rating 50 at 30, top 98: 50",%0A+   "rating 51 at 30, top 98: 51",%0A+   "rating 52 at 30, top 98: 52",%0A+   "rating 53 at 30, top 98: 53",%0A+   "rating 54 at 30, top 98: 54",%0A+   "rating 55 at 30, top 98: 55",%0A+   "rating 56 at 30, top 98: 56",%0A+   "rating 57 at 30, top 98: 57",%0A+   "rating 58 at 30, top 98: 58",%0A+   "rating 59 at 30, top 98: 59",%0A+   "rating 60 at 30, top 98: 60",%0A+   "rating 61 at 30, top 98: 61",%0A+   "rating 62 at 30, top 98: 62",%0A+   "rating 63 at 30, top 98: 63",%0A+   "rating 64 at 30, top 98: 64",%0A+   "rating 65 at 30, top 98: 65",%0A+   "rating 66 at 30, top 98: 66",%0A+   "rating 67 at 30, top 98: 67",%0A+   "rating 68 at 30, top 98: 68",%0A+   "rating 69 at 30, top 98: 69",%0A+   "rating 70 at 30, top 98: 70",%0A+   "rating 71 at 30, top 98: 71",%0A+   "rating 72 at 30, top 98: 72",%0A+   "rating 73 at 30, top 98: 73",%0A+   "rating 74 at 30, top 98: 74",%0A+   "rating 75 at 30, top 98: 75",%0A+   "rating 76 at 30, top 98: 76",%0A+   "rating 77 at 30, top 98: 77",%0A+   "rating 78 at 30, top 98: 78",%0A+   "rating 79 at 30, top 98: 79",%0A+   "rating 80 at 30, top 98: 80",%0A+   "rating 81 at 30, top 98: 81",%0A+   "rating 82 at 30, top 98: 82",%0A+   "rating 83 at 30, top 98: 83",%0A+   "rating 84 at 30, top 98: 84",%0A+   "rating 85 at 30, top 98: 85",%0A+   "rating 86 at 30, top 98: 86",%0A+   "rating 87 at 30, top 98: 87",%0A+   "rating 88 at 30, top 98: 88",%0A+   "rating 89 at 30, top 98: 89",%0A+   "rating 90 at 30, top 98: 90",%0A+   "rating 91 at 30, top 98: 91",%0A+   "rating 92 at 30, top 98: 92",%0A+   "rating 93 at 30, top 98: 93",%0A+   "rating 94 at 30, top 98: 94",%0A+   "rating 95 at 30, top 98: 95",%0A+   "rating 96 at 30, top 98: 96",%0A+   "rating 97 at 30, top 98: 97",%0A+   "rating 98 at 30, top 98: 98",%0A+   "rating 50 at 31, top 98: 49",%0A+   "rating 51 at 31, top 98: 50",%0A+   "rating 52 at 31, top 98: 51",%0A+   "rating 53 at 31, top 98: 52",%0A+   "rating 54 at 31, top 98: 53",%0A+   "rating 55 at 31, top 98: 54",%0A+   "rating 56 at 31, top 98: 55",%0A+   "rating 57 at 31, top 98: 56",%0A+   "rating 58 at 31, top 98: 57",%0A+   "rating 59 at 31, top 98: 58",%0A+   "rating 60 at 31, top 98: 59",%0A+   "rating 61 at 31, top 98: 60",%0A+   "rating 62 at 31, top 98: 61",%0A+   "rating 63 at 31, top 98: 62",%0A+   "rating 64 at 31, top 98: 63",%0A+   "rating 65 at 31, top 98: 64",%0A+   "rating 66 at 31, top 98: 65",%0A+   "rating 67 at 31, top 98: 66",%0A+   "rating 68 at 31, top 98: 67",%0A+   "rating 69 at 31, top 98: 68",%0A+   "rating 70 at 31, top 98: 69",%0A+   "rating 71 at 31, top 98: 70",%0A+   "rating 72 at 31, top 98: 71",%0A+   "rating 73 at 31, top 98: 72",%0A+   "rating 74 at 31, top 98: 73",%0A+   "rating 75 at 31, top 98: 74",%0A+   "rating 76 at 31, top 98: 75",%0A+   "rating 77 at 31, top 98: 76",%0A+   "rating 78 at 31, top 98: 77",%0A+   "rating 79 at 31, top 98: 78",%0A+   "rating 80 at 31, top 98: 79",%0A+   "rating 81 at 31, top 98: 80",%0A+   "rating 82 at 31, top 98: 81",%0A+   "rating 83 at 31, top 98: 82",%0A+   "rating 84 at 31, top 98: 83",%0A+   "rating 85 at 31, top 98: 84",%0A+   "rating 86 at 31, top 98: 85",%0A+   "rating 87 at 31, top 98: 86",%0A+   "rating 88 at 31, top 98: 87",%0A+   "rating 89 at 31, top 98: 88",%0A+   "rating 90 at 31, top 98: 89",%0A+   "rating 91 at 31, top 98: 90",%0A+   "rating 92 at 31, top 98: 91",%0A+   "rating 93 at 31, top 98: 92",%0A+   "rating 94 at 31, top 98: 93",%0A+   "rating 95 at 31, top 98: 94",%0A+   "rating 96 at 31, top 98: 95",%0A+   "rating 97 at 31, top 98: 96",%0A+   "rating 98 at 31, top 98: 98",%0A+   "rating 50 at 32, top 98: 49",%0A+   "rating 51 at 32, top 98: 50",%0A+   "rating 52 at 32, top 98: 51",%0A+   "rating 53 at 32, top 98: 52",%0A+   "rating 54 at 32, top 98: 53",%0A+   "rating 55 at 32, top 98: 54",%0A+   "rating 56 at 32, top 98: 55",%0A+   "rating 57 at 32, top 98: 56",%0A+   "rating 58 at 32, top 98: 57",%0A+   "rating 59 at 32, top 98: 58",%0A+   "rating 60 at 32, top 98: 59",%0A+   "rating 61 at 32, top 98: 60",%0A+   "rating 62 at 32, top 98: 61",%0A+   "rating 63 at 32, top 98: 62",%0A+   "rating 64 at 32, top 98: 63",%0A+   "rating 65 at 32, top 98: 64",%0A+   "rating 66 at 32, top 98: 65",%0A+   "rating 67 at 32, top 98: 66",%0A+   "rating 68 at 32, top 98: 67",%0A+   "rating 69 at 32, top 98: 68",%0A+   "rating 70 at 32, top 98: 69",%0A+   "rating 71 at 32, top 98: 70",%0A+   "rating 72 at 32, top 98: 71",%0A+   "rating 73 at 32, top 98: 72",%0A+   "rating 74 at 32, top 98: 73",%0A+   "rating 75 at 32, top 98: 74",%0A+   "rating 76 at 32, top 98: 75",%0A+   "rating 77 at 32, top 98: 76",%0A+   "rating 78 at 32, top 98: 77",%0A+   "rating 79 at 32, top 98: 78",%0A+   "rating 80 at 32, top 98: 79",%0A+   "rating 81 at 32, top 98: 80",%0A+   "rating 82 at 32, top 98: 81",%0A+   "rating 83 at 32, top 98: 82",%0A+   "rating 84 at 32, top 98: 83",%0A+   "rating 85 at 32, top 98: 84",%0A+   "rating 86 at 32, top 98: 85",%0A+   "rating 87 at 32, top 98: 86",%0A+   "rating 88 at 32, top 98: 87",%0A+   "rating 89 at 32, top 98: 88",%0A+   "rating 90 at 32, top 98: 89",%0A+   "rating 91 at 32, top 98: 90",%0A+   "rating 92 at 32, top 98: 91",%0A+   "rating 93 at 32, top 98: 92",%0A+   "rating 94 at 32, top 98: 93",%0A+   "rating 95 at 32, top 98: 94",%0A+   "rating 96 at 32, top 98: 95",%0A+   "rating 97 at 32, top 98: 96",%0A+   "rating 98 at 32, top 98: 98",%0A+   "rating 51 at 33, top 98: 49",%0A+   "rating 52 at 33, top 98: 50",%0A+   "rating 53 at 33, top 98: 51",%0A+   "rating 54 at 33, top 98: 52",%0A+   "rating 55 at 33, top 98: 53",%0A+   "rating 56 at 33, top 98: 54",%0A+   "rating 57 at 33, top 98: 55",%0A+   "rating 58 at 33, top 98: 56",%0A+   "rating 59 at 33, top 98: 57",%0A+   "rating 60 at 33, top 98: 58",%0A+   "rating 61 at 33, top 98: 59",%0A+   "rating 62 at 33, top 98: 60",%0A+   "rating 63 at 33, top 98: 61",%0A+   "rating 64 at 33, top 98: 62",%0A+   "rating 65 at 33, top 98: 63",%0A+   "rating 66 at 33, top 98: 64",%0A+   "rating 67 at 33, top 98: 65",%0A+   "rating 68 at 33, top 98: 66",%0A+   "rating 69 at 33, top 98: 67",%0A+   "rating 70 at 33, top 98: 68",%0A+   "rating 71 at 33, top 98: 69",%0A+   "rating 72 at 33, top 98: 70",%0A+   "rating 73 at 33, top 98: 71",%0A+   "rating 74 at 33, top 98: 72",%0A+   "rating 75 at 33, top 98: 73",%0A+   "rating 76 at 33, top 98: 74",%0A+   "rating 77 at 33, top 98: 75",%0A+   "rating 78 at 33, top 98: 76",%0A+   "rating 79 at 33, top 98: 77",%0A+   "rating 80 at 33, top 98: 78",%0A+   "rating 81 at 33, top 98: 79",%0A+   "rating 82 at 33, top 98: 80",%0A+   "rating 83 at 33, top 98: 81",%0A+   "rating 84 at 33, top 98: 82",%0A+   "rating 85 at 33, top 98: 83",%0A+   "rating 86 at 33, top 98: 84",%0A+   "rating 87 at 33, top 98: 85",%0A+   "rating 88 at 33, top 98: 86",%0A+   "rating 89 at 33, top 98: 87",%0A+   "rating 90 at 33, top 98: 88",%0A+   "rating 91 at 33, top 98: 89",%0A+   "rating 92 at 33, top 98: 90",%0A+   "rating 93 at 33, top 98: 91",%0A+   "rating 94 at 33, top 98: 92",%0A+   "rating 95 at 33, top 98: 93",%0A+   "rating 96 at 33, top 98: 94",%0A+   "rating 97 at 33, top 98: 95",%0A+   "rating 98 at 33, top 98: 98",%0A+   "rating 52 at 34, top 98: 49",%0A+   "rating 53 at 34, top 98: 50",%0A+   "rating 54 at 34, top 98: 51",%0A+   "rating 55 at 34, top 98: 52",%0A+   "rating 56 at 34, top 98: 53",%0A+   "rating 57 at 34, top 98: 54",%0A+   "rating 58 at 34, top 98: 55",%0A+   "rating 59 at 34, top 98: 56",%0A+   "rating 60 at 34, top 98: 57",%0A+   "rating 61 at 34, top 98: 58",%0A+   "rating 62 at 34, top 98: 59",%0A+   "rating 63 at 34, top 98: 60",%0A+   "rating 64 at 34, top 98: 61",%0A+   "rating 65 at 34, top 98: 62",%0A+   "rating 66 at 34, top 98: 63",%0A+   "rating 67 at 34, top 98: 64",%0A+   "rating 68 at 34, top 98: 65",%0A+   "rating 69 at 34, top 98: 66",%0A+   "rating 70 at 34, top 98: 67",%0A+   "rating 71 at 34, top 98: 68",%0A+   "rating 72 at 34, top 98: 69",%0A+   "rating 73 at 34, top 98: 70",%0A+   "rating 74 at 34, top 98: 71",%0A+   "rating 75 at 34, top 98: 72",%0A+   "rating 76 at 34, top 98: 73",%0A+   "rating 77 at 34, top 98: 74",%0A+   "rating 78 at 34, top 98: 75",%0A+   "rating 79 at 34, top 98: 76",%0A+   "rating 80 at 34, top 98: 77",%0A+   "rating 81 at 34, top 98: 78",%0A+   "rating 82 at 34, top 98: 79",%0A+   "rating 83 at 34, top 98: 80",%0A+   "rating 84 at 34, top 98: 81",%0A+   "rating 85 at 34, top 98: 82",%0A+   "rating 86 at 34, top 98: 83",%0A+   "rating 87 at 34, top 98: 84",%0A+   "rating 88 at 34, top 98: 85",%0A+   "rating 89 at 34, top 98: 86",%0A+   "rating 90 at 34, top 98: 87",%0A+   "rating 91 at 34, top 98: 88",%0A+   "rating 92 at 34, top 98: 89",%0A+   "rating 93 at 34, top 98: 90",%0A+   "rating 94 at 34, top 98: 91",%0A+   "rating 95 at 34, top 98: 92",%0A+   "rating 96 at 34, top 98: 93",%0A+   "rating 97 at 34, top 98: 94",%0A+   "rating 98 at 34, top 98: 98",%0A+   "rating 53 at 35, top 98: 49",%0A+   "rating 54 at 35, top 98: 50",%0A+   "rating 55 at 35, top 98: 51",%0A+   "rating 56 at 35, top 98: 52",%0A+   "rating 57 at 35, top 98: 53",%0A+   "rating 58 at 35, top 98: 54",%0A+   "rating 59 at 35, top 98: 55",%0A+   "rating 60 at 35, top 98: 56",%0A+   "rating 61 at 35, top 98: 57",%0A+   "rating 62 at 35, top 98: 58",%0A+   "rating 63 at 35, top 98: 59",%0A+   "rating 64 at 35, top 98: 60",%0A+   "rating 65 at 35, top 98: 61",%0A+   "rating 66 at 35, top 98: 62",%0A+   "rating 67 at 35, top 98: 63",%0A+   "rating 68 at 35, top 98: 64",%0A+   "rating 69 at 35, top 98: 65",%0A+   "rating 70 at 35, top 98: 66",%0A+   "rating 71 at 35, top 98: 67",%0A+   "rating 72 at 35, top 98: 68",%0A+   "rating 73 at 35, top 98: 69",%0A+   "rating 74 at 35, top 98: 70",%0A+   "rating 75 at 35, top 98: 71",%0A+   "rating 76 at 35, top 98: 72",%0A+   "rating 77 at 35, top 98: 73",%0A+   "rating 78 at 35, top 98: 74",%0A+   "rating 79 at 35, top 98: 75",%0A+   "rating 80 at 35, top 98: 76",%0A+   "rating 81 at 35, top 98: 77",%0A+   "rating 82 at 35, top 98: 78",%0A+   "rating 83 at 35, top 98: 79",%0A+   "rating 84 at 35, top 98: 80",%0A+   "rating 85 at 35, top 98: 81",%0A+   "rating 86 at 35, top 98: 82",%0A+   "rating 87 at 35, top 98: 83",%0A+   "rating 88 at 35, top 98: 84",%0A+   "rating 89 at 35, top 98: 85",%0A+   "rating 90 at 35, top 98: 86",%0A+   "rating 91 at 35, top 98: 87",%0A+   "rating 92 at 35, top 98: 88",%0A+   "rating 93 at 35, top 98: 89",%0A+   "rating 94 at 35, top 98: 90",%0A+   "rating 95 at 35, top 98: 91",%0A+   "rating 96 at 35, top 98: 92",%0A+   "rating 97 at 35, top 98: 93",%0A+   "rating 98 at 35, top 98: 98",%0A+   "rating 54 at 36, top 98: 49",%0A+   "rating 55 at 36, top 98: 50",%0A+   "rating 56 at 36, top 98: 51",%0A+   "rating 57 at 36, top 98: 52",%0A+   "rating 58 at 36, top 98: 53",%0A+   "rating 59 at 36, top 98: 54",%0A+   "rating 60 at 36, top 98: 55",%0A+   "rating 61 at 36, top 98: 56",%0A+   "rating 62 at 36, top 98: 57",%0A+   "rating 63 at 36, top 98: 58",%0A+   "rating 64 at 36, top 98: 59",%0A+   "rating 65 at 36, top 98: 60",%0A+   "rating 66 at 36, top 98: 61",%0A+   "rating 67 at 36, top 98: 62",%0A+   "rating 68 at 36, top 98: 63",%0A+   "rating 69 at 36, top 98: 64",%0A+   "rating 70 at 36, top 98: 65",%0A+   "rating 71 at 36, top 98: 66",%0A+   "rating 72 at 36, top 98: 67",%0A+   "rating 73 at 36, top 98: 68",%0A+   "rating 74 at 36, top 98: 69",%0A+   "rating 75 at 36, top 98: 70",%0A+   "rating 76 at 36, top 98: 71",%0A+   "rating 77 at 36, top 98: 72",%0A+   "rating 78 at 36, top 98: 73",%0A+   "rating 79 at 36, top 98: 74",%0A+   "rating 80 at 36, top 98: 75",%0A+   "rating 81 at 36, top 98: 76",%0A+   "rating 82 at 36, top 98: 77",%0A+   "rating 83 at 36, top 98: 78",%0A+   "rating 84 at 36, top 98: 79",%0A+   "rating 85 at 36, top 98: 80",%0A+   "rating 86 at 36, top 98: 81",%0A+   "rating 87 at 36, top 98: 82",%0A+   "rating 88 at 36, top 98: 83",%0A+   "rating 89 at 36, top 98: 84",%0A+   "rating 90 at 36, top 98: 85",%0A+   "rating 91 at 36, top 98: 86",%0A+   "rating 92 at 36, top 98: 87",%0A+   "rating 93 at 36, top 98: 88",%0A+   "rating 94 at 36, top 98: 89",%0A+   "rating 95 at 36, top 98: 90",%0A+   "rating 96 at 36, top 98: 91",%0A+   "rating 97 at 36, top 98: 92",%0A+   "rating 98 at 36, top 98: 98",%0A+   "rating 55 at 37, top 98: 49",%0A+   "rating 56 at 37, top 98: 50",%0A+   "rating 57 at 37, top 98: 51",%0A+   "rating 58 at 37, top 98: 52",%0A+   "rating 59 at 37, top 98: 53",%0A+   "rating 60 at 37, top 98: 54",%0A+   "rating 61 at 37, top 98: 55",%0A+   "rating 62 at 37, top 98: 56",%0A+   "rating 63 at 37, top 98: 57",%0A+   "rating 64 at 37, top 98: 58",%0A+   "rating 65 at 37, top 98: 59",%0A+   "rating 66 at 37, top 98: 60",%0A+   "rating 67 at 37, top 98: 61",%0A+   "rating 68 at 37, top 98: 62",%0A+   "rating 69 at 37, top 98: 63",%0A+   "rating 70 at 37, top 98: 64",%0A+   "rating 71 at 37, top 98: 65",%0A+   "rating 72 at 37, top 98: 66",%0A+   "rating 73 at 37, top 98: 67",%0A+   "rating 74 at 37, top 98: 68",%0A+   "rating 75 at 37, top 98: 69",%0A+   "rating 76 at 37, top 98: 70",%0A+   "rating 77 at 37, top 98: 71",%0A+   "rating 78 at 37, top 98: 72",%0A+   "rating 79 at 37, top 98: 73",%0A+   "rating 80 at 37, top 98: 74",%0A+   "rating 81 at 37, top 98: 75",%0A+   "rating 82 at 37, top 98: 76",%0A+   "rating 83 at 37, top 98: 77",%0A+   "rating 84 at 37, top 98: 78",%0A+   "rating 85 at 37, top 98: 79",%0A+   "rating 86 at 37, top 98: 80",%0A+   "rating 87 at 37, top 98: 81",%0A+   "rating 88 at 37, top 98: 82",%0A+   "rating 89 at 37, top 98: 83",%0A+   "rating 90 at 37, top 98: 84",%0A+   "rating 91 at 37, top 98: 85",%0A+   "rating 92 at 37, top 98: 86",%0A+   "rating 93 at 37, top 98: 87",%0A+   "rating 94 at 37, top 98: 88",%0A+   "rating 95 at 37, top 98: 89",%0A+   "rating 96 at 37, top 98: 90",%0A+   "rating 97 at 37, top 98: 91",%0A+   "rating 98 at 37, top 98: 98",%0A+   "rating 56 at 38, top 98: 49",%0A+   "rating 57 at 38, top 98: 50",%0A+   "rating 58 at 38, top 98: 51",%0A+   "rating 59 at 38, top 98: 52",%0A+   "rating 60 at 38, top 98: 53",%0A+   "rating 61 at 38, top 98: 54",%0A+   "rating 62 at 38, top 98: 55",%0A+   "rating 63 at 38, top 98: 56",%0A+   "rating 64 at 38, top 98: 57",%0A+   "rating 65 at 38, top 98: 58",%0A+   "rating 66 at 38, top 98: 59",%0A+   "rating 67 at 38, top 98: 60",%0A+   "rating 68 at 38, top 98: 61",%0A+   "rating 69 at 38, top 98: 62",%0A+   "rating 70 at 38, top 98: 63",%0A+   "rating 71 at 38, top 98: 64",%0A+   "rating 72 at 38, top 98: 65",%0A+   "rating 73 at 38, top 98: 66",%0A+   "rating 74 at 38, top 98: 67",%0A+   "rating 75 at 38, top 98: 68",%0A+   "rating 76 at 38, top 98: 69",%0A+   "rating 77 at 38, top 98: 70",%0A+   "rating 78 at 38, top 98: 71",%0A+   "rating 79 at 38, top 98: 72",%0A+   "rating 80 at 38, top 98: 73",%0A+   "rating 81 at 38, top 98: 74",%0A+   "rating 82 at 38, top 98: 75",%0A+   "rating 83 at 38, top 98: 76",%0A+   "rating 84 at 38, top 98: 77",%0A+   "rating 85 at 38, top 98: 78",%0A+   "rating 86 at 38, top 98: 79",%0A+   "rating 87 at 38, top 98: 80",%0A+   "rating 88 at 38, top 98: 81",%0A+   "rating 89 at 38, top 98: 82",%0A+   "rating 90 at 38, top 98: 83",%0A+   "rating 91 at 38, top 98: 84",%0A+   "rating 92 at 38, top 98: 85",%0A+   "rating 93 at 38, top 98: 86",%0A+   "rating 94 at 38, top 98: 87",%0A+   "rating 95 at 38, top 98: 88",%0A+   "rating 96 at 38, top 98: 89",%0A+   "rating 97 at 38, top 98: 90",%0A+   "rating 98 at 38, top 98: 98",%0A+   "rating 56 at 39, top 98: 49",%0A+   "rating 57 at 39, top 98: 50",%0A+   "rating 58 at 39, top 98: 51",%0A+   "rating 59 at 39, top 98: 52",%0A+   "rating 60 at 39, top 98: 53",%0A+   "rating 61 at 39, top 98: 54",%0A+   "rating 62 at 39, top 98: 55",%0A+   "rating 63 at 39, top 98: 56",%0A+   "rating 64 at 39, top 98: 57",%0A+   "rating 65 at 39, top 98: 58",%0A+   "rating 66 at 39, top 98: 59",%0A+   "rating 67 at 39, top 98: 60",%0A+   "rating 68 at 39, top 98: 61",%0A+   "rating 69 at 39, top 98: 62",%0A+   "rating 70 at 39, top 98: 63",%0A+   "rating 71 at 39, top 98: 64",%0A+   "rating 72 at 39, top 98: 65",%0A+   "rating 73 at 39, top 98: 66",%0A+   "rating 74 at 39, top 98: 67",%0A+   "rating 75 at 39, top 98: 68",%0A+   "rating 76 at 39, top 98: 69",%0A+   "rating 77 at 39, top 98: 70",%0A+   "rating 78 at 39, top 98: 71",%0A+   "rating 79 at 39, top 98: 72",%0A+   "rating 80 at 39, top 98: 73",%0A+   "rating 81 at 39, top 98: 74",%0A+   "rating 82 at 39, top 98: 75",%0A+   "rating 83 at 39, top 98: 76",%0A+   "rating 84 at 39, top 98: 77",%0A+   "rating 85 at 39, top 98: 78",%0A+   "rating 86 at 39, top 98: 79",%0A+   "rating 87 at 39, top 98: 80",%0A+   "rating 88 at 39, top 98: 81",%0A+   "rating 89 at 39, top 98: 82",%0A+   "rating 90 at 39, top 98: 83",%0A+   "rating 91 at 39, top 98: 84",%0A+   "rating 92 at 39, top 98: 85",%0A+   "rating 93 at 39, top 98: 86",%0A+   "rating 94 at 39, top 98: 87",%0A+   "rating 95 at 39, top 98: 88",%0A+   "rating 96 at 39, top 98: 89",%0A+   "rating 97 at 39, top 98: 90",%0A+   "rating 98 at 39, top 98: 98",%0A+   "rating 56 at 40, top 98: 49",%0A+   "rating 57 at 40, top 98: 50",%0A+   "rating 58 at 40, top 98: 51",%0A+   "rating 59 at 40, top 98: 52",%0A+   "rating 60 at 40, top 98: 53",%0A+   "rating 61 at 40, top 98: 54",%0A+   "rating 62 at 40, top 98: 55",%0A+   "rating 63 at 40, top 98: 56",%0A+   "rating 64 at 40, top 98: 57",%0A+   "rating 65 at 40, top 98: 58",%0A+   "rating 66 at 40, top 98: 59",%0A+   "rating 67 at 40, top 98: 60",%0A+   "rating 68 at 40, top 98: 61",%0A+   "rating 69 at 40, top 98: 62",%0A+   "rating 70 at 40, top 98: 63",%0A+   "rating 71 at 40, top 98: 64",%0A+   "rating 72 at 40, top 98: 65",%0A+   "rating 73 at 40, top 98: 66",%0A+   "rating 74 at 40, top 98: 67",%0A+   "rating 75 at 40, top 98: 68",%0A+   "rating 76 at 40, top 98: 69",%0A+   "rating 77 at 40, top 98: 70",%0A+   "rating 78 at 40, top 98: 71",%0A+   "rating 79 at 40, top 98: 72",%0A+   "rating 80 at 40, top 98: 73",%0A+   "rating 81 at 40, top 98: 74",%0A+   "rating 82 at 40, top 98: 75",%0A+   "rating 83 at 40, top 98: 76",%0A+   "rating 84 at 40, top 98: 77",%0A+   "rating 85 at 40, top 98: 78",%0A+   "rating 86 at 40, top 98: 79",%0A+   "rating 87 at 40, top 98: 80",%0A+   "rating 88 at 40, top 98: 81",%0A+   "rating 89 at 40, top 98: 82",%0A+   "rating 90 at 40, top 98: 83",%0A+   "rating 91 at 40, top 98: 84",%0A+   "rating 92 at 40, top 98: 85",%0A+   "rating 93 at 40, top 98: 86",%0A+   "rating 94 at 40, top 98: 87",%0A+   "rating 95 at 40, top 98: 88",%0A+   "rating 96 at 40, top 98: 89",%0A+   "rating 97 at 40, top 98: 90",%0A+   "rating 98 at 40, top 98: 98",%0A+   "rating 56 at 41, top 98: 49",%0A+   "rating 57 at 41, top 98: 50",%0A+   "rating 58 at 41, top 98: 51",%0A+   "rating 59 at 41, top 98: 52",%0A+   "rating 60 at 41, top 98: 53",%0A+   "rating 61 at 41, top 98: 54",%0A+   "rating 62 at 41, top 98: 55",%0A+   "rating 63 at 41, top 98: 56",%0A+   "rating 64 at 41, top 98: 57",%0A+   "rating 65 at 41, top 98: 58",%0A+   "rating 66 at 41, top 98: 59",%0A+   "rating 67 at 41, top 98: 60",%0A+   "rating 68 at 41, top 98: 61",%0A+   "rating 69 at 41, top 98: 62",%0A+   "rating 70 at 41, top 98: 63",%0A+   "rating 71 at 41, top 98: 64",%0A+   "rating 72 at 41, top 98: 65",%0A+   "rating 73 at 41, top 98: 66",%0A+   "rating 74 at 41, top 98: 67",%0A+   "rating 75 at 41, top 98: 68",%0A+   "rating 76 at 41, top 98: 69",%0A+   "rating 77 at 41, top 98: 70",%0A+   "rating 78 at 41, top 98: 71",%0A+   "rating 79 at 41, top 98: 72",%0A+   "rating 80 at 41, top 98: 73",%0A+   "rating 81 at 41, top 98: 74",%0A+   "rating 82 at 41, top 98: 75",%0A+   "rating 83 at 41, top 98: 76",%0A+   "rating 84 at 41, top 98: 77",%0A+   "rating 85 at 41, top 98: 78",%0A+   "rating 86 at 41, top 98: 79",%0A+   "rating 87 at 41, top 98: 80",%0A+   "rating 88 at 41, top 98: 81",%0A+   "rating 89 at 41, top 98: 82",%0A+   "rating 90 at 41, top 98: 83",%0A+   "rating 91 at 41, top 98: 84",%0A+   "rating 92 at 41, top 98: 85",%0A+   "rating 93 at 41, top 98: 86",%0A+   "rating 94 at 41, top 98: 87",%0A+   "rating 95 at 41, top 98: 88",%0A+   "rating 96 at 41, top 98: 89",%0A+   "rating 97 at 41, top 98: 90",%0A+   "rating 98 at 41, top 98: 98",%0A+   "rating 56 at 42, top 98: 49",%0A+   "rating 57 at 42, top 98: 50",%0A+   "rating 58 at 42, top 98: 51",%0A+   "rating 59 at 42, top 98: 52",%0A+   "rating 60 at 42, top 98: 53",%0A+   "rating 61 at 42, top 98: 54",%0A+   "rating 62 at 42, top 98: 55",%0A+   "rating 63 at 42, top 98: 56",%0A+   "rating 64 at 42, top 98: 57",%0A+   "rating 65 at 42, top 98: 58",%0A+   "rating 66 at 42, top 98: 59",%0A+   "rating 67 at 42, top 98: 60",%0A+   "rating 68 at 42, top 98: 61",%0A+   "rating 69 at 42, top 98: 62",%0A+   "rating 70 at 42, top 98: 63",%0A+   "rating 71 at 42, top 98: 64",%0A+   "rating 72 at 42, top 98: 65",%0A+   "rating 73 at 42, top 98: 66",%0A+   "rating 74 at 42, top 98: 67",%0A+   "rating 75 at 42, top 98: 68",%0A+   "rating 76 at 42, top 98: 69",%0A+   "rating 77 at 42, top 98: 70",%0A+   "rating 78 at 42, top 98: 71",%0A+   "rating 79 at 42, top 98: 72",%0A+   "rating 80 at 42, top 98: 73",%0A+   "rating 81 at 42, top 98: 74",%0A+   "rating 82 at 42, top 98: 75",%0A+   "rating 83 at 42, top 98: 76",%0A+   "rating 84 at 42, top 98: 77",%0A+   "rating 85 at 42, top 98: 78",%0A+   "rating 86 at 42, top 98: 79",%0A+   "rating 87 at 42, top 98: 80",%0A+   "rating 88 at 42, top 98: 81",%0A+   "rating 89 at 42, top 98: 82",%0A+   "rating 90 at 42, top 98: 83",%0A+   "rating 91 at 42, top 98: 84",%0A+   "rating 92 at 42, top 98: 85",%0A+   "rating 93 at 42, top 98: 86",%0A+   "rating 94 at 42, top 98: 87",%0A+   "rating 95 at 42, top 98: 88",%0A+   "rating 96 at 42, top 98: 89",%0A+   "rating 97 at 42, top 98: 90",%0A+   "rating 98 at 42, top 98: 98",%0A+   "rating 56 at 43, top 98: 49",%0A+   "rating 57 at 43, top 98: 50",%0A+   "rating 58 at 43, top 98: 51",%0A+   "rating 59 at 43, top 98: 52",%0A+   "rating 60 at 43, top 98: 53",%0A+   "rating 61 at 43, top 98: 54",%0A+   "rating 62 at 43, top 98: 55",%0A+   "rating 63 at 43, top 98: 56",%0A+   "rating 64 at 43, top 98: 57",%0A+   "rating 65 at 43, top 98: 58",%0A+   "rating 66 at 43, top 98: 59",%0A+   "rating 67 at 43, top 98: 60",%0A+   "rating 68 at 43, top 98: 61",%0A+   "rating 69 at 43, top 98: 62",%0A+   "rating 70 at 43, top 98: 63",%0A+   "rating 71 at 43, top 98: 64",%0A+   "rating 72 at 43, top 98: 65",%0A+   "rating 73 at 43, top 98: 66",%0A+   "rating 74 at 43, top 98: 67",%0A+   "rating 75 at 43, top 98: 68",%0A+   "rating 76 at 43, top 98: 69",%0A+   "rating 77 at 43, top 98: 70",%0A+   "rating 78 at 43, top 98: 71",%0A+   "rating 79 at 43, top 98: 72",%0A+   "rating 80 at 43, top 98: 73",%0A+   "rating 81 at 43, top 98: 74",%0A+   "rating 82 at 43, top 98: 75",%0A+   "rating 83 at 43, top 98: 76",%0A+   "rating 84 at 43, top 98: 77",%0A+   "rating 85 at 43, top 98: 78",%0A+   "rating 86 at 43, top 98: 79",%0A+   "rating 87 at 43, top 98: 80",%0A+   "rating 88 at 43, top 98: 81",%0A+   "rating 89 at 43, top 98: 82",%0A+   "rating 90 at 43, top 98: 83",%0A+   "rating 91 at 43, top 98: 84",%0A+   "rating 92 at 43, top 98: 85",%0A+   "rating 93 at 43, top 98: 86",%0A+   "rating 94 at 43, top 98: 87",%0A+   "rating 95 at 43, top 98: 88",%0A+   "rating 96 at 43, top 98: 89",%0A+   "rating 97 at 43, top 98: 90",%0A+   "rating 98 at 43, top 98: 98",%0A+   "rating 56 at 44, top 98: 49",%0A+   "rating 57 at 44, top 98: 50",%0A+   "rating 58 at 44, top 98: 51",%0A+   "rating 59 at 44, top 98: 52",%0A+   "rating 60 at 44, top 98: 53",%0A+   "rating 61 at 44, top 98: 54",%0A+   "rating 62 at 44, top 98: 55",%0A+   "rating 63 at 44, top 98: 56",%0A+   "rating 64 at 44, top 98: 57",%0A+   "rating 65 at 44, top 98: 58",%0A+   "rating 66 at 44, top 98: 59",%0A+   "rating 67 at 44, top 98: 60",%0A+   "rating 68 at 44, top 98: 61",%0A+   "rating 69 at 44, top 98: 62",%0A+   "rating 70 at 44, top 98: 63",%0A+   "rating 71 at 44, top 98: 64",%0A+   "rating 72 at 44, top 98: 65",%0A+   "rating 73 at 44, top 98: 66",%0A+   "rating 74 at 44, top 98: 67",%0A+   "rating 75 at 44, top 98: 68",%0A+   "rating 76 at 44, top 98: 69",%0A+   "rating 77 at 44, top 98: 70",%0A+   "rating 78 at 44, top 98: 71",%0A+   "rating 79 at 44, top 98: 72",%0A+   "rating 80 at 44, top 98: 73",%0A+   "rating 81 at 44, top 98: 74",%0A+   "rating 82 at 44, top 98: 75",%0A+   "rating 83 at 44, top 98: 76",%0A+   "rating 84 at 44, top 98: 77",%0A+   "rating 85 at 44, top 98: 78",%0A+   "rating 86 at 44, top 98: 79",%0A+   "rating 87 at 44, top 98: 80",%0A+   "rating 88 at 44, top 98: 81",%0A+   "rating 89 at 44, top 98: 82",%0A+   "rating 90 at 44, top 98: 83",%0A+   "rating 91 at 44, top 98: 84",%0A+   "rating 92 at 44, top 98: 85",%0A+   "rating 93 at 44, top 98: 86",%0A+   "rating 94 at 44, top 98: 87",%0A+   "rating 95 at 44, top 98: 88",%0A+   "rating 96 at 44, top 98: 89",%0A+   "rating 97 at 44, top 98: 90",%0A+   "rating 98 at 44, top 98: 98",%0A+   "rating 56 at 45, top 98: 49",%0A+   "rating 57 at 45, top 98: 50",%0A+   "rating 58 at 45, top 98: 51",%0A+   "rating 59 at 45, top 98: 52",%0A+   "rating 60 at 45, top 98: 53",%0A+   "rating 61 at 45, top 98: 54",%0A+   "rating 62 at 45, top 98: 55",%0A+   "rating 63 at 45, top 98: 56",%0A+   "rating 64 at 45, top 98: 57",%0A+   "rating 65 at 45, top 98: 58",%0A+   "rating 66 at 45, top 98: 59",%0A+   "rating 67 at 45, top 98: 60",%0A+   "rating 68 at 45, top 98: 61",%0A+   "rating 69 at 45, top 98: 62",%0A+   "rating 70 at 45, top 98: 63",%0A+   "rating 71 at 45, top 98: 64",%0A+   "rating 72 at 45, top 98: 65",%0A+   "rating 73 at 45, top 98: 66",%0A+   "rating 74 at 45, top 98: 67",%0A+   "rating 75 at 45, top 98: 68",%0A+   "rating 76 at 45, top 98: 69",%0A+   "rating 77 at 45, top 98: 70",%0A+   "rating 78 at 45, top 98: 71",%0A+   "rating 79 at 45, top 98: 72",%0A+   "rating 80 at 45, top 98: 73",%0A+   "rating 81 at 45, top 98: 74",%0A+   "rating 82 at 45, top 98: 75",%0A+   "rating 83 at 45, top 98: 76",%0A+   "rating 84 at 45, top 98: 77",%0A+   "rating 85 at 45, top 98: 78",%0A+   "rating 86 at 45, top 98: 79",%0A+   "rating 87 at 45, top 98: 80",%0A+   "rating 88 at 45, top 98: 81",%0A+   "rating 89 at 45, top 98: 82",%0A+   "rating 90 at 45, top 98: 83",%0A+   "rating 91 at 45, top 98: 84",%0A+   "rating 92 at 45, top 98: 85",%0A+   "rating 93 at 45, top 98: 86",%0A+   "rating 94 at 45, top 98: 87",%0A+   "rating 95 at 45, top 98: 88",%0A+   "rating 96 at 45, top 98: 89",%0A+   "rating 97 at 45, top 98: 90",%0A+   "rating 98 at 45, top 98: 98",%0A+ ]%0A%0A ❯ src/test/cmValueCurve.test.ts:345:19%0A%0A

::error file=/home/runner/work/ballpark-hero/ballpark-hero/src/test/cmValueCurve.test.ts,title=src/test/cmValueCurve.test.ts > levelFrom%3A the age read run backwards%2C total > it inverts the read wherever no clamp bit%2C and the clamped cells are counted,line=394,column=30::AssertionError: expected [ 'level 48 at 14, top 94', …(1377) ] to deeply equal []%0A%0A- Expected%0A+ Received%0A%0A- []%0A+ [%0A+   "level 48 at 14, top 94",%0A+   "level 49 at 14, top 94",%0A+   "level 50 at 14, top 94",%0A+   "level 51 at 14, top 94",%0A+   "level 52 at 14, top 94",%0A+   "level 53 at 14, top 94",%0A+   "level 54 at 14, top 94",%0A+   "level 55 at 14, top 94",%0A+   "level 56 at 14, top 94",%0A+   "level 57 at 14, top 94",%0A+   "level 58 at 14, top 94",%0A+   "level 59 at 14, top 94",%0A+   "level 60 at 14, top 94",%0A+   "level 61 at 14, top 94",%0A+   "level 62 at 14, top 94",%0A+   "level 63 at 14, top 94",%0A+   "level 64 at 14, top 94",%0A+   "level 65 at 14, top 94",%0A+   "level 66 at 14, top 94",%0A+   "level 67 at 14, top 94",%0A+   "level 68 at 14, top 94",%0A+   "level 69 at 14, top 94",%0A+   "level 70 at 14, top 94",%0A+   "level 71 at 14, top 94",%0A+   "level 72 at 14, top 94",%0A+   "level 73 at 14, top 94",%0A+   "level 74 at 14, top 94",%0A+   "level 75 at 14, top 94",%0A+   "level 76 at 14, top 94",%0A+   "level 77 at 14, top 94",%0A+   "level 78 at 14, top 94",%0A+   "level 79 at 14, top 94",%0A+   "level 80 at 14, top 94",%0A+   "level 81 at 14, top 94",%0A+   "level 82 at 14, top 94",%0A+   "level 83 at 14, top 94",%0A+   "level 84 at 14, top 94",%0A+   "level 85 at 14, top 94",%0A+   "level 86 at 14, top 94",%0A+   "level 87 at 14, top 94",%0A+   "level 88 at 14, top 94",%0A+   "level 89 at 14, top 94",%0A+   "level 90 at 14, top 94",%0A+   "level 91 at 14, top 94",%0A+   "level 92 at 14, top 94",%0A+   "level 93 at 14, top 94",%0A+   "level 48 at 15, top 94",%0A+   "level 49 at 15, top 94",%0A+   "level 50 at 15, top 94",%0A+   "level 51 at 15, top 94",%0A+   "level 52 at 15, top 94",%0A+   "level 53 at 15, top 94",%0A+   "level 54 at 15, top 94",%0A+   "level 55 at 15, top 94",%0A+   "level 56 at 15, top 94",%0A+   "level 57 at 15, top 94",%0A+   "level 58 at 15, top 94",%0A+   "level 59 at 15, top 94",%0A+   "level 60 at 15, top 94",%0A+   "level 61 at 15, top 94",%0A+   "level 62 at 15, top 94",%0A+   "level 63 at 15, top 94",%0A+   "level 64 at 15, top 94",%0A+   "level 65 at 15, top 94",%0A+   "level 66 at 15, top 94",%0A+   "level 67 at 15, top 94",%0A+   "level 68 at 15, top 94",%0A+   "level 69 at 15, top 94",%0A+   "level 70 at 15, top 94",%0A+   "level 71 at 15, top 94",%0A+   "level 72 at 15, top 94",%0A+   "level 73 at 15, top 94",%0A+   "level 74 at 15, top 94",%0A+   "level 75 at 15, top 94",%0A+   "level 76 at 15, top 94",%0A+   "level 77 at 15, top 94",%0A+   "level 78 at 15, top 94",%0A+   "level 79 at 15, top 94",%0A+   "level 80 at 15, top 94",%0A+   "level 81 at 15, top 94",%0A+   "level 82 at 15, top 94",%0A+   "level 83 at 15, top 94",%0A+   "level 84 at 15, top 94",%0A+   "level 85 at 15, top 94",%0A+   "level 86 at 15, top 94",%0A+   "level 87 at 15, top 94",%0A+   "level 88 at 15, top 94",%0A+   "level 89 at 15, top 94",%0A+   "level 90 at 15, top 94",%0A+   "level 91 at 15, top 94",%0A+   "level 92 at 15, top 94",%0A+   "level 93 at 15, top 94",%0A+   "level 48 at 16, top 94",%0A+   "level 49 at 16, top 94",%0A+   "level 50 at 16, top 94",%0A+   "level 51 at 16, top 94",%0A+   "level 52 at 16, top 94",%0A+   "level 53 at 16, top 94",%0A+   "level 54 at 16, top 94",%0A+   "level 55 at 16, top 94",%0A+   "level 56 at 16, top 94",%0A+   "level 57 at 16, top 94",%0A+   "level 58 at 16, top 94",%0A+   "level 59 at 16, top 94",%0A+   "level 60 at 16, top 94",%0A+   "level 61 at 16, top 94",%0A+   "level 62 at 16, top 94",%0A+   "level 63 at 16, top 94",%0A+   "level 64 at 16, top 94",%0A+   "level 65 at 16, top 94",%0A+   "level 66 at 16, top 94",%0A+   "level 67 at 16, top 94",%0A+   "level 68 at 16, top 94",%0A+   "level 69 at 16, top 94",%0A+   "level 70 at 16, top 94",%0A+   "level 71 at 16, top 94",%0A+   "level 72 at 16, top 94",%0A+   "level 73 at 16, top 94",%0A+   "level 74 at 16, top 94",%0A+   "level 75 at 16, top 94",%0A+   "level 76 at 16, top 94",%0A+   "level 77 at 16, top 94",%0A+   "level 78 at 16, top 94",%0A+   "level 79 at 16, top 94",%0A+   "level 80 at 16, top 94",%0A+   "level 81 at 16, top 94",%0A+   "level 82 at 16, top 94",%0A+   "level 83 at 16, top 94",%0A+   "level 84 at 16, top 94",%0A+   "level 85 at 16, top 94",%0A+   "level 86 at 16, top 94",%0A+   "level 87 at 16, top 94",%0A+   "level 88 at 16, top 94",%0A+   "level 89 at 16, top 94",%0A+   "level 90 at 16, top 94",%0A+   "level 91 at 16, top 94",%0A+   "level 92 at 16, top 94",%0A+   "level 93 at 16, top 94",%0A+   "level 48 at 17, top 94",%0A+   "level 49 at 17, top 94",%0A+   "level 50 at 17, top 94",%0A+   "level 51 at 17, top 94",%0A+   "level 52 at 17, top 94",%0A+   "level 53 at 17, top 94",%0A+   "level 54 at 17, top 94",%0A+   "level 55 at 17, top 94",%0A+   "level 56 at 17, top 94",%0A+   "level 57 at 17, top 94",%0A+   "level 58 at 17, top 94",%0A+   "level 59 at 17, top 94",%0A+   "level 60 at 17, top 94",%0A+   "level 61 at 17, top 94",%0A+   "level 62 at 17, top 94",%0A+   "level 63 at 17, top 94",%0A+   "level 64 at 17, top 94",%0A+   "level 65 at 17, top 94",%0A+   "level 66 at 17, top 94",%0A+   "level 67 at 17, top 94",%0A+   "level 68 at 17, top 94",%0A+   "level 69 at 17, top 94",%0A+   "level 70 at 17, top 94",%0A+   "level 71 at 17, top 94",%0A+   "level 72 at 17, top 94",%0A+   "level 73 at 17, top 94",%0A+   "level 74 at 17, top 94",%0A+   "level 75 at 17, top 94",%0A+   "level 76 at 17, top 94",%0A+   "level 77 at 17, top 94",%0A+   "level 78 at 17, top 94",%0A+   "level 79 at 17, top 94",%0A+   "level 80 at 17, top 94",%0A+   "level 81 at 17, top 94",%0A+   "level 82 at 17, top 94",%0A+   "level 83 at 17, top 94",%0A+   "level 84 at 17, top 94",%0A+   "level 85 at 17, top 94",%0A+   "level 86 at 17, top 94",%0A+   "level 87 at 17, top 94",%0A+   "level 88 at 17, top 94",%0A+   "level 89 at 17, top 94",%0A+   "level 90 at 17, top 94",%0A+   "level 91 at 17, top 94",%0A+   "level 92 at 17, top 94",%0A+   "level 93 at 17, top 94",%0A+   "level 48 at 18, top 94",%0A+   "level 49 at 18, top 94",%0A+   "level 50 at 18, top 94",%0A+   "level 51 at 18, top 94",%0A+   "level 52 at 18, top 94",%0A+   "level 53 at 18, top 94",%0A+   "level 54 at 18, top 94",%0A+   "level 55 at 18, top 94",%0A+   "level 56 at 18, top 94",%0A+   "level 57 at 18, top 94",%0A+   "level 58 at 18, top 94",%0A+   "level 59 at 18, top 94",%0A+   "level 60 at 18, top 94",%0A+   "level 61 at 18, top 94",%0A+   "level 62 at 18, top 94",%0A+   "level 63 at 18, top 94",%0A+   "level 64 at 18, top 94",%0A+   "level 65 at 18, top 94",%0A+   "level 66 at 18, top 94",%0A+   "level 67 at 18, top 94",%0A+   "level 68 at 18, top 94",%0A+   "level 69 at 18, top 94",%0A+   "level 70 at 18, top 94",%0A+   "level 71 at 18, top 94",%0A+   "level 72 at 18, top 94",%0A+   "level 73 at 18, top 94",%0A+   "level 74 at 18, top 94",%0A+   "level 75 at 18, top 94",%0A+   "level 76 at 18, top 94",%0A+   "level 77 at 18, top 94",%0A+   "level 78 at 18, top 94",%0A+   "level 79 at 18, top 94",%0A+   "level 80 at 18, top 94",%0A+   "level 81 at 18, top 94",%0A+   "level 82 at 18, top 94",%0A+   "level 83 at 18, top 94",%0A+   "level 84 at 18, top 94",%0A+   "level 85 at 18, top 94",%0A+   "level 86 at 18, top 94",%0A+   "level 87 at 18, top 94",%0A+   "level 88 at 18, top 94",%0A+   "level 89 at 18, top 94",%0A+   "level 90 at 18, top 94",%0A+   "level 91 at 18, top 94",%0A+   "level 92 at 18, top 94",%0A+   "level 93 at 18, top 94",%0A+   "level 48 at 19, top 94",%0A+   "level 49 at 19, top 94",%0A+   "level 50 at 19, top 94",%0A+   "level 51 at 19, top 94",%0A+   "level 52 at 19, top 94",%0A+   "level 53 at 19, top 94",%0A+   "level 54 at 19, top 94",%0A+   "level 55 at 19, top 94",%0A+   "level 56 at 19, top 94",%0A+   "level 57 at 19, top 94",%0A+   "level 58 at 19, top 94",%0A+   "level 59 at 19, top 94",%0A+   "level 60 at 19, top 94",%0A+   "level 61 at 19, top 94",%0A+   "level 62 at 19, top 94",%0A+   "level 63 at 19, top 94",%0A+   "level 64 at 19, top 94",%0A+   "level 65 at 19, top 94",%0A+   "level 66 at 19, top 94",%0A+   "level 67 at 19, top 94",%0A+   "level 68 at 19, top 94",%0A+   "level 69 at 19, top 94",%0A+   "level 70 at 19, top 94",%0A+   "level 71 at 19, top 94",%0A+   "level 72 at 19, top 94",%0A+   "level 73 at 19, top 94",%0A+   "level 74 at 19, top 94",%0A+   "level 75 at 19, top 94",%0A+   "level 76 at 19, top 94",%0A+   "level 77 at 19, top 94",%0A+   "level 78 at 19, top 94",%0A+   "level 79 at 19, top 94",%0A+   "level 80 at 19, top 94",%0A+   "level 81 at 19, top 94",%0A+   "level 82 at 19, top 94",%0A+   "level 83 at 19, top 94",%0A+   "level 84 at 19, top 94",%0A+   "level 85 at 19, top 94",%0A+   "level 86 at 19, top 94",%0A+   "level 87 at 19, top 94",%0A+   "level 88 at 19, top 94",%0A+   "level 89 at 19, top 94",%0A+   "level 90 at 19, top 94",%0A+   "level 91 at 19, top 94",%0A+   "level 92 at 19, top 94",%0A+   "level 93 at 19, top 94",%0A+   "level 48 at 20, top 94",%0A+   "level 49 at 20, top 94",%0A+   "level 50 at 20, top 94",%0A+   "level 51 at 20, top 94",%0A+   "level 52 at 20, top 94",%0A+   "level 53 at 20, top 94",%0A+   "level 54 at 20, top 94",%0A+   "level 55 at 20, top 94",%0A+   "level 56 at 20, top 94",%0A+   "level 57 at 20, top 94",%0A+   "level 58 at 20, top 94",%0A+   "level 59 at 20, top 94",%0A+   "level 60 at 20, top 94",%0A+   "level 61 at 20, top 94",%0A+   "level 62 at 20, top 94",%0A+   "level 63 at 20, top 94",%0A+   "level 64 at 20, top 94",%0A+   "level 65 at 20, top 94",%0A+   "level 66 at 20, top 94",%0A+   "level 67 at 20, top 94",%0A+   "level 68 at 20, top 94",%0A+   "level 69 at 20, top 94",%0A+   "level 70 at 20, top 94",%0A+   "level 71 at 20, top 94",%0A+   "level 72 at 20, top 94",%0A+   "level 73 at 20, top 94",%0A+   "level 74 at 20, top 94",%0A+   "level 75 at 20, top 94",%0A+   "level 76 at 20, top 94",%0A+   "level 77 at 20, top 94",%0A+   "level 78 at 20, top 94",%0A+   "level 79 at 20, top 94",%0A+   "level 80 at 20, top 94",%0A+   "level 81 at 20, top 94",%0A+   "level 82 at 20, top 94",%0A+   "level 83 at 20, top 94",%0A+   "level 84 at 20, top 94",%0A+   "level 85 at 20, top 94",%0A+   "level 86 at 20, top 94",%0A+   "level 87 at 20, top 94",%0A+   "level 88 at 20, top 94",%0A+   "level 89 at 20, top 94",%0A+   "level 90 at 20, top 94",%0A+   "level 91 at 20, top 94",%0A+   "level 92 at 20, top 94",%0A+   "level 93 at 20, top 94",%0A+   "level 48 at 21, top 94",%0A+   "level 49 at 21, top 94",%0A+   "level 50 at 21, top 94",%0A+   "level 51 at 21, top 94",%0A+   "level 52 at 21, top 94",%0A+   "level 53 at 21, top 94",%0A+   "level 54 at 21, top 94",%0A+   "level 55 at 21, top 94",%0A+   "level 56 at 21, top 94",%0A+   "level 57 at 21, top 94",%0A+   "level 58 at 21, top 94",%0A+   "level 59 at 21, top 94",%0A+   "level 60 at 21, top 94",%0A+   "level 61 at 21, top 94",%0A+   "level 62 at 21, top 94",%0A+   "level 63 at 21, top 94",%0A+   "level 64 at 21, top 94",%0A+   "level 65 at 21, top 94",%0A+   "level 66 at 21, top 94",%0A+   "level 67 at 21, top 94",%0A+   "level 68 at 21, top 94",%0A+   "level 69 at 21, top 94",%0A+   "level 70 at 21, top 94",%0A+   "level 71 at 21, top 94",%0A+   "level 72 at 21, top 94",%0A+   "level 73 at 21, top 94",%0A+   "level 74 at 21, top 94",%0A+   "level 75 at 21, top 94",%0A+   "level 76 at 21, top 94",%0A+   "level 77 at 21, top 94",%0A+   "level 78 at 21, top 94",%0A+   "level 79 at 21, top 94",%0A+   "level 80 at 21, top 94",%0A+   "level 81 at 21, top 94",%0A+   "level 82 at 21, top 94",%0A+   "level 83 at 21, top 94",%0A+   "level 84 at 21, top 94",%0A+   "level 85 at 21, top 94",%0A+   "level 86 at 21, top 94",%0A+   "level 87 at 21, top 94",%0A+   "level 88 at 21, top 94",%0A+   "level 89 at 21, top 94",%0A+   "level 90 at 21, top 94",%0A+   "level 91 at 21, top 94",%0A+   "level 92 at 21, top 94",%0A+   "level 93 at 21, top 94",%0A+   "level 48 at 22, top 94",%0A+   "level 49 at 22, top 94",%0A+   "level 50 at 22, top 94",%0A+   "level 51 at 22, top 94",%0A+   "level 52 at 22, top 94",%0A+   "level 53 at 22, top 94",%0A+   "level 54 at 22, top 94",%0A+   "level 55 at 22, top 94",%0A+   "level 56 at 22, top 94",%0A+   "level 57 at 22, top 94",%0A+   "level 58 at 22, top 94",%0A+   "level 59 at 22, top 94",%0A+   "level 60 at 22, top 94",%0A+   "level 61 at 22, top 94",%0A+   "level 62 at 22, top 94",%0A+   "level 63 at 22, top 94",%0A+   "level 64 at 22, top 94",%0A+   "level 65 at 22, top 94",%0A+   "level 66 at 22, top 94",%0A+   "level 67 at 22, top 94",%0A+   "level 68 at 22, top 94",%0A+   "level 69 at 22, top 94",%0A+   "level 70 at 22, top 94",%0A+   "level 71 at 22, top 94",%0A+   "level 72 at 22, top 94",%0A+   "level 73 at 22, top 94",%0A+   "level 74 at 22, top 94",%0A+   "level 75 at 22, top 94",%0A+   "level 76 at 22, top 94",%0A+   "level 77 at 22, top 94",%0A+   "level 78 at 22, top 94",%0A+   "level 79 at 22, top 94",%0A+   "level 80 at 22, top 94",%0A+   "level 81 at 22, top 94",%0A+   "level 82 at 22, top 94",%0A+   "level 83 at 22, top 94",%0A+   "level 84 at 22, top 94",%0A+   "level 85 at 22, top 94",%0A+   "level 86 at 22, top 94",%0A+   "level 87 at 22, top 94",%0A+   "level 88 at 22, top 94",%0A+   "level 89 at 22, top 94",%0A+   "level 90 at 22, top 94",%0A+   "level 91 at 22, top 94",%0A+   "level 92 at 22, top 94",%0A+   "level 93 at 22, top 94",%0A+   "level 48 at 23, top 94",%0A+   "level 49 at 23, top 94",%0A+   "level 50 at 23, top 94",%0A+   "level 51 at 23, top 94",%0A+   "level 52 at 23, top 94",%0A+   "level 53 at 23, top 94",%0A+   "level 54 at 23, top 94",%0A+   "level 55 at 23, top 94",%0A+   "level 56 at 23, top 94",%0A+   "level 57 at 23, top 94",%0A+   "level 58 at 23, top 94",%0A+   "level 59 at 23, top 94",%0A+   "level 60 at 23, top 94",%0A+   "level 61 at 23, top 94",%0A+   "level 62 at 23, top 94",%0A+   "level 63 at 23, top 94",%0A+   "level 64 at 23, top 94",%0A+   "level 65 at 23, top 94",%0A+   "level 66 at 23, top 94",%0A+   "level 67 at 23, top 94",%0A+   "level 68 at 23, top 94",%0A+   "level 69 at 23, top 94",%0A+   "level 70 at 23, top 94",%0A+   "level 71 at 23, top 94",%0A+   "level 72 at 23, top 94",%0A+   "level 73 at 23, top 94",%0A+   "level 74 at 23, top 94",%0A+   "level 75 at 23, top 94",%0A+   "level 76 at 23, top 94",%0A+   "level 77 at 23, top 94",%0A+   "level 78 at 23, top 94",%0A+   "level 79 at 23, top 94",%0A+   "level 80 at 23, top 94",%0A+   "level 81 at 23, top 94",%0A+   "level 82 at 23, top 94",%0A+   "level 83 at 23, top 94",%0A+   "level 84 at 23, top 94",%0A+   "level 85 at 23, top 94",%0A+   "level 86 at 23, top 94",%0A+   "level 87 at 23, top 94",%0A+   "level 88 at 23, top 94",%0A+   "level 89 at 23, top 94",%0A+   "level 90 at 23, top 94",%0A+   "level 91 at 23, top 94",%0A+   "level 92 at 23, top 94",%0A+   "level 93 at 23, top 94",%0A+   "level 48 at 24, top 94",%0A+   "level 49 at 24, top 94",%0A+   "level 50 at 24, top 94",%0A+   "level 51 at 24, top 94",%0A+   "level 52 at 24, top 94",%0A+   "level 53 at 24, top 94",%0A+   "level 54 at 24, top 94",%0A+   "level 55 at 24, top 94",%0A+   "level 56 at 24, top 94",%0A+   "level 57 at 24, top 94",%0A+   "level 58 at 24, top 94",%0A+   "level 59 at 24, top 94",%0A+   "level 60 at 24, top 94",%0A+   "level 61 at 24, top 94",%0A+   "level 62 at 24, top 94",%0A+   "level 63 at 24, top 94",%0A+   "level 64 at 24, top 94",%0A+   "level 65 at 24, top 94",%0A+   "level 66 at 24, top 94",%0A+   "level 67 at 24, top 94",%0A+   "level 68 at 24, top 94",%0A+   "level 69 at 24, top 94",%0A+   "level 70 at 24, top 94",%0A+   "level 71 at 24, top 94",%0A+   "level 72 at 24, top 94",%0A+   "level 73 at 24, top 94",%0A+   "level 74 at 24, top 94",%0A+   "level 75 at 24, top 94",%0A+   "level 76 at 24, top 94",%0A+   "level 77 at 24, top 94",%0A+   "level 78 at 24, top 94",%0A+   "level 79 at 24, top 94",%0A+   "level 80 at 24, top 94",%0A+   "level 81 at 24, top 94",%0A+   "level 82 at 24, top 94",%0A+   "level 83 at 24, top 94",%0A+   "level 84 at 24, top 94",%0A+   "level 85 at 24, top 94",%0A+   "level 86 at 24, top 94",%0A+   "level 87 at 24, top 94",%0A+   "level 88 at 24, top 94",%0A+   "level 89 at 24, top 94",%0A+   "level 90 at 24, top 94",%0A+   "level 91 at 24, top 94",%0A+   "level 92 at 24, top 94",%0A+   "level 93 at 24, top 94",%0A+   "level 48 at 25, top 94",%0A+   "level 49 at 25, top 94",%0A+   "level 50 at 25, top 94",%0A+   "level 51 at 25, top 94",%0A+   "level 52 at 25, top 94",%0A+   "level 53 at 25, top 94",%0A+   "level 54 at 25, top 94",%0A+   "level 55 at 25, top 94",%0A+   "level 56 at 25, top 94",%0A+   "level 57 at 25, top 94",%0A+   "level 58 at 25, top 94",%0A+   "level 59 at 25, top 94",%0A+   "level 60 at 25, top 94",%0A+   "level 61 at 25, top 94",%0A+   "level 62 at 25, top 94",%0A+   "level 63 at 25, top 94",%0A+   "level 64 at 25, top 94",%0A+   "level 65 at 25, top 94",%0A+   "level 66 at 25, top 94",%0A+   "level 67 at 25, top 94",%0A+   "level 68 at 25, top 94",%0A+   "level 69 at 25, top 94",%0A+   "level 70 at 25, top 94",%0A+   "level 71 at 25, top 94",%0A+   "level 72 at 25, top 94",%0A+   "level 73 at 25, top 94",%0A+   "level 74 at 25, top 94",%0A+   "level 75 at 25, top 94",%0A+   "level 76 at 25, top 94",%0A+   "level 77 at 25, top 94",%0A+   "level 78 at 25, top 94",%0A+   "level 79 at 25, top 94",%0A+   "level 80 at 25, top 94",%0A+   "level 81 at 25, top 94",%0A+   "level 82 at 25, top 94",%0A+   "level 83 at 25, top 94",%0A+   "level 84 at 25, top 94",%0A+   "level 85 at 25, top 94",%0A+   "level 86 at 25, top 94",%0A+   "level 87 at 25, top 94",%0A+   "level 88 at 25, top 94",%0A+   "level 89 at 25, top 94",%0A+   "level 90 at 25, top 94",%0A+   "level 91 at 25, top 94",%0A+   "level 92 at 25, top 94",%0A+   "level 93 at 25, top 94",%0A+   "level 48 at 26, top 94",%0A+   "level 49 at 26, top 94",%0A+   "level 50 at 26, top 94",%0A+   "level 51 at 26, top 94",%0A+   "level 52 at 26, top 94",%0A+   "level 53 at 26, top 94",%0A+   "level 54 at 26, top 94",%0A+   "level 55 at 26, top 94",%0A+   "level 56 at 26, top 94",%0A+   "level 57 at 26, top 94",%0A+   "level 58 at 26, top 94",%0A+   "level 59 at 26, top 94",%0A+   "level 60 at 26, top 94",%0A+   "level 61 at 26, top 94",%0A+   "level 62 at 26, top 94",%0A+   "level 63 at 26, top 94",%0A+   "level 64 at 26, top 94",%0A+   "level 65 at 26, top 94",%0A+   "level 66 at 26, top 94",%0A+   "level 67 at 26, top 94",%0A+   "level 68 at 26, top 94",%0A+   "level 69 at 26, top 94",%0A+   "level 70 at 26, top 94",%0A+   "level 71 at 26, top 94",%0A+   "level 72 at 26, top 94",%0A+   "level 73 at 26, top 94",%0A+   "level 74 at 26, top 94",%0A+   "level 75 at 26, top 94",%0A+   "level 76 at 26, top 94",%0A+   "level 77 at 26, top 94",%0A+   "level 78 at 26, top 94",%0A+   "level 79 at 26, top 94",%0A+   "level 80 at 26, top 94",%0A+   "level 81 at 26, top 94",%0A+   "level 82 at 26, top 94",%0A+   "level 83 at 26, top 94",%0A+   "level 84 at 26, top 94",%0A+   "level 85 at 26, top 94",%0A+   "level 86 at 26, top 94",%0A+   "level 87 at 26, top 94",%0A+   "level 88 at 26, top 94",%0A+   "level 89 at 26, top 94",%0A+   "level 90 at 26, top 94",%0A+   "level 91 at 26, top 94",%0A+   "level 92 at 26, top 94",%0A+   "level 93 at 26, top 94",%0A+   "level 48 at 27, top 94",%0A+   "level 49 at 27, top 94",%0A+   "level 50 at 27, top 94",%0A+   "level 51 at 27, top 94",%0A+   "level 52 at 27, top 94",%0A+   "level 53 at 27, top 94",%0A+   "level 54 at 27, top 94",%0A+   "level 55 at 27, top 94",%0A+   "level 56 at 27, top 94",%0A+   "level 57 at 27, top 94",%0A+   "level 58 at 27, top 94",%0A+   "level 59 at 27, top 94",%0A+   "level 60 at 27, top 94",%0A+   "level 61 at 27, top 94",%0A+   "level 62 at 27, top 94",%0A+   "level 63 at 27, top 94",%0A+   "level 64 at 27, top 94",%0A+   "level 65 at 27, top 94",%0A+   "level 66 at 27, top 94",%0A+   "level 67 at 27, top 94",%0A+   "level 68 at 27, top 94",%0A+   "level 69 at 27, top 94",%0A+   "level 70 at 27, top 94",%0A+   "level 71 at 27, top 94",%0A+   "level 72 at 27, top 94",%0A+   "level 73 at 27, top 94",%0A+   "level 74 at 27, top 94",%0A+   "level 75 at 27, top 94",%0A+   "level 76 at 27, top 94",%0A+   "level 77 at 27, top 94",%0A+   "level 78 at 27, top 94",%0A+   "level 79 at 27, top 94",%0A+   "level 80 at 27, top 94",%0A+   "level 81 at 27, top 94",%0A+   "level 82 at 27, top 94",%0A+   "level 83 at 27, top 94",%0A+   "level 84 at 27, top 94",%0A+   "level 85 at 27, top 94",%0A+   "level 86 at 27, top 94",%0A+   "level 87 at 27, top 94",%0A+   "level 88 at 27, top 94",%0A+   "level 89 at 27, top 94",%0A+   "level 90 at 27, top 94",%0A+   "level 91 at 27, top 94",%0A+   "level 92 at 27, top 94",%0A+   "level 93 at 27, top 94",%0A+   "level 48 at 28, top 94",%0A+   "level 49 at 28, top 94",%0A+   "level 50 at 28, top 94",%0A+   "level 51 at 28, top 94",%0A+   "level 52 at 28, top 94",%0A+   "level 53 at 28, top 94",%0A+   "level 54 at 28, top 94",%0A+   "level 55 at 28, top 94",%0A+   "level 56 at 28, top 94",%0A+   "level 57 at 28, top 94",%0A+   "level 58 at 28, top 94",%0A+   "level 59 at 28, top 94",%0A+   "level 60 at 28, top 94",%0A+   "level 61 at 28, top 94",%0A+   "level 62 at 28, top 94",%0A+   "level 63 at 28, top 94",%0A+   "level 64 at 28, top 94",%0A+   "level 65 at 28, top 94",%0A+   "level 66 at 28, top 94",%0A+   "level 67 at 28, top 94",%0A+   "level 68 at 28, top 94",%0A+   "level 69 at 28, top 94",%0A+   "level 70 at 28, top 94",%0A+   "level 71 at 28, top 94",%0A+   "level 72 at 28, top 94",%0A+   "level 73 at 28, top 94",%0A+   "level 74 at 28, top 94",%0A+   "level 75 at 28, top 94",%0A+   "level 76 at 28, top 94",%0A+   "level 77 at 28, top 94",%0A+   "level 78 at 28, top 94",%0A+   "level 79 at 28, top 94",%0A+   "level 80 at 28, top 94",%0A+   "level 81 at 28, top 94",%0A+   "level 82 at 28, top 94",%0A+   "level 83 at 28, top 94",%0A+   "level 84 at 28, top 94",%0A+   "level 85 at 28, top 94",%0A+   "level 86 at 28, top 94",%0A+   "level 87 at 28, top 94",%0A+   "level 88 at 28, top 94",%0A+   "level 89 at 28, top 94",%0A+   "level 90 at 28, top 94",%0A+   "level 91 at 28, top 94",%0A+   "level 92 at 28, top 94",%0A+   "level 93 at 28, top 94",%0A+   "level 48 at 29, top 94",%0A+   "level 49 at 29, top 94",%0A+   "level 50 at 29, top 94",%0A+   "level 51 at 29, top 94",%0A+   "level 52 at 29, top 94",%0A+   "level 53 at 29, top 94",%0A+   "level 54 at 29, top 94",%0A+   "level 55 at 29, top 94",%0A+   "level 56 at 29, top 94",%0A+   "level 57 at 29, top 94",%0A+   "level 58 at 29, top 94",%0A+   "level 59 at 29, top 94",%0A+   "level 60 at 29, top 94",%0A+   "level 61 at 29, top 94",%0A+   "level 62 at 29, top 94",%0A+   "level 63 at 29, top 94",%0A+   "level 64 at 29, top 94",%0A+   "level 65 at 29, top 94",%0A+   "level 66 at 29, top 94",%0A+   "level 67 at 29, top 94",%0A+   "level 68 at 29, top 94",%0A+   "level 69 at 29, top 94",%0A+   "level 70 at 29, top 94",%0A+   "level 71 at 29, top 94",%0A+   "level 72 at 29, top 94",%0A+   "level 73 at 29, top 94",%0A+   "level 74 at 29, top 94",%0A+   "level 75 at 29, top 94",%0A+   "level 76 at 29, top 94",%0A+   "level 77 at 29, top 94",%0A+   "level 78 at 29, top 94",%0A+   "level 79 at 29, top 94",%0A+   "level 80 at 29, top 94",%0A+   "level 81 at 29, top 94",%0A+   "level 82 at 29, top 94",%0A+   "level 83 at 29, top 94",%0A+   "level 84 at 29, top 94",%0A+   "level 85 at 29, top 94",%0A+   "level 86 at 29, top 94",%0A+   "level 87 at 29, top 94",%0A+   "level 88 at 29, top 94",%0A+   "level 89 at 29, top 94",%0A+   "level 90 at 29, top 94",%0A+   "level 91 at 29, top 94",%0A+   "level 92 at 29, top 94",%0A+   "level 93 at 29, top 94",%0A+   "level 48 at 30, top 94",%0A+   "level 49 at 30, top 94",%0A+   "level 50 at 30, top 94",%0A+   "level 51 at 30, top 94",%0A+   "level 52 at 30, top 94",%0A+   "level 53 at 30, top 94",%0A+   "level 54 at 30, top 94",%0A+   "level 55 at 30, top 94",%0A+   "level 56 at 30, top 94",%0A+   "level 57 at 30, top 94",%0A+   "level 58 at 30, top 94",%0A+   "level 59 at 30, top 94",%0A+   "level 60 at 30, top 94",%0A+   "level 61 at 30, top 94",%0A+   "level 62 at 30, top 94",%0A+   "level 63 at 30, top 94",%0A+   "level 64 at 30, top 94",%0A+   "level 65 at 30, top 94",%0A+   "level 66 at 30, top 94",%0A+   "level 67 at 30, top 94",%0A+   "level 68 at 30, top 94",%0A+   "level 69 at 30, top 94",%0A+   "level 70 at 30, top 94",%0A+   "level 71 at 30, top 94",%0A+   "level 72 at 30, top 94",%0A+   "level 73 at 30, top 94",%0A+   "level 74 at 30, top 94",%0A+   "level 75 at 30, top 94",%0A+   "level 76 at 30, top 94",%0A+   "level 77 at 30, top 94",%0A+   "level 78 at 30, top 94",%0A+   "level 79 at 30, top 94",%0A+   "level 80 at 30, top 94",%0A+   "level 81 at 30, top 94",%0A+   "level 82 at 30, top 94",%0A+   "level 83 at 30, top 94",%0A+   "level 84 at 30, top 94",%0A+   "level 85 at 30, top 94",%0A+   "level 86 at 30, top 94",%0A+   "level 87 at 30, top 94",%0A+   "level 88 at 30, top 94",%0A+   "level 89 at 30, top 94",%0A+   "level 90 at 30, top 94",%0A+   "level 91 at 30, top 94",%0A+   "level 92 at 30, top 94",%0A+   "level 48 at 31, top 94",%0A+   "level 49 at 31, top 94",%0A+   "level 50 at 31, top 94",%0A+   "level 51 at 31, top 94",%0A+   "level 52 at 31, top 94",%0A+   "level 53 at 31, top 94",%0A+   "level 54 at 31, top 94",%0A+   "level 55 at 31, top 94",%0A+   "level 56 at 31, top 94",%0A+   "level 57 at 31, top 94",%0A+   "level 58 at 31, top 94",%0A+   "level 59 at 31, top 94",%0A+   "level 60 at 31, top 94",%0A+   "level 61 at 31, top 94",%0A+   "level 62 at 31, top 94",%0A+   "level 63 at 31, top 94",%0A+   "level 64 at 31, top 94",%0A+   "level 65 at 31, top 94",%0A+   "level 66 at 31, top 94",%0A+   "level 67 at 31, top 94",%0A+   "level 68 at 31, top 94",%0A+   "level 69 at 31, top 94",%0A+   "level 70 at 31, top 94",%0A+   "level 71 at 31, top 94",%0A+   "level 72 at 31, top 94",%0A+   "level 73 at 31, top 94",%0A+   "level 74 at 31, top 94",%0A+   "level 75 at 31, top 94",%0A+   "level 76 at 31, top 94",%0A+   "level 77 at 31, top 94",%0A+   "level 78 at 31, top 94",%0A+   "level 79 at 31, top 94",%0A+   "level 80 at 31, top 94",%0A+   "level 81 at 31, top 94",%0A+   "level 82 at 31, top 94",%0A+   "level 83 at 31, top 94",%0A+   "level 84 at 31, top 94",%0A+   "level 85 at 31, top 94",%0A+   "level 86 at 31, top 94",%0A+   "level 87 at 31, top 94",%0A+   "level 88 at 31, top 94",%0A+   "level 89 at 31, top 94",%0A+   "level 90 at 31, top 94",%0A+   "level 91 at 31, top 94",%0A+   "level 48 at 32, top 94",%0A+   "level 49 at 32, top 94",%0A+   "level 50 at 32, top 94",%0A+   "level 51 at 32, top 94",%0A+   "level 52 at 32, top 94",%0A+   "level 53 at 32, top 94",%0A+   "level 54 at 32, top 94",%0A+   "level 55 at 32, top 94",%0A+   "level 56 at 32, top 94",%0A+   "level 57 at 32, top 94",%0A+   "level 58 at 32, top 94",%0A+   "level 59 at 32, top 94",%0A+   "level 60 at 32, top 94",%0A+   "level 61 at 32, top 94",%0A+   "level 62 at 32, top 94",%0A+   "level 63 at 32, top 94",%0A+   "level 64 at 32, top 94",%0A+   "level 65 at 32, top 94",%0A+   "level 66 at 32, top 94",%0A+   "level 67 at 32, top 94",%0A+   "level 68 at 32, top 94",%0A+   "level 69 at 32, top 94",%0A+   "level 70 at 32, top 94",%0A+   "level 71 at 32, top 94",%0A+   "level 72 at 32, top 94",%0A+   "level 73 at 32, top 94",%0A+   "level 74 at 32, top 94",%0A+   "level 75 at 32, top 94",%0A+   "level 76 at 32, top 94",%0A+   "level 77 at 32, top 94",%0A+   "level 78 at 32, top 94",%0A+   "level 79 at 32, top 94",%0A+   "level 80 at 32, top 94",%0A+   "level 81 at 32, top 94",%0A+   "level 82 at 32, top 94",%0A+   "level 83 at 32, top 94",%0A+   "level 84 at 32, top 94",%0A+   "level 85 at 32, top 94",%0A+   "level 86 at 32, top 94",%0A+   "level 87 at 32, top 94",%0A+   "level 88 at 32, top 94",%0A+   "level 89 at 32, top 94",%0A+   "level 90 at 32, top 94",%0A+   "level 91 at 32, top 94",%0A+   "level 48 at 33, top 94",%0A+   "level 49 at 33, top 94",%0A+   "level 50 at 33, top 94",%0A+   "level 51 at 33, top 94",%0A+   "level 52 at 33, top 94",%0A+   "level 53 at 33, top 94",%0A+   "level 54 at 33, top 94",%0A+   "level 55 at 33, top 94",%0A+   "level 56 at 33, top 94",%0A+   "level 57 at 33, top 94",%0A+   "level 58 at 33, top 94",%0A+   "level 59 at 33, top 94",%0A+   "level 60 at 33, top 94",%0A+   "level 61 at 33, top 94",%0A+   "level 62 at 33, top 94",%0A+   "level 63 at 33, top 94",%0A+   "level 64 at 33, top 94",%0A+   "level 65 at 33, top 94",%0A+   "level 66 at 33, top 94",%0A+   "level 67 at 33, top 94",%0A+   "level 68 at 33, top 94",%0A+   "level 69 at 33, top 94",%0A+   "level 70 at 33, top 94",%0A+   "level 71 at 33, top 94",%0A+   "level 72 at 33, top 94",%0A+   "level 73 at 33, top 94",%0A+   "level 74 at 33, top 94",%0A+   "level 75 at 33, top 94",%0A+   "level 76 at 33, top 94",%0A+   "level 77 at 33, top 94",%0A+   "level 78 at 33, top 94",%0A+   "level 79 at 33, top 94",%0A+   "level 80 at 33, top 94",%0A+   "level 81 at 33, top 94",%0A+   "level 82 at 33, top 94",%0A+   "level 83 at 33, top 94",%0A+   "level 84 at 33, top 94",%0A+   "level 85 at 33, top 94",%0A+   "level 86 at 33, top 94",%0A+   "level 87 at 33, top 94",%0A+   "level 88 at 33, top 94",%0A+   "level 89 at 33, top 94",%0A+   "level 90 at 33, top 94",%0A+   "level 48 at 34, top 94",%0A+   "level 49 at 34, top 94",%0A+   "level 50 at 34, top 94",%0A+   "level 51 at 34, top 94",%0A+   "level 52 at 34, top 94",%0A+   "level 53 at 34, top 94",%0A+   "level 54 at 34, top 94",%0A+   "level 55 at 34, top 94",%0A+   "level 56 at 34, top 94",%0A+   "level 57 at 34, top 94",%0A+   "level 58 at 34, top 94",%0A+   "level 59 at 34, top 94",%0A+   "level 60 at 34, top 94",%0A+   "level 61 at 34, top 94",%0A+   "level 62 at 34, top 94",%0A+   "level 63 at 34, top 94",%0A+   "level 64 at 34, top 94",%0A+   "level 65 at 34, top 94",%0A+   "level 66 at 34, top 94",%0A+   "level 67 at 34, top 94",%0A+   "level 68 at 34, top 94",%0A+   "level 69 at 34, top 94",%0A+   "level 70 at 34, top 94",%0A+   "level 71 at 34, top 94",%0A+   "level 72 at 34, top 94",%0A+   "level 73 at 34, top 94",%0A+   "level 74 at 34, top 94",%0A+   "level 75 at 34, top 94",%0A+   "level 76 at 34, top 94",%0A+   "level 77 at 34, top 94",%0A+   "level 78 at 34, top 94",%0A+   "level 79 at 34, top 94",%0A+   "level 80 at 34, top 94",%0A+   "level 81 at 34, top 94",%0A+   "level 82 at 34, top 94",%0A+   "level 83 at 34, top 94",%0A+   "level 84 at 34, top 94",%0A+   "level 85 at 34, top 94",%0A+   "level 86 at 34, top 94",%0A+   "level 87 at 34, top 94",%0A+   "level 88 at 34, top 94",%0A+   "level 89 at 34, top 94",%0A+   "level 48 at 35, top 94",%0A+   "level 49 at 35, top 94",%0A+   "level 50 at 35, top 94",%0A+   "level 51 at 35, top 94",%0A+   "level 52 at 35, top 94",%0A+   "level 53 at 35, top 94",%0A+   "level 54 at 35, top 94",%0A+   "level 55 at 35, top 94",%0A+   "level 56 at 35, top 94",%0A+   "level 57 at 35, top 94",%0A+   "level 58 at 35, top 94",%0A+   "level 59 at 35, top 94",%0A+   "level 60 at 35, top 94",%0A+   "level 61 at 35, top 94",%0A+   "level 62 at 35, top 94",%0A+   "level 63 at 35, top 94",%0A+   "level 64 at 35, top 94",%0A+   "level 65 at 35, top 94",%0A+   "level 66 at 35, top 94",%0A+   "level 67 at 35, top 94",%0A+   "level 68 at 35, top 94",%0A+   "level 69 at 35, top 94",%0A+   "level 70 at 35, top 94",%0A+   "level 71 at 35, top 94",%0A+   "level 72 at 35, top 94",%0A+   "level 73 at 35, top 94",%0A+   "level 74 at 35, top 94",%0A+   "level 75 at 35, top 94",%0A+   "level 76 at 35, top 94",%0A+   "level 77 at 35, top 94",%0A+   "level 78 at 35, top 94",%0A+   "level 79 at 35, top 94",%0A+   "level 80 at 35, top 94",%0A+   "level 81 at 35, top 94",%0A+   "level 82 at 35, top 94",%0A+   "level 83 at 35, top 94",%0A+   "level 84 at 35, top 94",%0A+   "level 85 at 35, top 94",%0A+   "level 86 at 35, top 94",%0A+   "level 87 at 35, top 94",%0A+   "level 88 at 35, top 94",%0A+   "level 48 at 36, top 94",%0A+   "level 49 at 36, top 94",%0A+   "level 50 at 36, top 94",%0A+   "level 51 at 36, top 94",%0A+   "level 52 at 36, top 94",%0A+   "level 53 at 36, top 94",%0A+   "level 54 at 36, top 94",%0A+   "level 55 at 36, top 94",%0A+   "level 56 at 36, top 94",%0A+   "level 57 at 36, top 94",%0A+   "level 58 at 36, top 94",%0A+   "level 59 at 36, top 94",%0A+   "level 60 at 36, top 94",%0A+   "level 61 at 36, top 94",%0A+   "level 62 at 36, top 94",%0A+   "level 63 at 36, top 94",%0A+   "level 64 at 36, top 94",%0A+   "level 65 at 36, top 94",%0A+   "level 66 at 36, top 94",%0A+   "level 67 at 36, top 94",%0A+   "level 68 at 36, top 94",%0A+   "level 69 at 36, top 94",%0A+   "level 70 at 36, top 94",%0A+   "level 71 at 36, top 94",%0A+   "level 72 at 36, top 94",%0A+   "level 73 at 36, top 94",%0A+   "level 74 at 36, top 94",%0A+   "level 75 at 36, top 94",%0A+   "level 76 at 36, top 94",%0A+   "level 77 at 36, top 94",%0A+   "level 78 at 36, top 94",%0A+   "level 79 at 36, top 94",%0A+   "level 80 at 36, top 94",%0A+   "level 81 at 36, top 94",%0A+   "level 82 at 36, top 94",%0A+   "level 83 at 36, top 94",%0A+   "level 84 at 36, top 94",%0A+   "level 85 at 36, top 94",%0A+   "level 86 at 36, top 94",%0A+   "level 87 at 36, top 94",%0A+   "level 48 at 37, top 94",%0A+   "level 49 at 37, top 94",%0A+   "level 50 at 37, top 94",%0A+   "level 51 at 37, top 94",%0A+   "level 52 at 37, top 94",%0A+   "level 53 at 37, top 94",%0A+   "level 54 at 37, top 94",%0A+   "level 55 at 37, top 94",%0A+   "level 56 at 37, top 94",%0A+   "level 57 at 37, top 94",%0A+   "level 58 at 37, top 94",%0A+   "level 59 at 37, top 94",%0A+   "level 60 at 37, top 94",%0A+   "level 61 at 37, top 94",%0A+   "level 62 at 37, top 94",%0A+   "level 63 at 37, top 94",%0A+   "level 64 at 37, top 94",%0A+   "level 65 at 37, top 94",%0A+   "level 66 at 37, top 94",%0A+   "level 67 at 37, top 94",%0A+   "level 68 at 37, top 94",%0A+   "level 69 at 37, top 94",%0A+   "level 70 at 37, top 94",%0A+   "level 71 at 37, top 94",%0A+   "level 72 at 37, top 94",%0A+   "level 73 at 37, top 94",%0A+   "level 74 at 37, top 94",%0A+   "level 75 at 37, top 94",%0A+   "level 76 at 37, top 94",%0A+   "level 77 at 37, top 94",%0A+   "level 78 at 37, top 94",%0A+   "level 79 at 37, top 94",%0A+   "level 80 at 37, top 94",%0A+   "level 81 at 37, top 94",%0A+   "level 82 at 37, top 94",%0A+   "level 83 at 37, top 94",%0A+   "level 84 at 37, top 94",%0A+   "level 85 at 37, top 94",%0A+   "level 86 at 37, top 94",%0A+   "level 48 at 38, top 94",%0A+   "level 49 at 38, top 94",%0A+   "level 50 at 38, top 94",%0A+   "level 51 at 38, top 94",%0A+   "level 52 at 38, top 94",%0A+   "level 53 at 38, top 94",%0A+   "level 54 at 38, top 94",%0A+   "level 55 at 38, top 94",%0A+   "level 56 at 38, top 94",%0A+   "level 57 at 38, top 94",%0A+   "level 58 at 38, top 94",%0A+   "level 59 at 38, top 94",%0A+   "level 60 at 38, top 94",%0A+   "level 61 at 38, top 94",%0A+   "level 62 at 38, top 94",%0A+   "level 63 at 38, top 94",%0A+   "level 64 at 38, top 94",%0A+   "level 65 at 38, top 94",%0A+   "level 66 at 38, top 94",%0A+   "level 67 at 38, top 94",%0A+   "level 68 at 38, top 94",%0A+   "level 69 at 38, top 94",%0A+   "level 70 at 38, top 94",%0A+   "level 71 at 38, top 94",%0A+   "level 72 at 38, top 94",%0A+   "level 73 at 38, top 94",%0A+   "level 74 at 38, top 94",%0A+   "level 75 at 38, top 94",%0A+   "level 76 at 38, top 94",%0A+   "level 77 at 38, top 94",%0A+   "level 78 at 38, top 94",%0A+   "level 79 at 38, top 94",%0A+   "level 80 at 38, top 94",%0A+   "level 81 at 38, top 94",%0A+   "level 82 at 38, top 94",%0A+   "level 83 at 38, top 94",%0A+   "level 84 at 38, top 94",%0A+   "level 85 at 38, top 94",%0A+   "level 48 at 39, top 94",%0A+   "level 49 at 39, top 94",%0A+   "level 50 at 39, top 94",%0A+   "level 51 at 39, top 94",%0A+   "level 52 at 39, top 94",%0A+   "level 53 at 39, top 94",%0A+   "level 54 at 39, top 94",%0A+   "level 55 at 39, top 94",%0A+   "level 56 at 39, top 94",%0A+   "level 57 at 39, top 94",%0A+   "level 58 at 39, top 94",%0A+   "level 59 at 39, top 94",%0A+   "level 60 at 39, top 94",%0A+   "level 61 at 39, top 94",%0A+   "level 62 at 39, top 94",%0A+   "level 63 at 39, top 94",%0A+   "level 64 at 39, top 94",%0A+   "level 65 at 39, top 94",%0A+   "level 66 at 39, top 94",%0A+   "level 67 at 39, top 94",%0A+   "level 68 at 39, top 94",%0A+   "level 69 at 39, top 94",%0A+   "level 70 at 39, top 94",%0A+   "level 71 at 39, top 94",%0A+   "level 72 at 39, top 94",%0A+   "level 73 at 39, top 94",%0A+   "level 74 at 39, top 94",%0A+   "level 75 at 39, top 94",%0A+   "level 76 at 39, top 94",%0A+   "level 77 at 39, top 94",%0A+   "level 78 at 39, top 94",%0A+   "level 79 at 39, top 94",%0A+   "level 80 at 39, top 94",%0A+   "level 81 at 39, top 94",%0A+   "level 82 at 39, top 94",%0A+   "level 83 at 39, top 94",%0A+   "level 84 at 39, top 94",%0A+   "level 85 at 39, top 94",%0A+   "level 48 at 40, top 94",%0A+   "level 49 at 40, top 94",%0A+   "level 50 at 40, top 94",%0A+   "level 51 at 40, top 94",%0A+   "level 52 at 40, top 94",%0A+   "level 53 at 40, top 94",%0A+   "level 54 at 40, top 94",%0A+   "level 55 at 40, top 94",%0A+   "level 56 at 40, top 94",%0A+   "level 57 at 40, top 94",%0A+   "level 58 at 40, top 94",%0A+   "level 59 at 40, top 94",%0A+   "level 60 at 40, top 94",%0A+   "level 61 at 40, top 94",%0A+   "level 62 at 40, top 94",%0A+   "level 63 at 40, top 94",%0A+   "level 64 at 40, top 94",%0A+   "level 65 at 40, top 94",%0A+   "level 66 at 40, top 94",%0A+   "level 67 at 40, top 94",%0A+   "level 68 at 40, top 94",%0A+   "level 69 at 40, top 94",%0A+   "level 70 at 40, top 94",%0A+   "level 71 at 40, top 94",%0A+   "level 72 at 40, top 94",%0A+   "level 73 at 40, top 94",%0A+   "level 74 at 40, top 94",%0A+   "level 75 at 40, top 94",%0A+   "level 76 at 40, top 94",%0A+   "level 77 at 40, top 94",%0A+   "level 78 at 40, top 94",%0A+   "level 79 at 40, top 94",%0A+   "level 80 at 40, top 94",%0A+   "level 81 at 40, top 94",%0A+   "level 82 at 40, top 94",%0A+   "level 83 at 40, top 94",%0A+   "level 84 at 40, top 94",%0A+   "level 85 at 40, top 94",%0A+   "level 48 at 41, top 94",%0A+   "level 49 at 41, top 94",%0A+   "level 50 at 41, top 94",%0A+   "level 51 at 41, top 94",%0A+   "level 52 at 41, top 94",%0A+   "level 53 at 41, top 94",%0A+   "level 54 at 41, top 94",%0A+   "level 55 at 41, top 94",%0A+   "level 56 at 41, top 94",%0A+   "level 57 at 41, top 94",%0A+   "level 58 at 41, top 94",%0A+   "level 59 at 41, top 94",%0A+   "level 60 at 41, top 94",%0A+   "level 61 at 41, top 94",%0A+   "level 62 at 41, top 94",%0A+   "level 63 at 41, top 94",%0A+   "level 64 at 41, top 94",%0A+   "level 65 at 41, top 94",%0A+   "level 66 at 41, top 94",%0A+   "level 67 at 41, top 94",%0A+   "level 68 at 41, top 94",%0A+   "level 69 at 41, top 94",%0A+   "level 70 at 41, top 94",%0A+   "level 71 at 41, top 94",%0A+   "level 72 at 41, top 94",%0A+   "level 73 at 41, top 94",%0A+   "level 74 at 41, top 94",%0A+   "level 75 at 41, top 94",%0A+   "level 76 at 41, top 94",%0A+   "level 77 at 41, top 94",%0A+   "level 78 at 41, top 94",%0A+   "level 79 at 41, top 94",%0A+   "level 80 at 41, top 94",%0A+   "level 81 at 41, top 94",%0A+   "level 82 at 41, top 94",%0A+   "level 83 at 41, top 94",%0A+   "level 84 at 41, top 94",%0A+   "level 85 at 41, top 94",%0A+   "level 48 at 42, top 94",%0A+   "level 49 at 42, top 94",%0A+   "level 50 at 42, top 94",%0A+   "level 51 at 42, top 94",%0A+   "level 52 at 42, top 94",%0A+   "level 53 at 42, top 94",%0A+   "level 54 at 42, top 94",%0A+   "level 55 at 42, top 94",%0A+   "level 56 at 42, top 94",%0A+   "level 57 at 42, top 94",%0A+   "level 58 at 42, top 94",%0A+   "level 59 at 42, top 94",%0A+   "level 60 at 42, top 94",%0A+   "level 61 at 42, top 94",%0A+   "level 62 at 42, top 94",%0A+   "level 63 at 42, top 94",%0A+   "level 64 at 42, top 94",%0A+   "level 65 at 42, top 94",%0A+   "level 66 at 42, top 94",%0A+   "level 67 at 42, top 94",%0A+   "level 68 at 42, top 94",%0A+   "level 69 at 42, top 94",%0A+   "level 70 at 42, top 94",%0A+   "level 71 at 42, top 94",%0A+   "level 72 at 42, top 94",%0A+   "level 73 at 42, top 94",%0A+   "level 74 at 42, top 94",%0A+   "level 75 at 42, top 94",%0A+   "level 76 at 42, top 94",%0A+   "level 77 at 42, top 94",%0A+   "level 78 at 42, top 94",%0A+   "level 79 at 42, top 94",%0A+   "level 80 at 42, top 94",%0A+   "level 81 at 42, top 94",%0A+   "level 82 at 42, top 94",%0A+   "level 83 at 42, top 94",%0A+   "level 84 at 42, top 94",%0A+   "level 85 at 42, top 94",%0A+   "level 48 at 43, top 94",%0A+   "level 49 at 43, top 94",%0A+   "level 50 at 43, top 94",%0A+   "level 51 at 43, top 94",%0A+   "level 52 at 43, top 94",%0A+   "level 53 at 43, top 94",%0A+   "level 54 at 43, top 94",%0A+   "level 55 at 43, top 94",%0A+   "level 56 at 43, top 94",%0A+   "level 57 at 43, top 94",%0A+   "level 58 at 43, top 94",%0A+   "level 59 at 43, top 94",%0A+   "level 60 at 43, top 94",%0A+   "level 61 at 43, top 94",%0A+   "level 62 at 43, top 94",%0A+   "level 63 at 43, top 94",%0A+   "level 64 at 43, top 94",%0A+   "level 65 at 43, top 94",%0A+   "level 66 at 43, top 94",%0A+   "level 67 at 43, top 94",%0A+   "level 68 at 43, top 94",%0A+   "level 69 at 43, top 94",%0A+   "level 70 at 43, top 94",%0A+   "level 71 at 43, top 94",%0A+   "level 72 at 43, top 94",%0A+   "level 73 at 43, top 94",%0A+   "level 74 at 43, top 94",%0A+   "level 75 at 43, top 94",%0A+   "level 76 at 43, top 94",%0A+   "level 77 at 43, top 94",%0A+   "level 78 at 43, top 94",%0A+   "level 79 at 43, top 94",%0A+   "level 80 at 43, top 94",%0A+   "level 81 at 43, top 94",%0A+   "level 82 at 43, top 94",%0A+   "level 83 at 43, top 94",%0A+   "level 84 at 43, top 94",%0A+   "level 85 at 43, top 94",%0A+   "level 48 at 44, top 94",%0A+   "level 49 at 44, top 94",%0A+   "level 50 at 44, top 94",%0A+   "level 51 at 44, top 94",%0A+   "level 52 at 44, top 94",%0A+   "level 53 at 44, top 94",%0A+   "level 54 at 44, top 94",%0A+   "level 55 at 44, top 94",%0A+   "level 56 at 44, top 94",%0A+   "level 57 at 44, top 94",%0A+   "level 58 at 44, top 94",%0A+   "level 59 at 44, top 94",%0A+   "level 60 at 44, top 94",%0A+   "level 61 at 44, top 94",%0A+   "level 62 at 44, top 94",%0A+   "level 63 at 44, top 94",%0A+   "level 64 at 44, top 94",%0A+   "level 65 at 44, top 94",%0A+   "level 66 at 44, top 94",%0A+   "level 67 at 44, top 94",%0A+   "level 68 at 44, top 94",%0A+   "level 69 at 44, top 94",%0A+   "level 70 at 44, top 94",%0A+   "level 71 at 44, top 94",%0A+   "level 72 at 44, top 94",%0A+   "level 73 at 44, top 94",%0A+   "level 74 at 44, top 94",%0A+   "level 75 at 44, top 94",%0A+   "level 76 at 44, top 94",%0A+   "level 77 at 44, top 94",%0A+   "level 78 at 44, top 94",%0A+   "level 79 at 44, top 94",%0A+   "level 80 at 44, top 94",%0A+   "level 81 at 44, top 94",%0A+   "level 82 at 44, top 94",%0A+   "level 83 at 44, top 94",%0A+   "level 84 at 44, top 94",%0A+   "level 85 at 44, top 94",%0A+   "level 48 at 45, top 94",%0A+   "level 49 at 45, top 94",%0A+   "level 50 at 45, top 94",%0A+   "level 51 at 45, top 94",%0A+   "level 52 at 45, top 94",%0A+   "level 53 at 45, top 94",%0A+   "level 54 at 45, top 94",%0A+   "level 55 at 45, top 94",%0A+   "level 56 at 45, top 94",%0A+   "level 57 at 45, top 94",%0A+   "level 58 at 45, top 94",%0A+   "level 59 at 45, top 94",%0A+   "level 60 at 45, top 94",%0A+   "level 61 at 45, top 94",%0A+   "level 62 at 45, top 94",%0A+   "level 63 at 45, top 94",%0A+   "level 64 at 45, top 94",%0A+   "level 65 at 45, top 94",%0A+   "level 66 at 45, top 94",%0A+   "level 67 at 45, top 94",%0A+   "level 68 at 45, top 94",%0A+   "level 69 at 45, top 94",%0A+   "level 70 at 45, top 94",%0A+   "level 71 at 45, top 94",%0A+   "level 72 at 45, top 94",%0A+   "level 73 at 45, top 94",%0A+   "level 74 at 45, top 94",%0A+   "level 75 at 45, top 94",%0A+   "level 76 at 45, top 94",%0A+   "level 77 at 45, top 94",%0A+   "level 78 at 45, top 94",%0A+   "level 79 at 45, top 94",%0A+   "level 80 at 45, top 94",%0A+   "level 81 at 45, top 94",%0A+   "level 82 at 45, top 94",%0A+   "level 83 at 45, top 94",%0A+   "level 84 at 45, top 94",%0A+   "level 85 at 45, top 94",%0A+ ]%0A%0A ❯ src/test/cmValueCurve.test.ts:394:30%0A%0A

::error file=/home/runner/work/ballpark-hero/ballpark-hero/src/test/cmValueCurve.test.ts,title=src/test/cmValueCurve.test.ts > the typed door the engine will import (src/lib/cmAgeRead.ts) > reads a man through its types the way the engine will,line=1174,column=43::AssertionError: expected [ 85, 85, -2 ] to deeply equal [ 85, 84, -2 ]%0A%0A- Expected%0A+ Received%0A%0A  [%0A    85,%0A-   84,%0A+   85,%0A    -2,%0A  ]%0A%0A ❯ src/test/cmValueCurve.test.ts:1174:43%0A%0A
rev mutation levelstrict = exit 1 (1 the test went red, 3 the mutation did not apply, 0 the test missed it)
